product_id,ProductType,Brand,Material,ProductTitle,Image,prompt_text,hit,rank,retrieved_ids
4481,CHAIR,Rivet,Metal,"Amazon Brand - Rivet Weedin Contemporary Upholstered Dining Chair - Set of 2, 20 x 23 x 33 Inches, Juniper Blue",B07HSF15K2.jpg,"a photo of a Amazon Brand - Rivet Weedin Contemporary Upholstered Dining Chair - Set of 2, 20 x 23 x 33 Inches, Juniper Blue",1,4,4497_img|5151_img|4923_img|5008_img|4481_img|4542_img|4523_img|5185_img|5534_img|4748_img|4912_img|4643_img|4714_img|5064_img|4693_img|5586_img|5204_img|4843_img|5268_img|4721_img
4482,HOME,UMI,Textura,UMI. by Amazon - Cortinas Termicas Aislantes Frio y Calor para Dormitorio Matrimonio Salon Hotel Casa Exterior con Ojales 2 Paneles 168 x 229 cm Negro,B07HSQKVXG.jpg,a photo of a UMI. by Amazon - Cortinas Termicas Aislantes Frio y Calor para Dormitorio Matrimonio Salon Hotel Casa Exterior con Ojales 2 Paneles 168 x 229 cm Negro,1,0,4482_img|5116_img|5200_img|5133_img|4530_img|4624_img|4782_img|4773_img|5268_img|5496_img|4672_img|4868_img|5488_img|5321_img|4899_img|5003_img|5439_img|4758_img|4630_img|5481_img
4483,FINERING,Amazon Collection,metal,"Platinum-Plated Sterling Silver Swarovski Zirconia Green Round-Cut Halo Pendant Necklace, 16""",B01IQU0CY4.jpg,"a photo of a Platinum-Plated Sterling Silver Swarovski Zirconia Green Round-Cut Halo Pendant Necklace, 16""",1,0,4483_img|4878_img|4959_img|5202_img|5473_img|4932_img|5395_img|4903_img|4989_img|4797_img|4547_img|4555_img|4699_img|5150_img|5512_img|4605_img|5237_img|4486_img|5243_img|5055_img
4484,KITCHEN,AmazonBasics,Lin,"AmazonBasics Tapis d'egouttoir - 41 x 48 cm - Beige, lot de 4",B07QKP8PCR.jpg,"a photo of a AmazonBasics Tapis d'egouttoir - 41 x 48 cm - Beige, lot de 4",1,2,4539_img|5168_img|4484_img|5219_img|5468_img|5492_img|4663_img|5153_img|5528_img|5550_img|5218_img|4688_img|5474_img|5010_img|4930_img|4957_img|4750_img|5407_img|4609_img|5124_img
4485,WALL_ART,Rivet,canvas,"Amazon Brand - Rivet Contemporary Print with Gold Leaf Wall Artwork Decor on Canvas - 18 x 24 Inch, Pink and Grey",B07HSGP5RL.jpg,"a photo of a Amazon Brand - Rivet Contemporary Print with Gold Leaf Wall Artwork Decor on Canvas - 18 x 24 Inch, Pink and Grey",1,9,4976_img|4615_img|4809_img|4731_img|5425_img|4551_img|4887_img|5129_img|5100_img|4485_img|5476_img|5443_img|4567_img|5330_img|5430_img|4521_img|4852_img|4985_img|5197_img|5388_img
4486,FINERING,Amazon Collection,metal,"Sterling Silver and 14k Yellow Gold Emerald Cut Created Emerald and Diamond Accent Art Deco-Style Ring, Size 7",B008BSPN46.jpg,"a photo of a Sterling Silver and 14k Yellow Gold Emerald Cut Created Emerald and Diamond Accent Art Deco-Style Ring, Size 7",1,0,4486_img|4822_img|4711_img|4932_img|4670_img|4863_img|5598_img|4787_img|5355_img|5131_img|5445_img|5554_img|5247_img|4618_img|4799_img|5435_img|4878_img|5293_img|4716_img|5576_img
4487,CHAIR,AmazonBasics,"Metal, plywood, PU, foam",AmazonBasics High-Back Executive Swivel Office Desk Chair with Ribbed Puresoft Upholstery - Grey (Renewed),B07W1NKTP8.jpg,a photo of a AmazonBasics High-Back Executive Swivel Office Desk Chair with Ribbed Puresoft Upholstery - Grey (Renewed),1,6,5123_img|4703_img|4968_img|4760_img|4657_img|4964_img|4487_img|4664_img|5031_img|4873_img|5009_img|5258_img|4823_img|5346_img|5166_img|5300_img|5068_img|5064_img|5241_img|4523_img
4488,KITCHEN,Amazon Brand - Solimo,Plastic,Amazon Brand - Solimo 1000-Watt Dry Iron (White and Turquoise),B0721K4S3J.jpg,a photo of a Amazon Brand - Solimo 1000-Watt Dry Iron (White and Turquoise),1,0,4488_img|5469_img|4989_img|5564_img|5502_img|4952_img|4572_img|5008_img|5232_img|4891_img|4605_img|5119_img|4618_img|5406_img|4579_img|4639_img|4958_img|5266_img|4831_img|5205_img
4489,KITCHEN,AmazonBasics,Others,(Renewed) AmazonBasics Stainless Steel Wire Whisk Set (3-Piece),B07WG46C6V.jpg,a photo of a (Renewed) AmazonBasics Stainless Steel Wire Whisk Set (3-Piece),1,0,4489_img|5020_img|4850_img|5470_img|4641_img|4671_img|4774_img|5088_img|5087_img|5440_img|5236_img|4924_img|5547_img|4748_img|5594_img|4524_img|5599_img|5030_img|4737_img|4758_img
4490,HOME,Eono,PPS,[Amazon] Eono() XP 8x42 | ! !,B08C9W2Q1W.jpg,a photo of a [Amazon] Eono() XP 8x42 | ! !,1,0,4490_img|4641_img|5060_img|4671_img|5245_img|5216_img|4644_img|4736_img|5124_img|4522_img|4800_img|5520_img|5599_img|5375_img|5006_img|5082_img|4837_img|5107_img|5543_img|4637_img
4491,KITCHEN,AmazonBasics,Others,(Renewed) AmazonBasics 18-Piece Dinnerware Set - Soft Lines,B07ZXM1B7M.jpg,a photo of a (Renewed) AmazonBasics 18-Piece Dinnerware Set - Soft Lines,1,2,5594_img|4780_img|4491_img|4538_img|5285_img|4781_img|4786_img|5102_img|5147_img|5235_img|4489_img|4843_img|4774_img|5191_img|4662_img|5030_img|5020_img|5513_img|5560_img|5011_img
4492,FINERING,Amazon Collection,Non applicable.,"Bague solitaire en argent sterling plaque platine ou or avec zircons Swarovski,Argent plaque or rose,Size 6",B07359D5M6.jpg,"a photo of a Bague solitaire en argent sterling plaque platine ou or avec zircons Swarovski,Argent plaque or rose,Size 6",1,8,4700_img|5557_img|4885_img|4627_img|5007_img|4897_img|4987_img|5160_img|4492_img|5402_img|5506_img|4683_img|5128_img|4849_img|4694_img|5179_img|5443_img|4857_img|4677_img|5212_img
4493,FINERING,Amazon Collection,No aplica,"Amazon CollectionRose Gold-Plated Sterling Silver Swarovski Zirconia Princess All-Around Ring, Size 7",B07358N2VL.jpg,"a photo of a Amazon CollectionRose Gold-Plated Sterling Silver Swarovski Zirconia Princess All-Around Ring, Size 7",1,1,5506_img|4493_img|4897_img|5007_img|5578_img|4896_img|5319_img|4700_img|5557_img|4847_img|5485_img|5062_img|4601_img|4885_img|5183_img|4687_img|4987_img|4592_img|5128_img|5129_img
4494,FINERING,Amazon Collection,platina - platerade - silver,"Platinum-platerad sterling silver prinsessskuren patiensring gjord med Swarovski-zirkonia (2 cttw), storlek 8",B00FXWARGW.jpg,"a photo of a Platinum-platerad sterling silver prinsessskuren patiensring gjord med Swarovski-zirkonia (2 cttw), storlek 8",0,-1,4729_img|4592_img|4896_img|5498_img|5183_img|4601_img|5206_img|5450_img|4697_img|4932_img|4945_img|4863_img|4486_img|4875_img|4483_img|5319_img|5131_img|4874_img|5292_img|4959_img
4495,HOME_BED_AND_BATH,Pinzon by Amazon,100% cotton,"Pinzon Hemstitch 400TC Egyptian Cotton Sateen Fitted Sheets, Smokey Blue 175 x 190 x 40 cm",B00MPODHOA.jpg,"a photo of a Pinzon Hemstitch 400TC Egyptian Cotton Sateen Fitted Sheets, Smokey Blue 175 x 190 x 40 cm",1,0,4495_img|4835_img|5502_img|4942_img|4962_img|5595_img|5310_img|4772_img|4831_img|5321_img|4993_img|5286_img|4856_img|4874_img|5572_img|4871_img|4697_img|5175_img|4572_img|5469_img
4496,CELLULAR_PHONE_CASE,Amazon Brand - Solimo,Canvas,Amazon Brand - Solimo Designer Pick up 3D Printed Hard Back Case Mobile Cover for Micromax Canvas Selfie Lens Q345,B07T2541LB.jpg,a photo of a Amazon Brand - Solimo Designer Pick up 3D Printed Hard Back Case Mobile Cover for Micromax Canvas Selfie Lens Q345,0,-1,5177_img|4769_img|4634_img|4691_img|4947_img|5334_img|4972_img|4883_img|4645_img|4927_img|5029_img|5230_img|4528_img|5481_img|5500_img|5098_img|4743_img|4975_img|4919_img|4775_img
4497,CHAIR,Stone & Beam,Hardwood legs and frame; Cotton fabric,"Amazon Brand - Stone & Beam Alaina Upholstered Dining Room Kitchen Chairs, 20""W, Set of 2, Navy Blue",B07B78M186.jpg,"a photo of a Amazon Brand - Stone & Beam Alaina Upholstered Dining Room Kitchen Chairs, 20""W, Set of 2, Navy Blue",1,0,4497_img|4542_img|5185_img|4748_img|4886_img|5146_img|4923_img|5151_img|5552_img|4714_img|4912_img|5358_img|4874_img|5403_img|4643_img|4481_img|4843_img|5102_img|5186_img|5093_img
4498,WALL_ART,Rivet,paper,"Amazon Brand - Rivet Black and White Blueprint of London Underground, Black Frame, 17"" x 12""",B073P13J3N.jpg,"a photo of a Amazon Brand - Rivet Black and White Blueprint of London Underground, Black Frame, 17"" x 12""",1,0,4498_img|4635_img|5377_img|4630_img|5003_img|4624_img|4570_img|5162_img|4707_img|4682_img|5250_img|5092_img|4867_img|4501_img|4805_img|4759_img|4763_img|5142_img|5289_img|4541_img
4499,HOME_BED_AND_BATH,AmazonBasics,Tessuto,"AmazonBasics - Tenda Termica Isolante Oscurante con 2 fermatenda, 1 pannello, 135 x 244 cm - Blu navy",B01DFDR1HI.jpg,"a photo of a AmazonBasics - Tenda Termica Isolante Oscurante con 2 fermatenda, 1 pannello, 135 x 244 cm - Blu navy",1,0,4499_img|4667_img|4666_img|4831_img|5201_img|4548_img|4813_img|4880_img|5564_img|4689_img|5008_img|4723_img|4706_img|4680_img|4804_img|4745_img|4928_img|5514_img|5326_img|4993_img
4500,KITCHEN,Amazon Brand - Solimo,Stainless Steel,"Amazon Brand - Solimo Tri-ply Stainless Steel Induction Base Sauce Pan with Steel lid (14cm, 1L)",B08BVMGP93.jpg,"a photo of a Amazon Brand - Solimo Tri-ply Stainless Steel Induction Base Sauce Pan with Steel lid (14cm, 1L)",1,2,4611_img|4821_img|4500_img|5518_img|4543_img|5030_img|5323_img|4754_img|4553_img|5393_img|5021_img|5071_img|4661_img|4892_img|4869_img|4958_img|4725_img|5437_img|5358_img|4835_img
4501,WALL_ART,Rivet,Paper,"Amazon Brand - Rivet Modern Black and White Floating Woman Photo Print Framed Wall Art Decor - 18 x 22 Inch Frame, Silver",B075YSPG2K.jpg,"a photo of a Amazon Brand - Rivet Modern Black and White Floating Woman Photo Print Framed Wall Art Decor - 18 x 22 Inch Frame, Silver",1,1,4744_img|4501_img|4805_img|4635_img|4630_img|5003_img|5328_img|4541_img|5100_img|5377_img|4624_img|4759_img|5436_img|5159_img|5257_img|4983_img|4770_img|4763_img|4972_img|5563_img
4502,HOME_BED_AND_BATH,AmazonBasics,"80% Polyester, 20% Cotton","AmazonBasics Hypoallergenic Quilted Mattress Pad, 18"" Deep, Cal-King (Renewed)",B07S8GBN6J.jpg,"a photo of a AmazonBasics Hypoallergenic Quilted Mattress Pad, 18"" Deep, Cal-King (Renewed)",1,0,4502_img|4997_img|5455_img|5233_img|5144_img|5058_img|4626_img|5326_img|4957_img|4712_img|4898_img|4650_img|4915_img|5380_img|5569_img|5591_img|5406_img|5359_img|5270_img|5419_img
4503,RUG,Stone & Beam,wool,"Amazon Brand - Stone & Beam Modern Textured Pattern Farmhouse Wool Area Rug, 8 x 10 Foot, Aqua",B071J4VYJL.jpg,"a photo of a Amazon Brand - Stone & Beam Modern Textured Pattern Farmhouse Wool Area Rug, 8 x 10 Foot, Aqua",0,-1,4901_img|4605_img|5119_img|4579_img|4952_img|4618_img|5070_img|4717_img|5406_img|4891_img|5469_img|4721_img|5051_img|4978_img|5503_img|5365_img|5237_img|5265_img|4569_img|5400_img
4504,SHOES,Flavia,Polyurethane,Flavia Women's Gold Fashion Slippers-7 UK (39 EU) (8 US) (FL/203/GLD),B07XRYM9C2.jpg,a photo of a Flavia Women's Gold Fashion Slippers-7 UK (39 EU) (8 US) (FL/203/GLD),1,0,4504_img|5457_img|5546_img|5431_img|5463_img|4882_img|5584_img|5539_img|4647_img|5105_img|5324_img|5293_img|5579_img|5035_img|5264_img|5048_img|5590_img|4944_img|5036_img|5405_img
4505,TABLE,AmazonBasics,Bois,"Movian Semme - Buffet, 120 x 40 x 85,5 cm, Marron",B07RMYWYN9.jpg,"a photo of a Movian Semme - Buffet, 120 x 40 x 85,5 cm, Marron",0,-1,4746_img|5282_img|5019_img|4646_img|5205_img|4678_img|5372_img|4587_img|4761_img|4917_img|5068_img|5396_img|4990_img|5424_img|4858_img|5344_img|5057_img|5320_img|4756_img|5329_img
4506,KITCHEN,AmazonBasics,plastic,"AmazonBasics 3 Compartment Meal Prep Containers - BPA Free, Microwave/Dishwasher/Freezer Safe, 36 ounces, 20-Pack",B07VM19MD8.jpg,"a photo of a AmazonBasics 3 Compartment Meal Prep Containers - BPA Free, Microwave/Dishwasher/Freezer Safe, 36 ounces, 20-Pack",1,0,4506_img|4778_img|5014_img|5456_img|4781_img|5005_img|4734_img|5235_img|4491_img|5532_img|5285_img|5253_img|4921_img|4786_img|5594_img|5480_img|5575_img|5560_img|5102_img|4745_img
4507,SOFA,Rivet,"Polyester fabric, sturdy hardwood frame and solid beech wood legs","Amazon Brand - Rivet Revolve Modern Upholstered Sofa Bed, 70""W, Denim Blue",B072C8Q9S8.jpg,"a photo of a Amazon Brand - Rivet Revolve Modern Upholstered Sofa Bed, 70""W, Denim Blue",1,0,4507_img|4796_img|5137_img|4636_img|5178_img|4806_img|4606_img|5146_img|5514_img|4666_img|5299_img|4548_img|5383_img|5284_img|5336_img|4756_img|4914_img|5572_img|4765_img|5365_img
4508,FINEEARRING,Amazon Collection,metal,"Certified 14k White Gold Diamond with Screw Back and Post Stud Earrings (3/4cttw, J-K Color, I1-I2 Clarity)",B01LXO2VLD.jpg,"a photo of a Certified 14k White Gold Diamond with Screw Back and Post Stud Earrings (3/4cttw, J-K Color, I1-I2 Clarity)",1,4,5452_img|5044_img|4818_img|4675_img|4508_img|5597_img|4697_img|5292_img|5440_img|4754_img|4850_img|4816_img|5307_img|4891_img|5073_img|5493_img|5371_img|4758_img|4931_img|4692_img
4509,HOME,Pinzon by Amazon,saten,"Pinzon Hotel Stitch 400-thread-count (saten de algodon Egipcio Almohada Sham, Verde Salvia, Estandar, 1",B000RGWFFA.jpg,"a photo of a Pinzon Hotel Stitch 400-thread-count (saten de algodon Egipcio Almohada Sham, Verde Salvia, Estandar, 1",1,1,5243_img|4509_img|4848_img|5002_img|4878_img|4800_img|5554_img|4483_img|4959_img|4547_img|4903_img|5276_img|4838_img|4711_img|4605_img|4863_img|5361_img|4787_img|5355_img|4745_img
4510,SOFA,Movian,polyester,"Ett marke fran Amazon - Movian Lina - 2,5-sits soffa, 82 x 184 x 82 cm (L x B x H) 2,5-sits soffa 82 x 184 x 82 cm (L x B x H) Blassrosa, svart traben",B07VMLDRB7.jpg,"a photo of a Ett marke fran Amazon - Movian Lina - 2,5-sits soffa, 82 x 184 x 82 cm (L x B x H) 2,5-sits soffa 82 x 184 x 82 cm (L x B x H) Blassrosa, svart traben",1,0,4510_img|5072_img|5490_img|5296_img|4868_img|4855_img|5344_img|5515_img|5381_img|5428_img|5244_img|5240_img|5178_img|5568_img|4756_img|5332_img|4623_img|4617_img|4768_img|5064_img
4511,SHOES,Flavia,Cotton,Flavia Women's Running Shoes (36 EU) (5 US) (F/HD00371/PNKGRY_Pink/Grey_4 UK),B07YSPSXCM.jpg,a photo of a Flavia Women's Running Shoes (36 EU) (5 US) (F/HD00371/PNKGRY_Pink/Grey_4 UK),1,0,4511_img|5430_img|4833_img|5312_img|5487_img|5590_img|5370_img|5387_img|5140_img|4824_img|5420_img|4653_img|5431_img|5457_img|5402_img|4546_img|5259_img|4847_img|5264_img|4909_img
4512,HOME,Pinzon by Amazon,Poliester,"Pinzon Cortinas Opacas, Juego de 2",B00DDOOL8C.jpg,"a photo of a Pinzon Cortinas Opacas, Juego de 2",0,-1,5568_img|4524_img|4748_img|5440_img|5352_img|5547_img|4622_img|4922_img|5306_img|5141_img|4671_img|4850_img|5236_img|5200_img|4773_img|5088_img|5385_img|5113_img|5020_img|5447_img
4513,TABLE,Amazon Brand - Solimo,Wood,Amazon Brand - Solimo Xena Solid Wood Console Table (Cocoa Finish),B07PMS5D2D.jpg,a photo of a Amazon Brand - Solimo Xena Solid Wood Console Table (Cocoa Finish),1,1,5186_img|4513_img|5368_img|5152_img|4977_img|5032_img|5080_img|4907_img|5255_img|5416_img|5451_img|4940_img|4758_img|5053_img|4588_img|5013_img|5568_img|5067_img|5306_img|5329_img
4514,CELLULAR_PHONE_CASE,Amazon Brand - Solimo,Wood,Amazon Brand - Solimo Designer Star Impression On Wood 3D Printed Hard Back Case Mobile Cover for Vivo Y27L,B07TF1D96M.jpg,a photo of a Amazon Brand - Solimo Designer Star Impression On Wood 3D Printed Hard Back Case Mobile Cover for Vivo Y27L,1,0,4514_img|4496_img|4877_img|5548_img|4634_img|5230_img|5541_img|4743_img|4721_img|4584_img|4941_img|4798_img|5013_img|4578_img|4883_img|5101_img|5339_img|5500_img|5122_img|4645_img
4515,FINERING,Amazon Collection,metal,"Sterling Silver Diamond Accent Band Ring, Size 6",B0060RP5A2.jpg,"a photo of a Sterling Silver Diamond Accent Band Ring, Size 6",1,5,5533_img|5581_img|5444_img|4710_img|5363_img|4515_img|4716_img|5543_img|5558_img|4738_img|5213_img|5593_img|5132_img|5297_img|4799_img|4753_img|5128_img|5160_img|4842_img|4742_img
4516,HOME_FURNITURE_AND_DECOR,Amazon Brand - Solimo,Plastic,"Amazon Brand - Solimo 1-Door Foldable Wardrobe, 4 Racks, Beige",B07QXKC3TM.jpg,"a photo of a Amazon Brand - Solimo 1-Door Foldable Wardrobe, 4 Racks, Beige",1,6,5149_img|5460_img|4925_img|5582_img|4733_img|5092_img|4516_img|4560_img|5057_img|4917_img|5484_img|5282_img|5126_img|5325_img|5320_img|4761_img|5306_img|4851_img|4588_img|5113_img
4517,WALL_ART,Rivet,Wood,"Amazon Brand - Rivet Watercolor Green Leaf Print Wall Art in a White Wood Frame, 20"" x 20""",B073P511YV.jpg,"a photo of a Amazon Brand - Rivet Watercolor Green Leaf Print Wall Art in a White Wood Frame, 20"" x 20""",1,0,4517_img|5277_img|5536_img|5328_img|5331_img|4959_img|4863_img|5382_img|5598_img|4501_img|4805_img|5435_img|5421_img|4555_img|4983_img|4903_img|5197_img|4913_img|4787_img|5355_img
4518,HOME_FURNITURE_AND_DECOR,Stone & Beam,velvet,"Amazon Brand - Stone & Beam Leila Velvet Tufted Sofa, 69""W, Navy Blue",B075X4VR52.jpg,"a photo of a Amazon Brand - Stone & Beam Leila Velvet Tufted Sofa, 69""W, Navy Blue",1,0,4518_img|4914_img|4796_img|4636_img|4886_img|4993_img|5239_img|5439_img|5220_img|5146_img|4681_img|5284_img|5514_img|4802_img|4717_img|4666_img|5093_img|5314_img|5137_img|5348_img
4519,FINENECKLACEBRACELETANKLET,Amazon Collection,Metal,"Sterling Silver and 14k Yellow Gold Citrine and Diamond-Accent Tear Drop Pendant Necklace, 18""",B005GT0GCM.jpg,"a photo of a Sterling Silver and 14k Yellow Gold Citrine and Diamond-Accent Tear Drop Pendant Necklace, 18""",1,0,4519_img|5434_img|4574_img|5482_img|4810_img|5535_img|5165_img|4938_img|5291_img|5537_img|4908_img|4785_img|5172_img|5041_img|4728_img|5519_img|5081_img|4547_img|5286_img|5295_img
4520,FINENECKLACEBRACELETANKLET,Amazon Collection,Fine-other-material,"ellie byrd 10k Gold Two Tone Initial ""G"" Disc Necklace, 18""",B01LYW929B.jpg,"a photo of a ellie byrd 10k Gold Two Tone Initial ""G"" Disc Necklace, 18""",1,3,5187_img|4979_img|4893_img|4520_img|4574_img|5214_img|4658_img|5167_img|4638_img|4881_img|5150_img|4841_img|4661_img|5113_img|4785_img|4519_img|4788_img|5434_img|4938_img|5291_img
4521,HOME,Pinzon by Amazon,Polyester,"Pike Street Microfiber Reversible Down Alternative Twin Extra-Long Comforter Set, Pink/Lilac",B002CQV4G4.jpg,"a photo of a Pike Street Microfiber Reversible Down Alternative Twin Extra-Long Comforter Set, Pink/Lilac",1,0,4521_img|5317_img|5215_img|5426_img|4928_img|4736_img|5296_img|5591_img|5522_img|5479_img|5242_img|5095_img|4792_img|5442_img|5455_img|4813_img|4666_img|4680_img|5590_img|5144_img
4522,HOME,UMI,Chenille,"UMI Chenille Microfiber Bath Rug Floor mat for Spa Vanity Shower Super Soft Machine Washable for Bathroom/Kitchen Water Absorbent Anti-Skid Bedroom Area Rugs (21"" x 34"", White and Navy)",B08FDVHZ5Q.jpg,"a photo of a UMI Chenille Microfiber Bath Rug Floor mat for Spa Vanity Shower Super Soft Machine Washable for Bathroom/Kitchen Water Absorbent Anti-Skid Bedroom Area Rugs (21"" x 34"", White and Navy)",0,-1,4992_img|5359_img|4915_img|5380_img|4952_img|5365_img|5570_img|5462_img|4706_img|5389_img|5249_img|4972_img|5572_img|4973_img|4563_img|5162_img|5531_img|4953_img|4717_img|5218_img
4523,CHAIR,Movian,plastic,"Amazon Brand - Movian Arendsee Set of 2 Dining Chairs, 55 x 48.5 x 85 cm, Grey",B07QTD914H.jpg,"a photo of a Amazon Brand - Movian Arendsee Set of 2 Dining Chairs, 55 x 48.5 x 85 cm, Grey",1,0,4523_img|4773_img|5064_img|5268_img|4481_img|5586_img|5534_img|4755_img|4497_img|5072_img|5490_img|4714_img|5241_img|5123_img|4748_img|4586_img|4969_img|4587_img|5298_img|5010_img
4524,CHAIR,Strathwood by Amazon.com,Wicker,"Strathwood Camano All-Weather Wicker Bar Chair with Teak Arm Rests, Set of 2",B000W7DYJU.jpg,"a photo of a Strathwood Camano All-Weather Wicker Bar Chair with Teak Arm Rests, Set of 2",1,3,4748_img|5185_img|5407_img|4524_img|4956_img|4585_img|4542_img|5281_img|4647_img|4718_img|4880_img|5528_img|4817_img|4628_img|5555_img|4776_img|5547_img|5306_img|4708_img|5412_img
4525,HOME_FURNITURE_AND_DECOR,Pinzon by Amazon,Wolle,"Pinzon Badteppich Sketchy Floral Wolle - Handgetuftet Teppich, 5x8",B001LF4I7E.jpg,"a photo of a Pinzon Badteppich Sketchy Floral Wolle - Handgetuftet Teppich, 5x8",1,1,5054_img|4525_img|5207_img|5428_img|5296_img|4884_img|4522_img|5041_img|5425_img|5288_img|5240_img|4617_img|5446_img|5322_img|5104_img|5330_img|5194_img|4809_img|5058_img|5311_img
4526,KITCHEN,AmazonBasics,Cast Iron,"AmazonBasics Pre-Seasoned Cast Iron 5-Piece Kitchen Cookware Set, Pots and Pans (Renewed)",B07VYS44D3.jpg,"a photo of a AmazonBasics Pre-Seasoned Cast Iron 5-Piece Kitchen Cookware Set, Pots and Pans (Renewed)",1,0,4526_img|5552_img|5358_img|4791_img|5285_img|5513_img|4563_img|5585_img|4773_img|4781_img|5147_img|5560_img|5107_img|4786_img|4506_img|4911_img|4725_img|5235_img|5594_img|5020_img
4527,HOME,UMI,cotton-blend,"UMI Brushed Cotton Blended Duvet Cover Set, Pure White, King",B07T2D2G82.jpg,"a photo of a UMI Brushed Cotton Blended Duvet Cover Set, Pure White, King",1,2,5426_img|4961_img|4527_img|4782_img|5442_img|5569_img|5522_img|5144_img|5233_img|5249_img|4795_img|5530_img|5316_img|5567_img|4781_img|5034_img|5061_img|4555_img|5242_img|4770_img
4528,CELLULAR_PHONE_CASE,Amazon Brand - Solimo,Silicone,Amazon Brand - Solimo Designer Printed Mobile Cover (Soft & Flexible Back case) for OnePlus 7 Pro (D1063),B07SH23YWQ.jpg,a photo of a Amazon Brand - Solimo Designer Printed Mobile Cover (Soft & Flexible Back case) for OnePlus 7 Pro (D1063),1,13,4691_img|4645_img|5481_img|4947_img|4883_img|4927_img|5029_img|4769_img|5334_img|5230_img|5025_img|4972_img|5122_img|4528_img|5500_img|5177_img|5262_img|4939_img|4722_img|5111_img
4529,SOFA,Stone & Beam,stone,"Amazon Brand - Stone & Beam Andover Modern Sofa Couch, 78""W, Sand",B07B4M4HDS.jpg,"a photo of a Amazon Brand - Stone & Beam Andover Modern Sofa Couch, 78""W, Sand",1,1,4686_img|4529_img|5459_img|4616_img|5226_img|4636_img|5491_img|5252_img|5489_img|4678_img|4832_img|5555_img|4599_img|4866_img|4516_img|4950_img|4732_img|5083_img|4583_img|5505_img
4530,HOME,Amazon Brand - Solimo,Fabric,"Amazon Brand - Solimo Over the Door Shoe Organiser, 24 Pockets, Black",B07YGC3ZCW.jpg,"a photo of a Amazon Brand - Solimo Over the Door Shoe Organiser, 24 Pockets, Black",1,3,5092_img|5496_img|5398_img|4530_img|4685_img|5488_img|5375_img|5057_img|5003_img|4751_img|5460_img|4925_img|5588_img|4552_img|5103_img|5372_img|4761_img|5080_img|5294_img|5047_img
4531,CHAIR,Ravenna Home,Faux Leather,"Amazon Brand - Ravenna Home Goodwin Faux Leather Tufted Wingback Club Accent Chair, 33""W, Brown",B07DBGPV4C.jpg,"a photo of a Amazon Brand - Ravenna Home Goodwin Faux Leather Tufted Wingback Club Accent Chair, 33""W, Brown",1,1,4980_img|4531_img|4814_img|5037_img|4650_img|5120_img|4969_img|5346_img|5133_img|5211_img|4839_img|5366_img|4622_img|4749_img|5306_img|5351_img|5356_img|5416_img|5121_img|4798_img
4532,SOFA,Alkove,Tissu,"Marque Amazon - Alkove Elvas - Petit module repose-pieds pour canape modulaire, 48 x 93 cm, Vert citron",B07SFXGSFN.jpg,"a photo of a Marque Amazon - Alkove Elvas - Petit module repose-pieds pour canape modulaire, 48 x 93 cm, Vert citron",1,0,4532_img|5399_img|5433_img|4559_img|4775_img|4787_img|5355_img|5247_img|4902_img|4776_img|5376_img|4903_img|4617_img|4956_img|4838_img|5598_img|4652_img|4751_img|4855_img|5554_img
4533,WALL_ART,Rivet,paper,"Amazon Brand - Rivet Mid Century Modern Marbled Abstract Geode II Print Framed Wall Art Decor - 19"" x 23"" Frame, Cool Wood-Tone",B075YNL763.jpg,"a photo of a Amazon Brand - Rivet Mid Century Modern Marbled Abstract Geode II Print Framed Wall Art Decor - 19"" x 23"" Frame, Cool Wood-Tone",1,0,4533_img|4759_img|4621_img|5117_img|4996_img|4983_img|5197_img|4501_img|4805_img|5225_img|5003_img|5331_img|5159_img|5382_img|4600_img|4567_img|4517_img|4904_img|5100_img|5476_img
4534,RUG,Rivet,wool,"Amazon Brand - Rivet Modern Geometric Triangle Wool Area Rug, 8 x 10 Foot, Blue Ivory",B0732HXZQW.jpg,"a photo of a Amazon Brand - Rivet Modern Geometric Triangle Wool Area Rug, 8 x 10 Foot, Blue Ivory",0,-1,5227_img|4721_img|5265_img|5010_img|4713_img|5261_img|4957_img|4717_img|4930_img|4548_img|5232_img|5464_img|4937_img|4549_img|5015_img|5415_img|5406_img|5096_img|5365_img|5333_img
4535,HOME_FURNITURE_AND_DECOR,Movian,Legno,"Marchio Amazon - Movian Lijoki - Mobile TV, 185 x 31 x 42 cm (L x P x A), colore bianco",B07S24M5RK.jpg,"a photo of a Marchio Amazon - Movian Lijoki - Mobile TV, 185 x 31 x 42 cm (L x P x A), colore bianco",1,0,4535_img|5263_img|5023_img|5484_img|5582_img|5106_img|5205_img|5282_img|4674_img|4761_img|4917_img|5068_img|5316_img|5471_img|4801_img|5189_img|5320_img|5432_img|4756_img|4505_img
4536,FINERING,Amazon Collection,Metal,"Platinum-Plated Sterling Silver Round-Cut 5-Stone Ring made with Swarovski Zirconia (1.25 cttw), Size 7",B00FXWATW4.jpg,"a photo of a Platinum-Plated Sterling Silver Round-Cut 5-Stone Ring made with Swarovski Zirconia (1.25 cttw), Size 7",1,0,4536_img|5409_img|4738_img|5213_img|5040_img|4649_img|4515_img|4963_img|5059_img|5132_img|5297_img|4683_img|4845_img|4627_img|5444_img|5438_img|5558_img|5074_img|4710_img|4910_img
4537,CELLULAR_PHONE_CASE,Amazon Brand - Solimo,Silicon,Amazon Brand - Solimo Designer Dark Night View UV Printed Soft Back Case Mobile Cover for Comio P1 4G,B0853X16VB.jpg,a photo of a Amazon Brand - Solimo Designer Dark Night View UV Printed Soft Back Case Mobile Cover for Comio P1 4G,1,1,4589_img|4537_img|5085_img|5230_img|4540_img|5334_img|5029_img|5339_img|4941_img|4877_img|5101_img|4763_img|4645_img|4496_img|4988_img|4883_img|4951_img|5548_img|5561_img|4634_img
4538,KITCHEN,AmazonBasics,Others,"(Renewed) AmazonBasics 18-Piece Dinnerware Set - Cottage, Service for 6",B082VYF222.jpg,"a photo of a (Renewed) AmazonBasics 18-Piece Dinnerware Set - Cottage, Service for 6",1,3,5594_img|4780_img|4491_img|4538_img|5285_img|4781_img|4786_img|5147_img|4843_img|5102_img|5235_img|4774_img|5191_img|5020_img|5560_img|4489_img|4662_img|5367_img|4526_img|5470_img
4539,CHAIR,Strathwood by Amazon.com,Aluminum,"Strathwood Grand Isle Swivel Rocker Dining Chair, Set of 2",B002KMI94U.jpg,"a photo of a Strathwood Grand Isle Swivel Rocker Dining Chair, Set of 2",0,-1,4748_img|4542_img|4524_img|5185_img|4924_img|4714_img|5440_img|4595_img|5385_img|5378_img|4586_img|4587_img|5567_img|5248_img|4980_img|4954_img|4481_img|5323_img|4497_img|4926_img
4540,CELLULAR_PHONE_CASE,Amazon Brand - Solimo,Canvas,Amazon Brand - Solimo Designer White Peacock Rangoli 3D Printed Hard Back Case Mobile Cover for Micromax Canvas Juice 3Plus Q394,B07T9TKV63.jpg,a photo of a Amazon Brand - Solimo Designer White Peacock Rangoli 3D Printed Hard Back Case Mobile Cover for Micromax Canvas Juice 3Plus Q394,1,3,4639_img|4603_img|5499_img|4540_img|4618_img|5369_img|5237_img|5293_img|5445_img|4483_img|4919_img|4580_img|4775_img|5331_img|4932_img|5262_img|5561_img|4959_img|4989_img|4604_img
4541,WALL_ART,Rivet,Paper,"Amazon Brand - Rivet Under The Pier Black and White Photo Wall Art in Silver Frame, 15"" x 13""",B073NZWZ5F.jpg,"a photo of a Amazon Brand - Rivet Under The Pier Black and White Photo Wall Art in Silver Frame, 15"" x 13""",1,0,4541_img|4920_img|4630_img|5563_img|4624_img|4635_img|4501_img|4805_img|5377_img|5003_img|5250_img|5413_img|5328_img|4904_img|4498_img|5126_img|4763_img|4682_img|4918_img|5436_img
4542,CHAIR,Alkove,Haya,Alkove - Hayes - Set de 2 sillas de madera maciza con asiento tapizado (haya lacada),B07K7K7GLP.jpg,a photo of a Alkove - Hayes - Set de 2 sillas de madera maciza con asiento tapizado (haya lacada),1,1,5185_img|4542_img|4748_img|4524_img|5113_img|5470_img|4643_img|5208_img|4497_img|5088_img|5341_img|5268_img|4560_img|5323_img|5440_img|4587_img|5408_img|4954_img|4844_img|4773_img
4543,KITCHEN,Amazon Brand - Solimo,Stainless Steel,Amazon Brand - Solimo Tri-ply Stainless Steel Induction Base Tope with Steel lid (1.6L),B08BVMXRZL.jpg,a photo of a Amazon Brand - Solimo Tri-ply Stainless Steel Induction Base Tope with Steel lid (1.6L),1,1,5518_img|4543_img|4611_img|4500_img|4821_img|5323_img|5030_img|4869_img|5096_img|5520_img|4661_img|4553_img|5437_img|4754_img|4669_img|4966_img|5169_img|4788_img|4712_img|5071_img
4544,TABLE,Alkove,Wild oak and metal,"Amazon Brand - Alkove Hayes Solid Wood 2-Drawer Coffee Table with additional Storage Compartments, 110 x 70 x 44cm, Wild Oak/Metal Base",B07SMJY25Q.jpg,"a photo of a Amazon Brand - Alkove Hayes Solid Wood 2-Drawer Coffee Table with additional Storage Compartments, 110 x 70 x 44cm, Wild Oak/Metal Base",1,0,4544_img|4602_img|4646_img|5401_img|4974_img|5486_img|4862_img|4907_img|5345_img|5184_img|5080_img|4652_img|5181_img|5396_img|4636_img|4611_img|5391_img|5094_img|5057_img|4686_img
4545,TABLE,Stone & Beam,wood,"Amazon Brand - Stone & Beam Creston Modern Expandable Wood Dining Kitchen Table, Round, 72""W, Oak",B07B78G4Q8.jpg,"a photo of a Amazon Brand - Stone & Beam Creston Modern Expandable Wood Dining Kitchen Table, Round, 72""W, Oak",1,4,5013_img|5053_img|5541_img|5600_img|4545_img|4834_img|5422_img|4718_img|5396_img|5170_img|5358_img|5285_img|4542_img|5525_img|4725_img|5191_img|4836_img|5486_img|4780_img|5192_img
4546,SHOES,Bourge,Mesh,Bourge Men's Loire-164 Red Running Shoes-9 UK (43 EU) (10 US) (Loire-164-09),B081QLW13F.jpg,a photo of a Bourge Men's Loire-164 Red Running Shoes-9 UK (43 EU) (10 US) (Loire-164-09),1,0,4546_img|5475_img|4833_img|5487_img|5143_img|5259_img|4879_img|4565_img|5140_img|5420_img|5312_img|5458_img|4511_img|5308_img|5384_img|5537_img|5121_img|4802_img|4820_img|4990_img
4547,FINENECKLACEBRACELETANKLET,Amazon Collection,metal,Amazon CollectionSterling Silver Cushion Checkerboard Cut Peridot Pendant Necklace (6mm),B00UYGOF9M.jpg,a photo of a Amazon CollectionSterling Silver Cushion Checkerboard Cut Peridot Pendant Necklace (6mm),1,0,4547_img|5512_img|4878_img|4903_img|5172_img|4959_img|5303_img|5247_img|5154_img|4519_img|5554_img|4532_img|4787_img|5355_img|5090_img|5598_img|5266_img|4690_img|4838_img|4573_img
4548,HOME_FURNITURE_AND_DECOR,AmazonBasics,Metal,"AmazonBasics Litera de metal resistente, de doble resistencia, facil de montar con barandilla de nivel superior mejorada, color blanco",B081HM4FPM.jpg,"a photo of a AmazonBasics Litera de metal resistente, de doble resistencia, facil de montar con barandilla de nivel superior mejorada, color blanco",0,-1,4865_img|5021_img|4754_img|4958_img|4586_img|5393_img|4821_img|5440_img|4535_img|4924_img|4487_img|4801_img|5088_img|4850_img|5534_img|5586_img|4671_img|5493_img|5533_img|5378_img
4549,HOME_FURNITURE_AND_DECOR,Stone & Beam,wool,"Amazon Brand - Stone & Beam Floral Wool Area Rug, 8 x 10 Foot, Blue",B07B4SMR82.jpg,"a photo of a Amazon Brand - Stone & Beam Floral Wool Area Rug, 8 x 10 Foot, Blue",0,-1,5400_img|4704_img|5051_img|4569_img|5571_img|5596_img|4676_img|4717_img|5510_img|5237_img|5336_img|4605_img|5342_img|4901_img|5322_img|5572_img|5207_img|5503_img|5465_img|4843_img
4550,HOME_FURNITURE_AND_DECOR,Stone & Beam,wood,"Amazon Brand - Stone & Beam Hillman Mid-Century Loveseat Sofa with Wood Base and Legs, 62""W, Fog Gray",B07QBMQPNX.jpg,"a photo of a Amazon Brand - Stone & Beam Hillman Mid-Century Loveseat Sofa with Wood Base and Legs, 62""W, Fog Gray",1,1,4948_img|4550_img|5226_img|5483_img|4599_img|4830_img|5383_img|4832_img|5299_img|4529_img|4768_img|4507_img|4608_img|5459_img|4950_img|4594_img|4695_img|5241_img|5495_img|5252_img
4551,WALL_ART,Stone & Beam,canvas,"Amazon Brand - Stone & Beam Abstract Grey and Gold Print on Canvas Wall Art, 43"" x 43""",B073NZT5CF.jpg,"a photo of a Amazon Brand - Stone & Beam Abstract Grey and Gold Print on Canvas Wall Art, 43"" x 43""",1,0,4551_img|4976_img|4615_img|4485_img|4985_img|4741_img|5330_img|4852_img|5517_img|5491_img|4631_img|4918_img|5397_img|4944_img|5036_img|5405_img|5252_img|5290_img|5275_img|4645_img
4552,TABLE,Ravenna Home,Solid pine,"Amazon Brand - Ravenna Home Anne Marie Wood Curved Leg Shelf Storage Side End Table, 20""W, Black",B07F3XLTRH.jpg,"a photo of a Amazon Brand - Ravenna Home Anne Marie Wood Curved Leg Shelf Storage Side End Table, 20""W, Black",1,0,4552_img|4726_img|5398_img|5488_img|5526_img|5575_img|5186_img|5496_img|5092_img|4935_img|4685_img|5133_img|4482_img|5327_img|5451_img|4737_img|5255_img|5351_img|4620_img|5115_img
4553,KITCHEN,AmazonBasics,Plastique,"AmazonBasics Bouilloire Electrique de 1,5 L en Acier Brosse Inoxydable",B013R5UH2U.jpg,"a photo of a AmazonBasics Bouilloire Electrique de 1,5 L en Acier Brosse Inoxydable",0,-1,4488_img|5266_img|4958_img|5021_img|4823_img|4865_img|5467_img|4751_img|5393_img|5154_img|4962_img|4734_img|4821_img|4939_img|4984_img|4657_img|4849_img|4869_img|5269_img|5087_img
4554,CELLULAR_PHONE_CASE,Amazon Brand - Solimo,Silicon,Amazon Brand - Solimo Designer Funny Cat Pattern Print UV Printed Soft Back Case Mobile Cover for Infocus M370i,B0856BBYCN.jpg,a photo of a Amazon Brand - Solimo Designer Funny Cat Pattern Print UV Printed Soft Back Case Mobile Cover for Infocus M370i,1,0,4554_img|5000_img|4900_img|4951_img|5472_img|4607_img|4540_img|4994_img|5477_img|4603_img|4654_img|5561_img|4913_img|4580_img|4537_img|4647_img|5461_img|4975_img|5098_img|5207_img
4555,RUG,Stone & Beam,polyester,"Amazon Brand - Stone & Beam Polyester Rug, 5' x 8', Light Green, Dark Green, White",B07HSHKL7Z.jpg,"a photo of a Amazon Brand - Stone & Beam Polyester Rug, 5' x 8', Light Green, Dark Green, White",1,0,4555_img|4605_img|5260_img|5501_img|5119_img|4579_img|5237_img|5554_img|5342_img|4699_img|5156_img|4517_img|5454_img|4770_img|5127_img|5051_img|5277_img|5034_img|4863_img|4777_img
4556,FINEEARRING,Amazon Collection,No aplica,"Amazon Collectionarete colgantes de plata de ley con piedra preciosa autAntica y creada, tres piedras natalicias, Plateado",B073S8423M.jpg,"a photo of a Amazon Collectionarete colgantes de plata de ley con piedra preciosa autAntica y creada, tres piedras natalicias, Plateado",0,-1,5248_img|4483_img|5567_img|4963_img|5395_img|5307_img|5422_img|4694_img|5101_img|4703_img|4932_img|5378_img|4683_img|4959_img|4692_img|5202_img|4924_img|4545_img|5356_img|5196_img
4557,FINEEARRING,Amazon Collection,not-applicable,10k Yellow Gold Round Checkerboard Cut Amethyst Leverback Earrings (6mm),B01GPY6THM.jpg,a photo of a 10k Yellow Gold Round Checkerboard Cut Amethyst Leverback Earrings (6mm),1,0,4557_img|4573_img|4936_img|5134_img|4556_img|4752_img|5193_img|5458_img|5535_img|4844_img|5157_img|5447_img|5385_img|4995_img|5041_img|4755_img|4912_img|4905_img|4928_img|5077_img
4558,SHOES,Franklin & Freeman,mens,"Franklin & Freeman Men's Miller Double Monk Strap, Chocolate, 7.5 M US",B010S64EG6.jpg,"a photo of a Franklin & Freeman Men's Miller Double Monk Strap, Chocolate, 7.5 M US",1,0,4558_img|4946_img|5346_img|4593_img|4632_img|5067_img|5203_img|5309_img|5037_img|5158_img|5466_img|4684_img|5001_img|5579_img|4817_img|5053_img|4870_img|5065_img|5281_img|4969_img
4559,HOME,UMI,Stoff,"Umi.Essentials 1 Piece Linen Look Tablecloth, Green, 140x300",B07SKMXWJR.jpg,"a photo of a Umi.Essentials 1 Piece Linen Look Tablecloth, Green, 140x300",1,0,4559_img|5554_img|4555_img|4711_img|5293_img|4863_img|4959_img|4483_img|5598_img|4822_img|4512_img|4878_img|4699_img|5352_img|5243_img|4787_img|5355_img|5331_img|4486_img|4605_img
4560,HOME_BED_AND_BATH,Amazon Brand - Solimo,Polyester,"Amazon Brand - Solimo Harmony Window Curtain, 5 feet - Set of 2 (Sandy Biege)",B07FQZMZLW.jpg,"a photo of a Amazon Brand - Solimo Harmony Window Curtain, 5 feet - Set of 2 (Sandy Biege)",1,0,4560_img|5306_img|5316_img|4622_img|4588_img|5352_img|5185_img|4748_img|4512_img|5568_img|4851_img|4542_img|5200_img|4889_img|5389_img|4719_img|4499_img|4629_img|4924_img|5493_img
4561,FINEEARRING,Amazon Collection,metal,Amazon CollectionYellow-Gold-Plated Sterling Silver Swarovski Zirconia Round-Cut Stud Earrings (2 cttw),B00NFSCU48.jpg,a photo of a Amazon CollectionYellow-Gold-Plated Sterling Silver Swarovski Zirconia Round-Cut Stud Earrings (2 cttw),1,0,4561_img|5371_img|4637_img|5157_img|4931_img|5373_img|5016_img|5443_img|5048_img|5485_img|4687_img|4844_img|4615_img|4944_img|5036_img|5405_img|5418_img|5077_img|4828_img|5341_img
4562,SOFA,Stone & Beam,stone,"Amazon Brand - Stone & Beam Andover Modern Left U-Sectional Sofa, 134""W, Cream",B07BW8QSD3.jpg,"a photo of a Amazon Brand - Stone & Beam Andover Modern Left U-Sectional Sofa, 134""W, Cream",1,1,5112_img|4562_img|4906_img|5136_img|5525_img|5069_img|4856_img|5175_img|5163_img|4616_img|4770_img|5489_img|5505_img|4571_img|4955_img|4604_img|5379_img|5023_img|5560_img|4772_img
4563,HOME_BED_AND_BATH,Pinzon by Amazon,100%-cotton,Pinzon by Amazon - 100% Cotton Towel Set (2 bath & 2 hand towels) -Eucalyptus Green,B00EQ5JAFG.jpg,a photo of a Pinzon by Amazon - 100% Cotton Towel Set (2 bath & 2 hand towels) -Eucalyptus Green,1,0,4563_img|5359_img|4791_img|5462_img|5022_img|5599_img|5006_img|4992_img|5474_img|4848_img|5002_img|4706_img|4800_img|5438_img|4915_img|5380_img|4555_img|4952_img|4754_img|5277_img
4564,SHOES,Fusefit,Mesh,Fusefit Women's Sunshine Grey/Blue Running Shoes-6 UK (39 EU) (7 US) (FFR-381_6),B07XTZNCC5.jpg,a photo of a Fusefit Women's Sunshine Grey/Blue Running Shoes-6 UK (39 EU) (7 US) (FFR-381_6),1,2,4511_img|5430_img|4564_img|5143_img|5140_img|4833_img|5487_img|5125_img|4879_img|4789_img|5312_img|4802_img|4681_img|5199_img|4824_img|5004_img|5239_img|5590_img|5431_img|5114_img
4565,SHOES,Amazon Brand - Symbol,Polyester,Amazon Brand - Symbol Men's Red Sneakers-11 (AZ-YS-198 B),B07BDZ8TXZ.jpg,a photo of a Amazon Brand - Symbol Men's Red Sneakers-11 (AZ-YS-198 B),1,0,4565_img|4720_img|5475_img|4546_img|4859_img|4890_img|4678_img|4888_img|5414_img|4766_img|4587_img|4833_img|5478_img|4858_img|5308_img|4640_img|5284_img|5220_img|4653_img|4827_img
4566,HOME_FURNITURE_AND_DECOR,Amazon Brand - Solimo,PVC Vinyl,"Amazon Brand - Solimo Wall Sticker for Living Room (Capture The Memories on Wall, Ideal Size on Wall - 187 cm x 130 cm)",B076VC9T9T.jpg,"a photo of a Amazon Brand - Solimo Wall Sticker for Living Room (Capture The Memories on Wall, Ideal Size on Wall - 187 cm x 130 cm)",1,2,5076_img|5428_img|4566_img|5240_img|5129_img|5311_img|4623_img|5582_img|5374_img|5574_img|5484_img|4884_img|5347_img|4617_img|4510_img|5178_img|4868_img|4667_img|5316_img|5159_img
4567,WALL_ART,Rivet,canvas,"Amazon Brand - Rivet Contemporary Striped Print with Sand Texture Wall Art Decor on Canvas - 36 x 24 Inch, Pink and Blue",B07HSMVFLD.jpg,"a photo of a Amazon Brand - Rivet Contemporary Striped Print with Sand Texture Wall Art Decor on Canvas - 36 x 24 Inch, Pink and Blue",1,0,4567_img|5476_img|4731_img|5464_img|5100_img|5331_img|4929_img|5389_img|5117_img|4533_img|4521_img|5388_img|4485_img|4493_img|5227_img|4887_img|4621_img|4987_img|5365_img|4996_img
4568,CHAIR,Stone & Beam,stone,"Amazon Brand - Stone & Beam Edmunds Traditional Recliner, 30""W, Charcoal",B07B4GQ94X.jpg,"a photo of a Amazon Brand - Stone & Beam Edmunds Traditional Recliner, 30""W, Charcoal",1,0,4568_img|5052_img|5300_img|5403_img|5315_img|5246_img|4628_img|5511_img|4964_img|4840_img|5356_img|4916_img|4873_img|5050_img|4531_img|4969_img|5037_img|4980_img|5211_img|4837_img
4569,RUG,Stone & Beam,silver,"Amazon Brand - Stone & Beam Contemporary Ikat Inspired Wool Area Rug, 5' 6"" x 7' 5"", Silver",B0723DG6BR.jpg,"a photo of a Amazon Brand - Stone & Beam Contemporary Ikat Inspired Wool Area Rug, 5' 6"" x 7' 5"", Silver",1,7,4596_img|5400_img|5464_img|4704_img|4901_img|5164_img|5342_img|4569_img|5127_img|5194_img|5260_img|4702_img|5566_img|5238_img|5265_img|5397_img|5070_img|5108_img|4672_img|4713_img
4570,HOME,Eono,Legno,Eono by Amazon - Cornice PortaFoto 15x20 cm in Legno Massello Vetro ad Alta Definizione da Parete per Foto 10x15 cm con Passepartout o 15x20 cm Senza Passepartout Colore Nero,B07XCTG1M5.jpg,a photo of a Eono by Amazon - Cornice PortaFoto 15x20 cm in Legno Massello Vetro ad Alta Definizione da Parete per Foto 10x15 cm con Passepartout o 15x20 cm Senza Passepartout Colore Nero,1,0,4570_img|5142_img|5516_img|5003_img|4624_img|4630_img|4635_img|4763_img|4482_img|5496_img|5488_img|5116_img|5115_img|5321_img|4782_img|4899_img|5377_img|4498_img|4773_img|4707_img
4571,SOFA,Rivet,Metal,"Amazon Brand - Rivet Edgewest Low Back Modern Left Sofa Chaise Sectional, 115""W, Beige",B07BW8MJQT.jpg,"a photo of a Amazon Brand - Rivet Edgewest Low Back Modern Left Sofa Chaise Sectional, 115""W, Beige",1,1,5505_img|4571_img|4906_img|4562_img|5112_img|5136_img|5079_img|5069_img|4529_img|5525_img|4606_img|4660_img|4955_img|4889_img|4629_img|4504_img|4834_img|4830_img|4616_img|5324_img
4572,FINENECKLACEBRACELETANKLET,Amazon Collection,Metal,"14k White Gold Cushion Checkerboard Cut London Blue Topaz Pendant Necklace (8mm), 18""",B00UYIHBZA.jpg,"a photo of a 14k White Gold Cushion Checkerboard Cut London Blue Topaz Pendant Necklace (8mm), 18""",1,0,4572_img|5165_img|5267_img|5286_img|5303_img|5084_img|5090_img|4693_img|5295_img|4548_img|4618_img|4639_img|5134_img|4819_img|4690_img|4962_img|5046_img|5172_img|4891_img|5469_img
4573,FINEEARRING,Amazon Collection,Metal,10k White Gold Round Checkerboard Cut Aquamarine Leverback Earrings (6mm),B01GPY6R1U.jpg,a photo of a 10k White Gold Round Checkerboard Cut Aquamarine Leverback Earrings (6mm),1,1,4557_img|4573_img|4936_img|5447_img|5134_img|5385_img|4912_img|4693_img|4930_img|4891_img|5248_img|4572_img|5482_img|5458_img|4952_img|4548_img|4926_img|5534_img|5469_img|4713_img
4574,FINENECKLACEBRACELETANKLET,Amazon Collection,metal,"14k Yellow Gold-Filled Letter ""C"" Charm Pendant Necklace, 18""",B016RNUETA.jpg,"a photo of a 14k Yellow Gold-Filled Letter ""C"" Charm Pendant Necklace, 18""",1,1,5187_img|4574_img|5167_img|4658_img|4979_img|4638_img|5130_img|4785_img|4842_img|4520_img|4944_img|5036_img|5405_img|5279_img|5565_img|4938_img|4908_img|4839_img|5305_img|5153_img
4575,SHOES,Amazon Brand - Symbol,Knit,Amazon Brand - Symbol Men's Olive Polyester Sneakers-9 UK/India (43 EU) (AZ-YS-204 B),B07914BR85.jpg,a photo of a Amazon Brand - Symbol Men's Olive Polyester Sneakers-9 UK/India (43 EU) (AZ-YS-204 B),1,1,4699_img|4575_img|4838_img|4653_img|5324_img|4613_img|5445_img|5243_img|4888_img|5435_img|5463_img|4775_img|5047_img|4766_img|4848_img|5002_img|4512_img|4800_img|4789_img|5220_img
4576,TABLE,Rivet,"MDF with walnut veneer, powder coated metal","Amazon Brand - Rivet Triangular Coffee Table, 77 x 65 x 56cm, Walnut Veneer with Black Metal legs",B07GF7CSLF.jpg,"a photo of a Amazon Brand - Rivet Triangular Coffee Table, 77 x 65 x 56cm, Walnut Veneer with Black Metal legs",1,0,4576_img|5170_img|4836_img|5181_img|5422_img|5345_img|5541_img|5152_img|5032_img|4971_img|5258_img|5090_img|4650_img|5077_img|4997_img|4545_img|4977_img|5303_img|4721_img|5013_img
4577,TABLE,Stone & Beam,Stone,"Amazon Brand - Stone & Beam Modern Farmhouse Solid Wood Nightstand with 2 Drawers, 25.5""W, Natural Finish",B084MXXPK9.jpg,"a photo of a Amazon Brand - Stone & Beam Modern Farmhouse Solid Wood Nightstand with 2 Drawers, 25.5""W, Natural Finish",1,1,5545_img|4577_img|5575_img|5424_img|5480_img|5350_img|5549_img|5304_img|5491_img|5390_img|4749_img|5252_img|5103_img|4902_img|4656_img|5489_img|5224_img|4516_img|4940_img|4974_img
4578,CELLULAR_PHONE_CASE,Amazon Brand - Solimo,Silicone,Amazon Brand - Solimo Designer Girl Boss On Wood UV Printed Soft Back Case Mobile Cover for Lenovo K6 Power,B0857KSTC8.jpg,a photo of a Amazon Brand - Solimo Designer Girl Boss On Wood UV Printed Soft Back Case Mobile Cover for Lenovo K6 Power,1,0,4578_img|4659_img|5287_img|5343_img|4972_img|4528_img|4927_img|4668_img|5029_img|4769_img|4841_img|5223_img|4739_img|4607_img|5500_img|5218_img|4975_img|4919_img|5264_img|4514_img
4579,RUG,Stone & Beam,stone,"Amazon Brand - Stone & Beam Contemporary Speckle Wool Area Rug, 4 x 6 Foot, Blue",B071SHLFL6.jpg,"a photo of a Amazon Brand - Stone & Beam Contemporary Speckle Wool Area Rug, 4 x 6 Foot, Blue",1,0,4579_img|4717_img|5051_img|5119_img|4952_img|5572_img|5365_img|4605_img|4548_img|4636_img|5137_img|5146_img|5517_img|4666_img|4704_img|5532_img|5362_img|4724_img|5510_img|4819_img
4580,CELLULAR_PHONE_CASE,Amazon Brand - Solimo,Plastic,Amazon Brand - Solimo Designer Bubble Line Pattern 3D Printed Hard Back Case Mobile Cover for Samsung Galaxy J3 Pro,B0853X7JPX.jpg,a photo of a Amazon Brand - Solimo Designer Bubble Line Pattern 3D Printed Hard Back Case Mobile Cover for Samsung Galaxy J3 Pro,1,0,4580_img|4941_img|4743_img|5101_img|4709_img|5230_img|5210_img|4877_img|5477_img|4919_img|4584_img|5098_img|5334_img|4691_img|4876_img|4997_img|5500_img|4634_img|5548_img|4620_img
4581,RUG,Stone & Beam,stone,"Amazon Brand - Stone & Beam Casual Plaid Area Rug, 5 x 8 Foot, Flatweave, Grey, Ivory, Red",B07B4WQWQS.jpg,"a photo of a Amazon Brand - Stone & Beam Casual Plaid Area Rug, 5 x 8 Foot, Flatweave, Grey, Ivory, Red",1,0,4581_img|5381_img|4930_img|5504_img|4858_img|4640_img|5354_img|5458_img|4846_img|5172_img|5362_img|5566_img|5501_img|4894_img|5475_img|5513_img|5537_img|4825_img|5333_img|4705_img
4582,KITCHEN,Amazon Brand - Solimo,Aluminium,"Amazon Brand - Solimo Non Stick Kadhai (24cm, Granite finish, 5 layer coating, Induction and Gas stove compatible)",B07P6R7BD4.jpg,"a photo of a Amazon Brand - Solimo Non Stick Kadhai (24cm, Granite finish, 5 layer coating, Induction and Gas stove compatible)",1,2,5012_img|5518_img|4582_img|5552_img|4898_img|4611_img|4725_img|5358_img|5335_img|5191_img|4545_img|5139_img|5600_img|5071_img|4662_img|4526_img|5408_img|5537_img|4626_img|5513_img
4583,SOFA,Rivet,Velvet,"Amazon Brand - Rivet Uptown Mid-Century Tufted Customizable Daybed Sofa, 78""W, Rain &amp; Black",B075X4PRPS.jpg,"a photo of a Amazon Brand - Rivet Uptown Mid-Century Tufted Customizable Daybed Sofa, 78""W, Rain &amp; Black",1,8,5439_img|4914_img|4868_img|4608_img|5120_img|4510_img|5133_img|5137_img|4583_img|4591_img|4801_img|5332_img|4530_img|4518_img|4482_img|4701_img|5496_img|4756_img|4757_img|5038_img
4584,CELLULAR_PHONE_CASE,Amazon Brand - Solimo,Plastic,Amazon Brand - Solimo Designer Wooden Semi Circle Texture 3D Printed Hard Back Case Mobile Cover for Samsung Galaxy A51,B08569WV7R.jpg,a photo of a Amazon Brand - Solimo Designer Wooden Semi Circle Texture 3D Printed Hard Back Case Mobile Cover for Samsung Galaxy A51,1,9,5230_img|5600_img|5523_img|5548_img|5029_img|4645_img|4883_img|4634_img|5335_img|4584_img|5408_img|5565_img|4775_img|5334_img|5357_img|4947_img|5218_img|5177_img|5306_img|4668_img
4585,TABLE,Rivet,Wood,"Amazon Brand - Rivet End/Side Table 42 x 42 x 50cm, Solid Elm Wood Top/Black Metal Base",B07VZF5L4G.jpg,"a photo of a Amazon Brand - Rivet End/Side Table 42 x 42 x 50cm, Solid Elm Wood Top/Black Metal Base",0,-1,5170_img|4788_img|4726_img|5526_img|5398_img|4977_img|4576_img|5152_img|5139_img|4899_img|5422_img|4971_img|4836_img|5271_img|4612_img|4552_img|4544_img|5192_img|5107_img|5224_img
4586,CHAIR,AmazonBasics,Plastic,"AmazonBasics Armless Slot-Back Dining Chair - Set of 2, White, Premium Plastic",B0856G51ZG.jpg,"a photo of a AmazonBasics Armless Slot-Back Dining Chair - Set of 2, White, Premium Plastic",1,0,4586_img|5534_img|5586_img|4714_img|5006_img|4774_img|5185_img|5316_img|4781_img|5189_img|4748_img|5367_img|4777_img|4542_img|5251_img|5323_img|5440_img|4824_img|5285_img|5582_img
4587,CHAIR,Rivet,Velvet,"Amazon Brand - Rivet Weedin Contemporary Velvet Dining Kitchen Chair 33 Inch Height, Set of 2, Rouge Red",B07HSBD6TF.jpg,"a photo of a Amazon Brand - Rivet Weedin Contemporary Velvet Dining Kitchen Chair 33 Inch Height, Set of 2, Rouge Red",1,0,4587_img|4542_img|5121_img|5204_img|4923_img|4643_img|4497_img|5064_img|5458_img|5185_img|4858_img|5552_img|5568_img|5351_img|5308_img|4640_img|5513_img|4714_img|5585_img|5151_img
4588,HOME_BED_AND_BATH,Amazon Brand - Solimo,polyresin,"Amazon Brand - Solimo Riviera Door Curtain, 7 feet - Set of 2 (Chocolate Brown)",B07FLY8ZR1.jpg,"a photo of a Amazon Brand - Solimo Riviera Door Curtain, 7 feet - Set of 2 (Chocolate Brown)",1,0,4588_img|5306_img|4560_img|4622_img|5126_img|4513_img|5416_img|4719_img|4864_img|5337_img|4920_img|4870_img|5368_img|5208_img|4946_img|5316_img|5067_img|4795_img|5152_img|4934_img
4589,CELLULAR_PHONE_CASE,Amazon Brand - Solimo,Silicon,Amazon Brand - Solimo Designer Dark Night View UV Printed Soft Back Case Mobile Cover for Huawei Honor Bee 4G,B08569HMLP.jpg,a photo of a Amazon Brand - Solimo Designer Dark Night View UV Printed Soft Back Case Mobile Cover for Huawei Honor Bee 4G,1,0,4589_img|5085_img|4537_img|4645_img|4775_img|5033_img|5334_img|4883_img|4988_img|5230_img|5101_img|5029_img|4941_img|5481_img|4528_img|4691_img|4828_img|4763_img|5596_img|5500_img
4590,FINERING,Amazon Collection,Not applicable,Yellow Gold Plated Sterling Silver Swarovski Zirconia Round 3-Stone Ring,B06WGX78TM.jpg,a photo of a Yellow Gold Plated Sterling Silver Swarovski Zirconia Round 3-Stone Ring,1,1,4828_img|4590_img|4829_img|5559_img|4845_img|4627_img|5089_img|4536_img|5409_img|5392_img|4897_img|5418_img|5173_img|5557_img|4799_img|4902_img|4932_img|4738_img|5213_img|5131_img
4591,HOME_FURNITURE_AND_DECOR,Stone & Beam,Solid Wood/Fabric,"Amazon Brand - Stone & Beam Leila Tufted Sofa, 88"" W, Charcoal",B075X4HZQM.jpg,"a photo of a Amazon Brand - Stone & Beam Leila Tufted Sofa, 88"" W, Charcoal",1,0,4591_img|5439_img|5133_img|5120_img|4866_img|4914_img|4518_img|4767_img|4757_img|4701_img|5050_img|5348_img|4608_img|4583_img|5278_img|4550_img|4899_img|4482_img|4510_img|4758_img
4592,FINERING,Amazon Collection,metal,"Platinum-plated Sterling Silver Princess-Cut Solitaire Ring made with Swarovski Zirconia (1 cttw), Size 6",B00FXW6X9M.jpg,"a photo of a Platinum-plated Sterling Silver Princess-Cut Solitaire Ring made with Swarovski Zirconia (1 cttw), Size 6",1,3,5206_img|5450_img|4729_img|4592_img|5498_img|4875_img|4494_img|5084_img|5295_img|5394_img|4896_img|4601_img|5131_img|5319_img|5183_img|5090_img|5073_img|4697_img|5292_img|4648_img
4593,SHOES,Amazon Brand - Symbol,Synthetic,Amazon Brand - Symbol Men's Cherry Synthetic Formal Shoes - 9 UK (AZ-KY-332A),B07QDBBHDS.jpg,a photo of a Amazon Brand - Symbol Men's Cherry Synthetic Formal Shoes - 9 UK (AZ-KY-332A),1,0,4593_img|5234_img|5410_img|5001_img|5158_img|5231_img|4597_img|5259_img|5188_img|4546_img|5458_img|5294_img|4858_img|5121_img|5588_img|4640_img|5475_img|5354_img|4990_img|4820_img
4594,SOFA,Rivet,Wood,"Amazon Brand - Rivet Thomas Modern Upholstered Sofa Couch, 101.2""W, Grey",B07JW7MBZX.jpg,"a photo of a Amazon Brand - Rivet Thomas Modern Upholstered Sofa Couch, 101.2""W, Grey",1,0,4594_img|4830_img|4550_img|5241_img|4768_img|4703_img|4948_img|5383_img|5226_img|5252_img|5529_img|5166_img|5483_img|5299_img|4955_img|4695_img|4599_img|4529_img|4866_img|4649_img
4595,FINEEARRING,Amazon Collection,Fine-other-material;,Sterling Silver Celtic Knot Lever-Back Drop Earrings,B074PVL94Z.jpg,a photo of a Sterling Silver Celtic Knot Lever-Back Drop Earrings,1,0,4595_img|4981_img|5378_img|4924_img|5248_img|5567_img|5556_img|5385_img|5196_img|4926_img|5447_img|5482_img|4610_img|4557_img|4573_img|4936_img|5063_img|5440_img|4483_img|4748_img
4596,RUG,Rivet,synthetic,"Amazon Brand - Rivet Charcoal Distressed Medallion Area Rug, 8 x 10 Foot",B0725Z73ZP.jpg,"a photo of a Amazon Brand - Rivet Charcoal Distressed Medallion Area Rug, 8 x 10 Foot",1,0,4596_img|4704_img|5342_img|5194_img|5360_img|5135_img|5237_img|4901_img|5070_img|5400_img|5175_img|5438_img|5127_img|4856_img|4884_img|4955_img|4710_img|4770_img|5192_img|5299_img
4597,SHOES,Amazon Brand - Symbol,Leather,Amazon Brand - Symbol Men's Black Formal Derby Shoes - 7 UK/India (41 EU)(AZ-KY-110A),B075Z31RQG.jpg,a photo of a Amazon Brand - Symbol Men's Black Formal Derby Shoes - 7 UK/India (41 EU)(AZ-KY-110A),1,1,5234_img|4597_img|5158_img|5231_img|5001_img|5188_img|5410_img|5588_img|5294_img|5309_img|4684_img|4593_img|5264_img|5423_img|5047_img|5488_img|4859_img|4657_img|5133_img|4552_img
4598,CELLULAR_PHONE_CASE,Amazon Brand - Solimo,Plastic,Amazon Brand - Solimo Designer Heart Pattern Alphabet-L 3D Printed Hard Back Case Mobile Cover for OnePlus 7T,B081HNGL8M.jpg,a photo of a Amazon Brand - Solimo Designer Heart Pattern Alphabet-L 3D Printed Hard Back Case Mobile Cover for OnePlus 7T,1,0,4598_img|5130_img|5214_img|4584_img|5500_img|4580_img|5561_img|5171_img|4665_img|4743_img|5548_img|4650_img|5339_img|4522_img|5122_img|5524_img|5223_img|5075_img|5207_img|4721_img
4599,SOFA,Stone & Beam,pewter,"Amazon Brand - Stone & Beam Andover Modern Loveseat Sofa, 67""W, Pewter",B07B4P4M31.jpg,"a photo of a Amazon Brand - Stone & Beam Andover Modern Loveseat Sofa, 67""W, Pewter",1,0,4599_img|5483_img|5226_img|4695_img|4866_img|5495_img|4767_img|4948_img|4550_img|5050_img|4950_img|4832_img|5278_img|5459_img|4830_img|4529_img|4768_img|5028_img|5529_img|4969_img
4600,HOME,Rivet,Iron,"Amazon Brand - Rivet Beveled Metal Mirror, 24""H, Iron Finish",B0713T6W1C.jpg,"a photo of a Amazon Brand - Rivet Beveled Metal Mirror, 24""H, Iron Finish",1,0,4600_img|5340_img|5170_img|5453_img|5017_img|4934_img|5096_img|4764_img|5415_img|5279_img|4655_img|4588_img|5055_img|4788_img|4661_img|4955_img|5135_img|5164_img|5580_img|4576_img
4601,FINERING,Amazon Collection,metal,"Bague en argent sterling plaque platine ou or avec zircone Swarovski Taille princesse,Argent plaque platine,Size 5",B014WC3ETK.jpg,"a photo of a Bague en argent sterling plaque platine ou or avec zircone Swarovski Taille princesse,Argent plaque platine,Size 5",1,1,5183_img|4601_img|4945_img|4592_img|5292_img|4835_img|4494_img|4729_img|5073_img|5578_img|4896_img|4875_img|4697_img|4649_img|5319_img|5506_img|5206_img|5450_img|4816_img|4495_img
4602,TABLE,Alkove,Buche,Amazon brand - Alkove - Hayes - Tomas coffee table made of solid wood with pull-out pull-out beech heartwood,B07K7M4YMV.jpg,a photo of a Amazon brand - Alkove - Hayes - Tomas coffee table made of solid wood with pull-out pull-out beech heartwood,1,5,5401_img|4652_img|5408_img|5181_img|5368_img|4602_img|4544_img|5152_img|4646_img|5471_img|4974_img|5097_img|5032_img|4516_img|4864_img|5185_img|4539_img|5345_img|4655_img|5267_img
4603,CELLULAR_PHONE_CASE,Amazon Brand - Solimo,Plastic,Amazon Brand - Solimo Designer Birds Patterns Design 3D Printed Hard Back Case Mobile Cover for Vivo Y93,B081HP24RS.jpg,a photo of a Amazon Brand - Solimo Designer Birds Patterns Design 3D Printed Hard Back Case Mobile Cover for Vivo Y93,1,0,4603_img|4540_img|5369_img|4639_img|4584_img|5574_img|5446_img|4580_img|5561_img|5082_img|5339_img|5548_img|5311_img|5461_img|4648_img|5499_img|5122_img|5207_img|4647_img|4743_img
4604,CELLULAR_PHONE_CASE,Amazon Brand - Solimo,Silicone,Amazon Brand - Solimo Designer Chinnese Yin and Yang UV Printed Soft Back Case Mobile Cover for Lenovo K10 Plus,B0854LN1C5.jpg,a photo of a Amazon Brand - Solimo Designer Chinnese Yin and Yang UV Printed Soft Back Case Mobile Cover for Lenovo K10 Plus,1,0,4604_img|5334_img|5025_img|5033_img|5533_img|5207_img|5272_img|4654_img|5230_img|5029_img|4589_img|4876_img|5544_img|5567_img|5273_img|4692_img|5086_img|5561_img|4935_img|5100_img
4605,RUG,Stone & Beam,wool,"Amazon Brand - Stone & Beam Contemporary Speckle Wool Area Rug, 5' x 7' 6"", Blue",B071ZJ5X4Y.jpg,"a photo of a Amazon Brand - Stone & Beam Contemporary Speckle Wool Area Rug, 5' x 7' 6"", Blue",1,3,4579_img|5051_img|4717_img|4605_img|5572_img|5119_img|5365_img|5510_img|4704_img|5517_img|4952_img|4666_img|4901_img|5146_img|4548_img|4636_img|5400_img|4724_img|5403_img|5362_img
4606,SOFA,Rivet,Wood,"Amazon Brand - Rivet Edgewest Low Back Modern Right Chaise Sofa Sectional, 115""W, Blue Ink",B07B4GXWNT.jpg,"a photo of a Amazon Brand - Rivet Edgewest Low Back Modern Right Chaise Sofa Sectional, 115""W, Blue Ink",1,0,4606_img|4660_img|4636_img|5079_img|5505_img|4571_img|5564_img|4548_img|4880_img|4952_img|5137_img|5232_img|4955_img|5175_img|4507_img|5469_img|4619_img|5284_img|4906_img|4856_img
4607,CELLULAR_PHONE_CASE,Amazon Brand - Solimo,Silicone,Amazon Brand - Solimo Designer Babby Kitty UV Printed Soft Back Case Mobile Cover for Redmi Note 6 Pro,B0854D6TPJ.jpg,a photo of a Amazon Brand - Solimo Designer Babby Kitty UV Printed Soft Back Case Mobile Cover for Redmi Note 6 Pro,1,1,4900_img|4607_img|4951_img|4554_img|5472_img|5000_img|4654_img|5468_img|5522_img|5461_img|5374_img|4521_img|5498_img|4677_img|5179_img|4724_img|4927_img|4769_img|4994_img|4854_img
4608,SOFA,Rivet,wood /foam,"Amazon Brand - Rivet Sloane Mid-Century Modern Sofa with Tufted Back, 79.9""W, Pebble",B072FVHS9G.jpg,"a photo of a Amazon Brand - Rivet Sloane Mid-Century Modern Sofa with Tufted Back, 79.9""W, Pebble",1,0,4608_img|5332_img|4510_img|4594_img|4868_img|4811_img|5120_img|5383_img|4550_img|5348_img|5515_img|4914_img|4583_img|5252_img|5439_img|4808_img|5598_img|5366_img|5241_img|5490_img
4609,RUG,Stone & Beam,wool,"Amazon Brand - Stone & Beam Casual Geometric Wool Area Rug, 7' 6"" x 5', Gold",B07B4ZLJ7D.jpg,"a photo of a Amazon Brand - Stone & Beam Casual Geometric Wool Area Rug, 7' 6"" x 5', Gold",1,0,4609_img|5397_img|5333_img|5517_img|5550_img|5376_img|5131_img|5455_img|4534_img|5504_img|5394_img|4716_img|4724_img|4846_img|5156_img|4705_img|5195_img|4930_img|4643_img|5559_img
4610,FINEEARRING,Amazon Collection,metal,"10k White Gold Cluster Heart Diamond Drop Earrings (1/2cttw, I-J Color, I2-I3 Clarity)",B011YF1OCC.jpg,"a photo of a 10k White Gold Cluster Heart Diamond Drop Earrings (1/2cttw, I-J Color, I2-I3 Clarity)",1,0,4610_img|5353_img|4924_img|4692_img|4991_img|5385_img|5447_img|4954_img|5384_img|5440_img|5524_img|4595_img|4818_img|5196_img|4794_img|5562_img|5378_img|4850_img|4753_img|5026_img
4611,KITCHEN,Amazon Brand - Solimo,Stainless Steel,Amazon Brand - Solimo Premium Stainless Steel 24cm sautepan with lid,B07PWGW99Q.jpg,a photo of a Amazon Brand - Solimo Premium Stainless Steel 24cm sautepan with lid,1,1,5518_img|4611_img|4500_img|4543_img|4821_img|5030_img|4553_img|5323_img|4661_img|4869_img|4582_img|4892_img|5437_img|5071_img|4871_img|4754_img|5525_img|4669_img|5012_img|5183_img
4612,TABLE,Rivet,"Braunes Glas, Nussbaumfurnier und MDF, pulverbeschichtetes Metallgestell",Amazon Brand Rivet Round Coffee Table with Shelf 80 x 80 cm Glass/Walnut,B07WL49F74.jpg,a photo of a Amazon Brand Rivet Round Coffee Table with Shelf 80 x 80 cm Glass/Walnut,1,0,4612_img|5170_img|4836_img|4907_img|5422_img|5181_img|4576_img|4971_img|5345_img|4620_img|5139_img|5340_img|5152_img|5600_img|4764_img|4737_img|4903_img|4580_img|5017_img|5255_img
4613,SHOES,Amazon Brand - Symbol,PU,Amazon Brand - Symbol Men's Off-White PU Sneakers-10 UK (44 EU) (11 US) (AZ-YS-404),B07VNR39SR.jpg,a photo of a Amazon Brand - Symbol Men's Off-White PU Sneakers-10 UK (44 EU) (11 US) (AZ-YS-404),1,6,4890_img|4766_img|4720_img|4888_img|5379_img|5047_img|4613_img|5034_img|4824_img|5312_img|4859_img|4619_img|4699_img|4565_img|4653_img|5420_img|5324_img|5463_img|5284_img|4575_img
4614,WALL_ART,Stone & Beam,canvas,"Amazon Brand - Stone & Beam Modern Red and Gold Tulip Print on Canvas, Brown Frame, 13.75"" x 13.75""",B073NZTB8J.jpg,"a photo of a Amazon Brand - Stone & Beam Modern Red and Gold Tulip Print on Canvas, Brown Frame, 13.75"" x 13.75""",1,0,4614_img|4887_img|4825_img|4996_img|4621_img|4827_img|4894_img|5382_img|4820_img|5117_img|4546_img|5003_img|4990_img|5568_img|5537_img|5121_img|5229_img|5384_img|4858_img|4846_img
4615,WALL_ART,Rivet,canvas,"Amazon Brand - Rivet Contemporary Print with Gold Leaf Wall Art Decor on Canvas - 35 x 35 Inch, Blue and Beige",B07HSGGG51.jpg,"a photo of a Amazon Brand - Rivet Contemporary Print with Gold Leaf Wall Art Decor on Canvas - 35 x 35 Inch, Blue and Beige",1,0,4615_img|4976_img|4551_img|5330_img|4918_img|5197_img|4485_img|5232_img|4852_img|4983_img|4625_img|4715_img|4809_img|5324_img|4741_img|4985_img|5076_img|5290_img|5320_img|5517_img
4616,SOFA,Stone & Beam,stone,"Amazon Brand - Stone & Beam Brandeberry Farmhouse Charles of London Sofa, 82""W, Beige",B07B4MG9HX.jpg,"a photo of a Amazon Brand - Stone & Beam Brandeberry Farmhouse Charles of London Sofa, 82""W, Beige",1,1,5459_img|4616_img|5348_img|5226_img|4686_img|5489_img|4529_img|5252_img|4750_img|5390_img|5083_img|4832_img|4732_img|4656_img|5212_img|5304_img|5329_img|4749_img|4889_img|4608_img
4617,HOME_BED_AND_BATH,Amazon Brand - Solimo,Polyester,"Amazon Brand - Solimo Animal Farm Microfibre Printed Quilt Blanket, Single, 120 GSM, White",B076BSSBXV.jpg,"a photo of a Amazon Brand - Solimo Animal Farm Microfibre Printed Quilt Blanket, Single, 120 GSM, White",1,17,5144_img|5233_img|5474_img|5209_img|5288_img|4965_img|5569_img|5527_img|5061_img|5570_img|4961_img|5054_img|5411_img|4654_img|5359_img|5058_img|4623_img|4617_img|5022_img|5426_img
4618,FINENECKLACEBRACELETANKLET,Amazon Collection,crystal,"Sterling Silver Hummingbird Swarovski Elements Pendant Necklace, 18""",B00CGSBMA6.jpg,"a photo of a Sterling Silver Hummingbird Swarovski Elements Pendant Necklace, 18""",1,3,4639_img|4783_img|5499_img|4618_img|4648_img|5078_img|5295_img|4603_img|5369_img|4959_img|5082_img|5574_img|4540_img|5280_img|5286_img|4989_img|5319_img|5482_img|4904_img|4679_img
4619,SHOES,Amazon Brand - Symbol,Canvas,Amazon Brand - Symbol Men's Navy Canvas Sneakers-11 UK/India (45 EU) (AZ-GI-368A),B07DJHHSYN.jpg,a photo of a Amazon Brand - Symbol Men's Navy Canvas Sneakers-11 UK/India (45 EU) (AZ-GI-368A),1,2,5284_img|5220_img|4619_img|4708_img|4789_img|4613_img|5125_img|4766_img|4890_img|4720_img|4859_img|5034_img|4565_img|5047_img|5239_img|5105_img|5114_img|4681_img|4879_img|5463_img
4620,TABLE,Ravenna Home,ceramic,"Amazon Brand - Ravenna Home Moroccan-Pattern Ceramic Garden Stool or Side Table, 16""H, Navy Blue",B07MHM99CR.jpg,"a photo of a Amazon Brand - Ravenna Home Moroccan-Pattern Ceramic Garden Stool or Side Table, 16""H, Navy Blue",1,0,4620_img|5147_img|4843_img|4717_img|4886_img|4662_img|4923_img|5327_img|5102_img|4538_img|4612_img|4993_img|5583_img|5526_img|4552_img|4548_img|5284_img|4737_img|4713_img|5406_img
4621,WALL_ART,Rivet,paper,"Amazon Brand - Rivet Spanned Red, Green and Gold Feathers in Dark Gray Frame Wall Art, 32"" x 42""",B073P17RSQ.jpg,"a photo of a Amazon Brand - Rivet Spanned Red, Green and Gold Feathers in Dark Gray Frame Wall Art, 32"" x 42""",1,1,4996_img|4621_img|5318_img|5331_img|4614_img|5117_img|4533_img|4866_img|4517_img|4904_img|5435_img|4603_img|4711_img|5197_img|4913_img|5277_img|4887_img|5439_img|5328_img|5536_img
4622,HOME_BED_AND_BATH,Amazon Brand - Solimo,polyresin,"Amazon Brand - Solimo Concerto Window Curtain, 5 feet - Set of 2 (Burgundy Red)",B07FR8GK5M.jpg,"a photo of a Amazon Brand - Solimo Concerto Window Curtain, 5 feet - Set of 2 (Burgundy Red)",1,2,5568_img|4858_img|4622_img|4640_img|4587_img|5478_img|5458_img|4560_img|4588_img|4678_img|4546_img|5384_img|5095_img|4990_img|5414_img|5121_img|5308_img|5306_img|4894_img|4825_img
4623,HOME_BED_AND_BATH,Pinzon by Amazon,Cotton,"Pinzon by Amazon Ultrasoft Cotton, White, Super King Size Duvet Set with 2 pillowcases",B00EQ5FXRK.jpg,"a photo of a Pinzon by Amazon Ultrasoft Cotton, White, Super King Size Duvet Set with 2 pillowcases",1,6,5426_img|5569_img|4961_img|5144_img|4965_img|5233_img|4623_img|5316_img|5061_img|4527_img|5474_img|5442_img|4782_img|5411_img|5367_img|4502_img|5554_img|5454_img|4617_img|4777_img
4624,WALL_ART,Stone & Beam,paper,"Amazon Brand - Stone & Beam Modern Black and White Photo of Flatiron Building, Black Frame, 38"" x 26""",B073P1H6CN.jpg,"a photo of a Amazon Brand - Stone & Beam Modern Black and White Photo of Flatiron Building, Black Frame, 38"" x 26""",1,0,4624_img|4630_img|4541_img|5563_img|5377_img|4999_img|5003_img|5133_img|4498_img|4635_img|5436_img|4763_img|4501_img|4805_img|4920_img|4552_img|4682_img|4673_img|4726_img|5257_img
4625,WALL_ART,Rivet,canvas,"Amazon Brand - Rivet Aerial Turquoise Blue Beach Photo of Mediterranean Beach 24"" x 36""",B073P1CKFH.jpg,"a photo of a Amazon Brand - Rivet Aerial Turquoise Blue Beach Photo of Mediterranean Beach 24"" x 36""",1,0,4625_img|4715_img|4741_img|4983_img|4952_img|5469_img|5413_img|4618_img|5502_img|5564_img|5197_img|5105_img|5232_img|4572_img|5202_img|4639_img|4759_img|5449_img|5499_img|4918_img
4626,HOME,Pinzon by Amazon,Cotton,"Pinzon Diamond Matelasse 20 by 36-Inch King Sham, Slate",B004Y4BREG.jpg,"a photo of a Pinzon Diamond Matelasse 20 by 36-Inch King Sham, Slate",1,0,4626_img|5509_img|4628_img|5211_img|5419_img|4703_img|5238_img|5407_img|5194_img|5166_img|5527_img|5196_img|5144_img|5569_img|5022_img|5217_img|4522_img|5529_img|5233_img|4596_img
4627,FINERING,Amazon Collection,Sintetico,"Amazon CollectionRose Gold-Plated Sterling Silver Swarovski Zirconia Round-Cut 5 Stone Ring, Size 8",B0735938PW.jpg,"a photo of a Amazon CollectionRose Gold-Plated Sterling Silver Swarovski Zirconia Round-Cut 5 Stone Ring, Size 8",1,1,5557_img|4627_img|5007_img|4897_img|4700_img|5506_img|4885_img|5160_img|4492_img|4987_img|4493_img|5392_img|5128_img|5179_img|5540_img|5062_img|4845_img|5443_img|5402_img|5522_img
4628,HOME_FURNITURE_AND_DECOR,Stone & Beam,stone,"Amazon Brand - Stone & Beam Marin Studded Chair, 33""W, Charcoal",B075X4PT6K.jpg,"a photo of a Amazon Brand - Stone & Beam Marin Studded Chair, 33""W, Charcoal",1,0,4628_img|5211_img|4695_img|5529_img|5555_img|5050_img|5403_img|4767_img|5052_img|5419_img|4568_img|4969_img|5246_img|5166_img|5407_img|5356_img|5315_img|4932_img|4626_img|5133_img
4629,SOFA,Stone & Beam,Nylon,"Amazon Brand - Stone & Beam Bagley Sectional Component, Left-Facing Sofa Chaise, Fabric, 41""W, Linen",B07HZ6X7ZF.jpg,"a photo of a Amazon Brand - Stone & Beam Bagley Sectional Component, Left-Facing Sofa Chaise, Fabric, 41""W, Linen",1,1,4889_img|4629_img|5060_img|4644_img|4571_img|5505_img|5079_img|5203_img|4906_img|5349_img|4954_img|5493_img|4686_img|5584_img|4660_img|4641_img|5136_img|5452_img|5359_img|4504_img
4630,WALL_ART,Stone & Beam,paper,"Amazon Brand - Stone & Beam Couple with Red Umbrella Print, Black Frame, 37"" x 47""",B075YM2V3Y.jpg,"a photo of a Amazon Brand - Stone & Beam Couple with Red Umbrella Print, Black Frame, 37"" x 47""",1,0,4630_img|4614_img|4587_img|5354_img|4640_img|5039_img|5413_img|4996_img|5075_img|4747_img|5552_img|5542_img|5513_img|4763_img|5308_img|5353_img|4707_img|5289_img|5086_img|4867_img
4631,WALL_ART,Rivet,Wood,"Amazon Brand - Rivet Photo Print Wall Art of Southwest Desert and Blue Sky Landscape on Wood, 20"" x 16""",B073P6HGSG.jpg,"a photo of a Amazon Brand - Rivet Photo Print Wall Art of Southwest Desert and Blue Sky Landscape on Wood, 20"" x 16""",1,0,4631_img|4730_img|5449_img|4625_img|4715_img|5027_img|5436_img|4740_img|5099_img|5338_img|5502_img|4983_img|5421_img|5197_img|4485_img|5497_img|4741_img|4759_img|4904_img|5118_img
4632,SHOES,Amazon Brand - Symbol,Leather,Amazon Brand - Symbol Men's Beige Leather Formal Shoes - 9 UK (AZ-OM-232B),B079TJH95K.jpg,a photo of a Amazon Brand - Symbol Men's Beige Leather Formal Shoes - 9 UK (AZ-OM-232B),1,0,4632_img|5423_img|5324_img|5463_img|5579_img|4613_img|5466_img|4871_img|5525_img|4882_img|5457_img|5155_img|4504_img|5069_img|5112_img|4597_img|5168_img|5252_img|5136_img|5034_img
4633,HOME,Pinzon by Amazon.com,Flannel,"Pinzon 190-Gram Velvet Flannel King Bed Sheet Set, Butter",B000FVU9YG.jpg,"a photo of a Pinzon 190-Gram Velvet Flannel King Bed Sheet Set, Butter",1,0,4633_img|4762_img|5022_img|4791_img|5195_img|4973_img|4680_img|5045_img|4563_img|4666_img|5454_img|4944_img|5036_img|5405_img|5455_img|5243_img|4813_img|5569_img|4527_img|5083_img
4634,CELLULAR_PHONE_CASE,Amazon Brand - Solimo,Plastic,Amazon Brand - Solimo Designer Iron Impression 3D Printed Hard Back Case Mobile Cover for OnePlus 7T Pro,B0853X2F23.jpg,a photo of a Amazon Brand - Solimo Designer Iron Impression 3D Printed Hard Back Case Mobile Cover for OnePlus 7T Pro,1,3,4691_img|5029_img|5500_img|4634_img|4645_img|5481_img|4769_img|4927_img|4947_img|4883_img|5334_img|5177_img|5230_img|5122_img|5548_img|4972_img|4528_img|4743_img|4584_img|4919_img
4635,WALL_ART,Stone & Beam,Paper,"Amazon Brand - Stone & Beam Modern Black and White Inhale Word Wall Art in Black Frame, 18"" x 18""",B073P1F2HM.jpg,"a photo of a Amazon Brand - Stone & Beam Modern Black and White Inhale Word Wall Art in Black Frame, 18"" x 18""",1,0,4635_img|5377_img|5003_img|4630_img|5257_img|4624_img|4570_img|4501_img|4805_img|4498_img|5364_img|4707_img|5328_img|5142_img|5563_img|4920_img|4541_img|5289_img|4763_img|4673_img
4636,SOFA,Rivet,Polyester,"Amazon Brand - Rivet Edgewest Low Back Modern Sofa, 87""W, Blue Ink",B07B4NW6ZQ.jpg,"a photo of a Amazon Brand - Rivet Edgewest Low Back Modern Sofa, 87""W, Blue Ink",1,0,4636_img|5137_img|4796_img|5514_img|4804_img|4678_img|4507_img|4606_img|4757_img|4806_img|5178_img|4548_img|4866_img|4830_img|4518_img|5299_img|4599_img|5435_img|4914_img|4666_img
4637,FINEEARRING,Amazon Collection,metal,"Certified 14k Yellow Gold Diamond with Screw Back and Post Stud Earrings (1/2cttw, J-K Color, I1-I2 Clarity)",B01M0LHE9A.jpg,"a photo of a Certified 14k Yellow Gold Diamond with Screw Back and Post Stud Earrings (1/2cttw, J-K Color, I1-I2 Clarity)",1,6,5048_img|5371_img|4944_img|5036_img|5405_img|4561_img|4637_img|4931_img|5373_img|5443_img|4675_img|5044_img|5452_img|5113_img|5016_img|4687_img|4788_img|4551_img|4857_img|5275_img
4638,FINENECKLACEBRACELETANKLET,Amazon Collection,Not applicable,"Amazon CollectionMen's 14k Gold Filled Solid Beveled Edge Embossed Crucifix Cross with Gold Plated Stainless Steel Chain Pendant Necklace, 18""",B06XKKS1RP.jpg,"a photo of a Amazon CollectionMen's 14k Gold Filled Solid Beveled Edge Embossed Crucifix Cross with Gold Plated Stainless Steel Chain Pendant Necklace, 18""",1,0,4638_img|4735_img|4979_img|4842_img|4881_img|5512_img|5275_img|4574_img|4519_img|4785_img|5540_img|4658_img|5305_img|5167_img|4520_img|5187_img|5394_img|5295_img|5291_img|4938_img
4639,FINENECKLACEBRACELETANKLET,Amazon Collection,Cristal,"Collar chapado en plata con colgante de cristal con texto""You and Me"", 45,7 cm,Ballena (Whale)",B01M152FRM.jpg,"a photo of a Collar chapado en plata con colgante de cristal con texto""You and Me"", 45,7 cm,Ballena (Whale)",1,3,5499_img|4839_img|5494_img|4639_img|4783_img|5524_img|5150_img|4618_img|5202_img|5286_img|5395_img|5090_img|4728_img|5305_img|4648_img|5190_img|4989_img|4626_img|5280_img|5453_img
4640,FINEEARRING,Amazon Collection,metal,14k White Gold Cushion Checkerboard Cut Created Ruby Studs (8mm),B00UYIH6SM.jpg,a photo of a 14k White Gold Cushion Checkerboard Cut Created Ruby Studs (8mm),1,0,4640_img|5458_img|5479_img|4747_img|5193_img|5077_img|4990_img|4693_img|4858_img|4995_img|5157_img|5172_img|5414_img|4587_img|5475_img|4546_img|5121_img|5134_img|4891_img|4929_img
4641,KITCHEN,Strathwood by Amazon.com,Unknown Material,Strathwood Forged Stainless Steel 4-Piece BBQ Tool Set,B000FUIYXA.jpg,a photo of a Strathwood Forged Stainless Steel 4-Piece BBQ Tool Set,1,0,4641_img|4671_img|5088_img|5470_img|4489_img|5599_img|4758_img|5020_img|5493_img|4850_img|5021_img|4774_img|5393_img|5006_img|5452_img|5416_img|4754_img|5547_img|5337_img|4821_img
4642,FINEEARRING,Amazon Collection,Metal,"14k Rose Gold Plated 925 Sterling Silver Round Prong-Set AAA Cubic Zirconia Hoop Earrings (.9"" Diameter) (1 cttw)",B01980UC8M.jpg,"a photo of a 14k Rose Gold Plated 925 Sterling Silver Round Prong-Set AAA Cubic Zirconia Hoop Earrings (.9"" Diameter) (1 cttw)",1,0,4642_img|4922_img|5063_img|4764_img|5062_img|4700_img|4909_img|4853_img|5556_img|5340_img|5443_img|5457_img|4797_img|4911_img|4493_img|5079_img|5584_img|5557_img|4954_img|5242_img
4643,CHAIR,Rivet,Polyester,"Amazon Brand - Rivet Eli Modern Curved-Back Dining Chair, Set of 2, 19.3""W, Lemongrass",B0853KTR7M.jpg,"a photo of a Amazon Brand - Rivet Eli Modern Curved-Back Dining Chair, Set of 2, 19.3""W, Lemongrass",1,0,4643_img|4748_img|5185_img|4714_img|4542_img|4586_img|5204_img|4497_img|5351_img|5341_img|4905_img|5586_img|5366_img|5064_img|5538_img|5376_img|4923_img|4481_img|5151_img|5534_img
4644,CHAIR,Stone & Beam,Nylon,"Amazon Brand - Stone & Beam Bagley Sectional Component, Left-Facing Loveseat, Fabric, 52""W, Stone",B07HZ7YDCL.jpg,"a photo of a Amazon Brand - Stone & Beam Bagley Sectional Component, Left-Facing Loveseat, Fabric, 52""W, Stone",1,0,4644_img|5060_img|4889_img|4629_img|4954_img|4911_img|5175_img|4490_img|4910_img|4696_img|5558_img|5022_img|4531_img|4660_img|5079_img|4863_img|4856_img|4768_img|4742_img|5483_img
4645,CELLULAR_PHONE_CASE,Amazon Brand - Solimo,Plastic,Amazon Brand - Solimo Designer Dry Flower On Wall 3D Printed Hard Back Case Mobile Cover for Oppo Reno 3 Pro,B0853WR5Y5.jpg,a photo of a Amazon Brand - Solimo Designer Dry Flower On Wall 3D Printed Hard Back Case Mobile Cover for Oppo Reno 3 Pro,0,-1,5207_img|5465_img|5596_img|4970_img|5571_img|5446_img|4779_img|5122_img|5369_img|4894_img|4827_img|4883_img|5230_img|4825_img|5210_img|5194_img|5561_img|5548_img|5330_img|5041_img
4646,TABLE,Alkove,Oak,"Marque Amazon - Alkove Hayes - Table basse avec rangement, 110 x 70 x 33 cm, Chene sauvage",B07SNKJYZL.jpg,"a photo of a Marque Amazon - Alkove Hayes - Table basse avec rangement, 110 x 70 x 33 cm, Chene sauvage",1,4,5401_img|4652_img|4602_img|4544_img|4646_img|4974_img|5345_img|4862_img|5471_img|5396_img|5181_img|5017_img|5023_img|4982_img|5274_img|5106_img|5432_img|4787_img|5355_img|5399_img
4647,SHOES,find.,Leather,"Amazon Brand - find. Women's Simple Slide Leather Sandal, Leopard, US 9.5",B07HZQM2QK.jpg,"a photo of a Amazon Brand - find. Women's Simple Slide Leather Sandal, Leopard, US 9.5",1,1,5546_img|4647_img|5431_img|5539_img|4504_img|5457_img|5293_img|5065_img|5584_img|5264_img|4882_img|5590_img|5035_img|4708_img|5349_img|5203_img|5579_img|5105_img|5511_img|5463_img
4648,FINENECKLACEBRACELETANKLET,Amazon Collection,Not Applicable,"14k White Gold 16"" Adjustable to 18"" 4-Prong Set Round-Cut Diamond Pendant (1/3 cttw, J-K Color, I2-I3 Clarity)",B01NCX7DJ1.jpg,"a photo of a 14k White Gold 16"" Adjustable to 18"" 4-Prong Set Round-Cut Diamond Pendant (1/3 cttw, J-K Color, I2-I3 Clarity)",1,4,5090_img|5295_img|5084_img|5577_img|4648_img|4875_img|5562_img|5319_img|5473_img|4728_img|5305_img|5055_img|5498_img|5395_img|5046_img|4690_img|5597_img|4679_img|4663_img|5521_img
4649,FINERING,Amazon Collection,strass;,"Anello in argento Sterling placcato platino o oro con 5 pietre taglio rotondo realizzato con zirconi Swarovski,Argento placcato platino,Size 7",B01NCX7Z2T.jpg,"a photo of a Anello in argento Sterling placcato platino o oro con 5 pietre taglio rotondo realizzato con zirconi Swarovski,Argento placcato platino,Size 7",1,0,4649_img|4738_img|5213_img|4945_img|4710_img|4932_img|5543_img|5438_img|5059_img|4536_img|5409_img|4963_img|5183_img|4794_img|5074_img|4601_img|4594_img|4742_img|5089_img|5593_img
4650,RUG,Ravenna Home,polyester,"Ravenna Home Baron Rug, 5'W x 7'6""L, Fine Lattice Design",B07NYSJWQF.jpg,"a photo of a Ravenna Home Baron Rug, 5'W x 7'6""L, Fine Lattice Design",1,0,4650_img|4713_img|5406_img|5381_img|4737_img|4580_img|4721_img|5504_img|5326_img|5058_img|5104_img|4723_img|5566_img|4522_img|4531_img|5015_img|4663_img|4525_img|4798_img|5509_img
4651,HOME_FURNITURE_AND_DECOR,Amazon Brand - Solimo,Plastic,"Amazon Brand - Solimo 12-inch Wall Clock -Sensation (Silent Movement, Black Frame)",B08GKZZ7H1.jpg,"a photo of a Amazon Brand - Solimo 12-inch Wall Clock -Sensation (Silent Movement, Black Frame)",1,7,5066_img|5180_img|5301_img|5138_img|5441_img|5507_img|5273_img|4651_img|5254_img|4826_img|5056_img|4726_img|4552_img|4782_img|4764_img|5488_img|5216_img|5526_img|5116_img|4482_img
4652,TABLE,Alkove,Buche,"Amazon Brand, Alkove, Hayes, Solid Wood Coffee Table, 70 x 70 x 45 cm, Beech Heartwood",B07K7LVMQ7.jpg,"a photo of a Amazon Brand, Alkove, Hayes, Solid Wood Coffee Table, 70 x 70 x 45 cm, Beech Heartwood",1,1,5401_img|4652_img|4974_img|4544_img|5345_img|5408_img|4602_img|5600_img|5181_img|4646_img|4862_img|5184_img|4576_img|5471_img|5267_img|4545_img|5097_img|4899_img|4787_img|5355_img
4653,SHOES,find.,Textile,FIND Women's Sneakers Leather Lace-up Multicolour (Multicolor) 6 UK (39 EU),B06X9TSBT4.jpg,a photo of a FIND Women's Sneakers Leather Lace-up Multicolour (Multicolor) 6 UK (39 EU),1,0,4653_img|5430_img|5312_img|4833_img|5590_img|4613_img|5420_img|4511_img|5259_img|5324_img|5078_img|4967_img|5293_img|5445_img|5379_img|5392_img|5463_img|4619_img|4890_img|5387_img
4654,CELLULAR_PHONE_CASE,Amazon Brand - Solimo,Canvas,Amazon Brand - Solimo Designer Panda Pattern 3D Printed Hard Back Case Mobile Cover for Micromax Canvas Knight 2 E471,B07T251LN3.jpg,a photo of a Amazon Brand - Solimo Designer Panda Pattern 3D Printed Hard Back Case Mobile Cover for Micromax Canvas Knight 2 E471,1,0,4654_img|5334_img|5221_img|5091_img|5207_img|4722_img|4743_img|4927_img|4607_img|4900_img|4931_img|4994_img|5042_img|4975_img|4540_img|5597_img|5477_img|5059_img|5098_img|5561_img
4655,HOME_FURNITURE_AND_DECOR,Movian,Legno,"Marchio Amazon - Movian Lamp Table, Glass, High Gloss White",B07PNGGMJM.jpg,"a photo of a Marchio Amazon - Movian Lamp Table, Glass, High Gloss White",1,11,5023_img|5583_img|5271_img|5327_img|5017_img|5106_img|5024_img|4770_img|5068_img|5432_img|5534_img|4655_img|5586_img|5189_img|5104_img|4824_img|4549_img|4903_img|5484_img|4535_img
4656,CHAIR,Stone & Beam,hardwood covered in polyester fabric,"Amazon Brand - Stone & Beam Sascha Removable Cushion Wingback Accent Chair, 34.6""W, Ivory",B07124WCH8.jpg,"a photo of a Amazon Brand - Stone & Beam Sascha Removable Cushion Wingback Accent Chair, 34.6""W, Ivory",1,2,5390_img|4732_img|4656_img|4916_img|5555_img|4777_img|4960_img|5529_img|5166_img|5489_img|5538_img|5403_img|4814_img|5491_img|4969_img|5246_img|5153_img|4749_img|4568_img|5570_img
4657,CHAIR,UMI,Panno,UMI. Essentials Sedia da Ufficio Sedia da Scrivania Sedia Ergonomica (Grigio),B07LC6HGS1.jpg,a photo of a UMI. Essentials Sedia da Ufficio Sedia da Scrivania Sedia Ergonomica (Grigio),1,10,4487_img|4968_img|4760_img|4823_img|4873_img|4523_img|5123_img|4703_img|5031_img|4964_img|4657_img|4664_img|5009_img|4773_img|5068_img|5268_img|4998_img|4984_img|4854_img|5145_img
4658,FINENECKLACEBRACELETANKLET,Amazon Collection,metal,"Amazon Collection14k Yellow Gold-Filled Letter""H"" Charm Pendant Necklace, 18""",B016RNUGVQ.jpg,"a photo of a Amazon Collection14k Yellow Gold-Filled Letter""H"" Charm Pendant Necklace, 18""",1,0,4658_img|4979_img|5167_img|4638_img|4785_img|4574_img|4520_img|5187_img|4842_img|4944_img|5036_img|5405_img|4938_img|4908_img|5279_img|4839_img|4841_img|5305_img|5190_img|4905_img
4659,CELLULAR_PHONE_CASE,Amazon Brand - Solimo,Silicon,Amazon Brand - Solimo Designer Sparkle Girl Boss UV Printed Soft Back Case Mobile Cover for Vivo V3 Max,B0853XKWXV.jpg,a photo of a Amazon Brand - Solimo Designer Sparkle Girl Boss UV Printed Soft Back Case Mobile Cover for Vivo V3 Max,1,1,5287_img|4659_img|5343_img|4578_img|5223_img|4919_img|5210_img|5395_img|5063_img|4628_img|5561_img|4626_img|5590_img|5494_img|4634_img|4972_img|4941_img|4975_img|4739_img|5230_img
4660,SOFA,Stone & Beam,stone,"Amazon Brand - Stone & Beam Andover Modern Right Chaise Sofa Sectional, 126""W, Grey",B07B4FZJP8.jpg,"a photo of a Amazon Brand - Stone & Beam Andover Modern Right Chaise Sofa Sectional, 126""W, Grey",1,0,4660_img|5175_img|5505_img|4767_img|4866_img|4955_img|4571_img|5060_img|5299_img|5543_img|4790_img|4606_img|4906_img|4644_img|4663_img|4529_img|4830_img|5079_img|4757_img|4911_img
4661,FINENECKLACEBRACELETANKLET,Amazon Collection,metal,"Amazon CollectionSterling Silver Round Disc Initial""O"" Pendant Necklace, 18.64""",B00CIOBVI6.jpg,"a photo of a Amazon CollectionSterling Silver Round Disc Initial""O"" Pendant Necklace, 18.64""",1,0,4661_img|5150_img|4979_img|4839_img|5473_img|5055_img|5494_img|5562_img|4764_img|5395_img|4520_img|5305_img|5170_img|5524_img|4989_img|5279_img|5187_img|5202_img|4797_img|4803_img
4662,KITCHEN,Amazon Brand Solimo,Ceramic,"Amazon Brand - Solimo Serving Bowl Set, 4 Pieces",B08BVK19SX.jpg,"a photo of a Amazon Brand - Solimo Serving Bowl Set, 4 Pieces",1,14,5285_img|5560_img|5147_img|4780_img|4786_img|5236_img|4491_img|5594_img|5585_img|4781_img|4843_img|4538_img|4526_img|5386_img|4662_img|5235_img|4774_img|5102_img|4718_img|4778_img
4663,RUG,Amazon Basics,Polypropylene,"Amazon Basics - 4'X6' Plush Diamond Trellis Shag Rug, Grey",B07TS7ZCVM.jpg,"a photo of a Amazon Basics - 4'X6' Plush Diamond Trellis Shag Rug, Grey",1,0,4663_img|4943_img|4854_img|4704_img|4522_img|5010_img|4596_img|4934_img|4901_img|5194_img|5265_img|4534_img|4721_img|4737_img|5296_img|5509_img|4667_img|5572_img|5342_img|4713_img
4664,CHAIR,AmazonBasics,Textile,"AmazonBasics Classic Adjustable Office Desk Chair - Twill Fabric, Beige (Renewed)",B07YHM1LDV.jpg,"a photo of a AmazonBasics Classic Adjustable Office Desk Chair - Twill Fabric, Beige (Renewed)",1,0,4664_img|4968_img|5123_img|5009_img|4873_img|4487_img|4760_img|4964_img|5031_img|5168_img|4657_img|4703_img|4484_img|5153_img|4823_img|5258_img|4732_img|4632_img|5468_img|4916_img
4665,CELLULAR_PHONE_CASE,Amazon Brand - Solimo,Plastic,Amazon Brand - Solimo Designer Blue Pattern Alphabet-N 3D Printed Hard Back Case Mobile Cover for Samsung Galaxy A50s,B081HN6Z59.jpg,a photo of a Amazon Brand - Solimo Designer Blue Pattern Alphabet-N 3D Printed Hard Back Case Mobile Cover for Samsung Galaxy A50s,1,0,4665_img|5162_img|5500_img|4584_img|4634_img|5230_img|5171_img|4580_img|4743_img|5565_img|5548_img|5561_img|4721_img|4893_img|4717_img|4603_img|4522_img|5369_img|5406_img|4972_img
4666,HOME_BED_AND_BATH,AmazonBasics,Microfiber,"AmazonBasics Lightweight Super Soft Easy Care Microfiber Sheet Set with 16"" Deep Pockets - Full, Navy Blue",B00Q7OB1TM.jpg,"a photo of a AmazonBasics Lightweight Super Soft Easy Care Microfiber Sheet Set with 16"" Deep Pockets - Full, Navy Blue",1,0,4666_img|4813_img|4680_img|4831_img|4499_img|5201_img|4928_img|4736_img|4706_img|5442_img|4745_img|5045_img|4949_img|4548_img|5514_img|4848_img|5002_img|4800_img|4762_img|5110_img
4667,HOME_BED_AND_BATH,AmazonBasics,Tela,"AmazonBasics - Cortinas opacas con aislamiento termico y alzapanos, 1 unidad, 135 x 244 cm, Verde",B072BPD4N3.jpg,"a photo of a AmazonBasics - Cortinas opacas con aislamiento termico y alzapanos, 1 unidad, 135 x 244 cm, Verde",1,0,4667_img|4848_img|5002_img|5352_img|4800_img|5554_img|5435_img|4512_img|5243_img|5599_img|4745_img|4499_img|4863_img|4878_img|5200_img|5266_img|5508_img|4855_img|4751_img|4711_img
4668,CELLULAR_PHONE_CASE,Amazon Brand - Solimo,Silicone,Amazon Brand - Solimo Designer Daddy's Girl and Mummy World UV Printed Soft Back Case Mobile Cover for Micromax Bharat 2 Plus,B0853X224B.jpg,a photo of a Amazon Brand - Solimo Designer Daddy's Girl and Mummy World UV Printed Soft Back Case Mobile Cover for Micromax Bharat 2 Plus,1,1,4739_img|4668_img|5542_img|5075_img|5039_img|4919_img|4769_img|5500_img|5287_img|4578_img|5524_img|4876_img|4659_img|5561_img|5343_img|5086_img|4972_img|4527_img|4743_img|5426_img
4669,KITCHEN,Amazon Brand - Solimo,Copper,"Amazon Brand - Solimo Copper Water Bottle (Plain, 700ml)",B07H3FDFV1.jpg,"a photo of a Amazon Brand - Solimo Copper Water Bottle (Plain, 700ml)",1,0,4669_img|5208_img|4841_img|5007_img|5179_img|4984_img|5154_img|5269_img|4939_img|5113_img|4788_img|4885_img|4892_img|5160_img|4987_img|4734_img|5087_img|4553_img|4857_img|5540_img
4670,FINERING,Amazon Collection,Not Applicable,"Platinum Plated Sterling Silver Freshwater Pearl with Frosty Mint Swarovski Zirconia Accents Ring, Size 6",B0756HCG6K.jpg,"a photo of a Platinum Plated Sterling Silver Freshwater Pearl with Frosty Mint Swarovski Zirconia Accents Ring, Size 6",1,1,5182_img|4670_img|5272_img|5544_img|4784_img|4932_img|4711_img|5237_img|4483_img|5402_img|5212_img|4822_img|4959_img|4605_img|4878_img|5248_img|4963_img|5119_img|5106_img|4738_img
4671,KITCHEN,Unknown,Stainless-Steel,Pinzon 6 piece 18/8 Stainless-Steel Tool Set with Canister Holder,B002JCSLVC.jpg,a photo of a Pinzon 6 piece 18/8 Stainless-Steel Tool Set with Canister Holder,1,1,4641_img|4671_img|5088_img|5006_img|5493_img|5245_img|5599_img|4489_img|5470_img|5087_img|4754_img|5520_img|5021_img|4821_img|4984_img|4758_img|4850_img|5020_img|4490_img|5437_img
4672,RUG,Rivet,cotton,"Rivet Textured Neutral Chevron Cotton Rug, 8' x 10', Grey",B072JC6WL3.jpg,"a photo of a Rivet Textured Neutral Chevron Cotton Rug, 8' x 10', Grey",1,1,5256_img|4672_img|5096_img|5464_img|5415_img|5010_img|5261_img|5397_img|5164_img|5227_img|5357_img|5070_img|5265_img|4702_img|4957_img|4703_img|5333_img|5135_img|5517_img|4596_img
4673,WALL_ART,Stone & Beam,wood,"Amazon Brand - Stone & Beam Modern Black and White Print Wall Art of Forest Snow, Grey Frame, 12"" x 12""",B073P6L98B.jpg,"a photo of a Amazon Brand - Stone & Beam Modern Black and White Print Wall Art of Forest Snow, Grey Frame, 12"" x 12""",1,0,4673_img|4501_img|4805_img|5328_img|4630_img|5436_img|4920_img|5536_img|5277_img|5421_img|5377_img|5413_img|4635_img|4904_img|4707_img|5497_img|4624_img|5222_img|5289_img|4541_img
4674,HOME_BED_AND_BATH,Pinzon by Amazon,100%_coton,"Pinzon by Amazon Ultrasoft Spannbetttuch, Perkal, 135 x 190 x 38 cm - Elfenbein",B00EQ5GCT8.jpg,"a photo of a Pinzon by Amazon Ultrasoft Spannbetttuch, Perkal, 135 x 190 x 38 cm - Elfenbein",1,0,4674_img|5417_img|4942_img|5148_img|5427_img|4623_img|5595_img|5471_img|4982_img|5274_img|5116_img|4965_img|5219_img|5414_img|4482_img|5283_img|4787_img|5355_img|5200_img|5568_img
4675,FINEEARRING,Amazon Collection,metal,"IGI-Certified 14k White Gold Round Cut Diamond Stud Earrings (3/4 cttw, H-I Color, I1 Clarity)",B006A06O4K.jpg,"a photo of a IGI-Certified 14k White Gold Round Cut Diamond Stud Earrings (3/4 cttw, H-I Color, I1 Clarity)",1,5,4508_img|5452_img|5597_img|5044_img|4818_img|4675_img|4697_img|4754_img|5292_img|5073_img|4931_img|4944_img|5036_img|5405_img|5440_img|4586_img|5323_img|5018_img|4999_img|4816_img
4676,RUG,Stone & Beam,wool,"Amazon Brand - Stone & Beam Contemporary Floral Medallion Wool Area Rug, 5' x 8', Grey on Ivory",B07QGFZWRM.jpg,"a photo of a Amazon Brand - Stone & Beam Contemporary Floral Medallion Wool Area Rug, 5' x 8', Grey on Ivory",1,0,4676_img|5510_img|4704_img|5342_img|5207_img|4605_img|4596_img|5127_img|5322_img|4770_img|5260_img|4901_img|5164_img|5176_img|4569_img|4649_img|5425_img|5119_img|5135_img|5330_img
4677,FINEEARRING,Amazon Essentials,Metal,"Amazon Essentials - Pendientes de tuerca chapados en plata de ley pulida ,Oro rosa plateado (Rose Gold Plated Sterling Silver) ,4mm",B01F1QEWJM.jpg,"a photo of a Amazon Essentials - Pendientes de tuerca chapados en plata de ley pulida ,Oro rosa plateado (Rose Gold Plated Sterling Silver) ,4mm",1,1,4857_img|4677_img|4687_img|5443_img|5160_img|4885_img|5522_img|5479_img|5179_img|5007_img|4987_img|5208_img|4967_img|5556_img|4637_img|4841_img|4922_img|5113_img|5557_img|4521_img
4678,SOFA,Rivet,Polyester,"Amazon Brand - Rivet Edgewest Low Back Modern Sofa, 87""W, Rouge Red",B07B4NW715.jpg,"a photo of a Amazon Brand - Rivet Edgewest Low Back Modern Sofa, 87""W, Rouge Red",1,0,4678_img|4636_img|5308_img|4858_img|5478_img|4990_img|5592_img|5414_img|5344_img|4640_img|4546_img|5475_img|4827_img|5161_img|4565_img|4830_img|5329_img|5121_img|4808_img|5163_img
4679,FINENECKLACEBRACELETANKLET,Amazon Collection,Cristal,"Collar chapado en plata con colgante de cristal con texto""You and Me"", 45,7 cm,Elefante",B01LXK8ZXJ.jpg,"a photo of a Collar chapado en plata con colgante de cristal con texto""You and Me"", 45,7 cm,Elefante",1,1,5524_img|4679_img|5395_img|4783_img|5150_img|5494_img|5078_img|5580_img|5202_img|5055_img|4626_img|5305_img|5280_img|5319_img|4494_img|4797_img|4839_img|5090_img|5385_img|5453_img
4680,HOME_BED_AND_BATH,AmazonBasics,Microfiber,"AmazonBasics Lightweight Super Soft Easy Care Microfiber Sheet Set with 16"" Deep Pockets - Twin, Spa Blue",B00Q7OA8FK.jpg,"a photo of a AmazonBasics Lightweight Super Soft Easy Care Microfiber Sheet Set with 16"" Deep Pockets - Twin, Spa Blue",1,1,4813_img|4680_img|4666_img|4831_img|5045_img|5201_img|4499_img|4745_img|4848_img|5002_img|5502_img|4928_img|4706_img|4800_img|4992_img|4736_img|4667_img|4949_img|5564_img|4548_img
4681,SHOES,Solefit,Mesh,Solefit Men's Blue Running Shoes-6 UK (39 EU) (SLF-1108),B07YF9VH5K.jpg,a photo of a Solefit Men's Blue Running Shoes-6 UK (39 EU) (SLF-1108),1,8,5143_img|5125_img|4802_img|4564_img|4879_img|5239_img|5199_img|5004_img|4681_img|5487_img|5475_img|5114_img|5140_img|4789_img|4619_img|4861_img|5093_img|5314_img|4546_img|5587_img
4682,WALL_ART,Stone & Beam,Paper,"Amazon Brand - Stone & Beam Modern Print of 1879 San Francisco Map Wall Art, Black Frame, 18"" x 18""",B073P1CJMW.jpg,"a photo of a Amazon Brand - Stone & Beam Modern Print of 1879 San Francisco Map Wall Art, Black Frame, 18"" x 18""",1,0,4682_img|4498_img|4867_img|5225_img|4624_img|4630_img|5421_img|4698_img|5497_img|5250_img|5563_img|5118_img|5003_img|4635_img|5507_img|5360_img|4707_img|4726_img|5364_img|5109_img
4683,FINERING,Amazon Collection,metall,"Ring Sterling-Silber 925 platiniert oder vergoldet Swarovski-Kristalle,wei,Size 6",B00FRIJK60.jpg,"a photo of a Ring Sterling-Silber 925 platiniert oder vergoldet Swarovski-Kristalle,wei,Size 6",1,14,4738_img|5213_img|4710_img|5543_img|5183_img|4515_img|4649_img|4536_img|5409_img|4945_img|5040_img|5438_img|4897_img|4601_img|4683_img|5581_img|4910_img|5558_img|4742_img|5593_img
4684,SHOES,Amazon Brand - Symbol,Leather,Amazon Brand - Symbol Men's Black Loafers-6 UK/India (39 EU)(AZ-WS-999E),B078XXCGJG.jpg,a photo of a Amazon Brand - Symbol Men's Black Loafers-6 UK/India (39 EU)(AZ-WS-999E),1,1,5309_img|4684_img|5035_img|5466_img|5105_img|5158_img|4859_img|5047_img|4817_img|4597_img|4701_img|5511_img|5234_img|5034_img|5546_img|5584_img|4946_img|5220_img|5488_img|4708_img
4685,HOME_FURNITURE_AND_DECOR,AmazonBasics,MDF & Particle board,AmazonBasics Modern 50-Inch Wood TV Console and Cube Organizer - Solid Black,B07P7VBMKP.jpg,a photo of a AmazonBasics Modern 50-Inch Wood TV Console and Cube Organizer - Solid Black,1,0,4685_img|5496_img|5488_img|5092_img|4921_img|5103_img|5080_img|5032_img|5398_img|5575_img|5003_img|5094_img|5481_img|4899_img|5375_img|4530_img|4552_img|5137_img|5014_img|5456_img
4686,HOME_FURNITURE_AND_DECOR,Stone & Beam,wood,"Amazon Brand - Stone & Beam Andover Slipcover Studio Sofa Couch, 78""W, Linen Fabric",B07B4L1NG2.jpg,"a photo of a Amazon Brand - Stone & Beam Andover Slipcover Studio Sofa Couch, 78""W, Linen Fabric",1,0,4686_img|4529_img|5252_img|5226_img|5491_img|4732_img|5459_img|5083_img|4616_img|4832_img|5191_img|5489_img|5390_img|5555_img|5335_img|4484_img|5168_img|5495_img|5348_img|4750_img
4687,FINERING,Amazon Collection,Not Applicable,Rose Gold Plated Sterling Silver Misty Rose Topaz Stud Earrings made with Swarovski Topaz Gemstones,B0753LZ19Y.jpg,a photo of a Rose Gold Plated Sterling Silver Misty Rose Topaz Stud Earrings made with Swarovski Topaz Gemstones,1,1,5443_img|4687_img|5157_img|5141_img|5077_img|4967_img|5016_img|4561_img|4995_img|5469_img|5557_img|4891_img|5373_img|4922_img|5007_img|5371_img|5193_img|4693_img|5479_img|5063_img
4688,HOME,AmazonBasics,Metal,"AmazonBasics - Marco para fotos, 13 x 18 cm, Niquel, Pack de 5 uds",B079LFHRT6.jpg,"a photo of a AmazonBasics - Marco para fotos, 13 x 18 cm, Niquel, Pack de 5 uds",1,0,4688_img|5516_img|5014_img|5456_img|5245_img|5375_img|5142_img|4570_img|4778_img|4490_img|4506_img|4745_img|5110_img|5124_img|4733_img|5582_img|4925_img|4736_img|5005_img|5224_img
4689,HOME_BED_AND_BATH,Pinzon by Amazon,Cotone,"Pinzon by Amazon Ultrasoft Bettwascheset, Perkal, Blau - Bijou Blue, 135x200 cm & 2 Kissenbezuge (50 x 75 cm)",B00EQ5F2IA.jpg,"a photo of a Pinzon by Amazon Ultrasoft Bettwascheset, Perkal, Blau - Bijou Blue, 135x200 cm & 2 Kissenbezuge (50 x 75 cm)",1,0,4689_img|4623_img|4965_img|5283_img|5201_img|4499_img|4831_img|4993_img|4745_img|4666_img|4813_img|4928_img|5502_img|4667_img|5442_img|4680_img|5045_img|5116_img|4674_img|5571_img
4690,FINENECKLACEBRACELETANKLET,Amazon Collection,Metal,"Sterling Silver Stationed Mini State Oregon Pendant Necklace, 16""+2"" Extender",B00N1PDEYA.jpg,"a photo of a Sterling Silver Stationed Mini State Oregon Pendant Necklace, 16""+2"" Extender",1,1,5046_img|4690_img|5303_img|5267_img|5084_img|5090_img|4648_img|4785_img|4908_img|5295_img|4991_img|5305_img|4728_img|5512_img|4875_img|4959_img|4839_img|4707_img|5289_img|4904_img
4691,CELLULAR_PHONE_CASE,Amazon Brand - Solimo,Plastic,"Amazon Brand - Solimo Vivo Z1 Pro Mobile Cover (Hard Back & Slim),Black",B07W2Z38YB.jpg,"a photo of a Amazon Brand - Solimo Vivo Z1 Pro Mobile Cover (Hard Back & Slim),Black",1,1,5481_img|4691_img|4947_img|5029_img|4966_img|5169_img|4977_img|4939_img|5488_img|4552_img|4927_img|4726_img|4769_img|5321_img|4782_img|5216_img|5268_img|5496_img|5351_img|4972_img
4692,FINEEARRING,Amazon Collection,Nicht zutreffend,Amazon Collection Sterling Silver Birthstone Halo Heart Stud Earrings Diamond,B073S84HP6.jpg,a photo of a Amazon Collection Sterling Silver Birthstone Halo Heart Stud Earrings Diamond,1,0,4692_img|4874_img|5353_img|4747_img|4610_img|5384_img|5026_img|4694_img|5229_img|4990_img|4820_img|4587_img|4640_img|5537_img|5141_img|5081_img|4911_img|4818_img|4753_img|5307_img
4693,FINEEARRING,Amazon Collection,Metal,"Pendientes de tuerca de plata de ley con corte de cojin, diseno de tablero de ajedrez,Azul,8mm",B00UYGOJDY.jpg,"a photo of a Pendientes de tuerca de plata de ley con corte de cojin, diseno de tablero de ajedrez,Azul,8mm",1,0,4693_img|5469_img|4912_img|5134_img|4967_img|5193_img|5532_img|4995_img|4891_img|4874_img|4572_img|5102_img|4556_img|4747_img|5336_img|5479_img|5157_img|4548_img|4993_img|5077_img
4694,FINERING,Amazon Collection,Metal,"Amazon CollectionPlatinum-Plated Sterling Silver Swarovski Zirconia Fancy Pink Heart Antique Ring, Size 9",B01IQU0GHM.jpg,"a photo of a Amazon CollectionPlatinum-Plated Sterling Silver Swarovski Zirconia Fancy Pink Heart Antique Ring, Size 9",1,1,5353_img|4694_img|4990_img|5384_img|5578_img|4794_img|4753_img|5370_img|5387_img|5402_img|4847_img|5388_img|4987_img|5026_img|4492_img|4610_img|4909_img|5229_img|5095_img|5215_img
4695,HOME_FURNITURE_AND_DECOR,Stone & Beam,stone,"Amazon Brand - Stone & Beam Marin Studded Loveseat, 60""W, Grey",B075X4N51W.jpg,"a photo of a Amazon Brand - Stone & Beam Marin Studded Loveseat, 60""W, Grey",1,0,4695_img|4767_img|5226_img|5483_img|4628_img|5529_img|5211_img|4948_img|4599_img|4768_img|5555_img|5459_img|5419_img|4950_img|5050_img|4956_img|4583_img|4866_img|4626_img|4529_img
4696,SOFA,Ravenna Home,Wood,"Amazon Brand - Ravenna Home Maplewood Reclining Console Loveseat, 81""W, Leather, Amber",B07QHYF1PP.jpg,"a photo of a Amazon Brand - Ravenna Home Maplewood Reclining Console Loveseat, 81""W, Leather, Amber",1,0,4696_img|5329_img|5067_img|4950_img|4832_img|5553_img|5412_img|4531_img|5349_img|4727_img|5514_img|5037_img|4864_img|5141_img|4808_img|4777_img|4650_img|5058_img|5485_img|5281_img
4697,FINEEARRING,Amazon Collection,Metal,"Pendientes chapados en platino de plata de ley con circonita cubica. ,Sin color ,7",B0028K3LF6.jpg,"a photo of a Pendientes chapados en platino de plata de ley con circonita cubica. ,Sin color ,7",0,-1,4922_img|5567_img|4911_img|5323_img|5385_img|4692_img|5196_img|4954_img|5088_img|4818_img|5248_img|5378_img|5593_img|5534_img|4747_img|4556_img|4924_img|4675_img|5245_img|4754_img
4698,WALL_ART,Rivet,Wood,"Amazon Brand - Rivet Pop Art Print of New York City Map in Primary Colors, 26"" x 38""",B073P12PK4.jpg,"a photo of a Amazon Brand - Rivet Pop Art Print of New York City Map in Primary Colors, 26"" x 38""",1,0,4698_img|5109_img|5117_img|4498_img|4867_img|4682_img|4999_img|4996_img|5347_img|5197_img|5027_img|5360_img|5232_img|4567_img|5159_img|4918_img|4621_img|5076_img|5381_img|5421_img
4699,SHOES,Amazon Brand - Symbol,Polyester,Amazon Brand - Symbol Men's Green Sneakers-10 (AZ-YS-198 C),B07BDY8ZBD.jpg,a photo of a Amazon Brand - Symbol Men's Green Sneakers-10 (AZ-YS-198 C),1,0,4699_img|4888_img|4653_img|5445_img|4720_img|4848_img|5002_img|4766_img|4959_img|4800_img|4903_img|5435_img|5554_img|4863_img|4711_img|5598_img|5243_img|5293_img|4555_img|4565_img
4700,FINERING,Amazon Collection,No aplica,"Amazon CollectionRose Gold-Plated Sterling Silver Swarovski Zirconia Ring, Size 6",B0735CBJT1.jpg,"a photo of a Amazon CollectionRose Gold-Plated Sterling Silver Swarovski Zirconia Ring, Size 6",1,5,5557_img|5506_img|4897_img|4885_img|5007_img|4700_img|4627_img|5160_img|4493_img|5128_img|4987_img|4492_img|5392_img|5540_img|5443_img|5062_img|4687_img|5179_img|4845_img|5329_img
4701,HOME_FURNITURE_AND_DECOR,Stone & Beam,stone,Amazon Brand - Stone & Beam Andover Modern Seating Collection,B07CSWV1S5.jpg,a photo of a Amazon Brand - Stone & Beam Andover Modern Seating Collection,0,-1,5491_img|4695_img|5483_img|4599_img|5555_img|5529_img|5226_img|4529_img|4950_img|4686_img|5252_img|4969_img|5050_img|4948_img|5495_img|5515_img|4656_img|5390_img|4550_img|5459_img
4702,RUG,Stone & Beam,Polypropylene,"Stone & Beam Sophia Contemporary Area Rug, 7' 6"" x 9' 6"", Grey",B07HSM8NKP.jpg,"a photo of a Stone & Beam Sophia Contemporary Area Rug, 7' 6"" x 9' 6"", Grey",0,-1,5342_img|4704_img|5127_img|4569_img|5510_img|5051_img|4596_img|5176_img|5115_img|4969_img|5400_img|4901_img|5397_img|5501_img|5403_img|5059_img|5517_img|4943_img|5238_img|4672_img
4703,CHAIR,Rivet,Textile,"Amazon Brand - Rivet Modern Upholstered Swivel Office Chair, 25""W, Gray",B07QF9Y248.jpg,"a photo of a Amazon Brand - Rivet Modern Upholstered Swivel Office Chair, 25""W, Gray",1,0,4703_img|5241_img|5123_img|5166_img|5258_img|4664_img|5204_img|5064_img|4968_img|4657_img|4964_img|4487_img|4760_img|4873_img|5246_img|5009_img|5072_img|5490_img|4969_img|5211_img
4704,RUG,Stone & Beam,stone,"Amazon Brand - Stone & Beam Modern Naturally Ornate Rug, 8' x 10', Charcoal",B072PX4GR1.jpg,"a photo of a Amazon Brand - Stone & Beam Modern Naturally Ornate Rug, 8' x 10', Charcoal",1,1,5342_img|4704_img|4901_img|5051_img|4569_img|4596_img|5400_img|4628_img|4540_img|5115_img|5176_img|4911_img|5127_img|5419_img|5510_img|4515_img|5566_img|5053_img|4767_img|5543_img
4705,RUG,Stone & Beam,stone,"Amazon Brand - Stone & Beam Los Altos Striped Dhurrie Farmhouse Area Rug, 4' x 6' 6"", Orange and Ivory",B075ZLCMQ2.jpg,"a photo of a Amazon Brand - Stone & Beam Los Altos Striped Dhurrie Farmhouse Area Rug, 4' x 6' 6"", Orange and Ivory",1,0,4705_img|5504_img|5381_img|5501_img|5362_img|5156_img|4719_img|5519_img|4581_img|5506_img|5155_img|5485_img|4650_img|4512_img|4713_img|5592_img|4885_img|5522_img|4846_img|5128_img
4706,HOME_BED_AND_BATH,Pinzon by Amazon,100%-cotton,Pinzon by Amazon 100% Cotton Towel Set with Two Hand Towels -Indigo Blue,B00EQ5JE16.jpg,a photo of a Pinzon by Amazon 100% Cotton Towel Set with Two Hand Towels -Indigo Blue,1,1,4563_img|4706_img|4992_img|5359_img|4791_img|4973_img|5022_img|5006_img|5572_img|4666_img|5532_img|5462_img|4915_img|5380_img|5124_img|4499_img|5474_img|4952_img|5310_img|4831_img
4707,WALL_ART,Rivet,wood,"Amazon Brand - Rivet Modern Gold Pyramid Triangle Print Wall Art, 20"" x 20"", Black Frame",B073P5PZ5T.jpg,"a photo of a Amazon Brand - Rivet Modern Gold Pyramid Triangle Print Wall Art, 20"" x 20"", Black Frame",1,1,5289_img|4707_img|5550_img|5003_img|5250_img|4600_img|4635_img|5449_img|5413_img|4730_img|4688_img|4630_img|5436_img|5559_img|4570_img|5382_img|5333_img|5090_img|5257_img|5563_img
4708,SHOES,Amazon Brand - Symbol,Canvas,Amazon Brand - Symbol Men's Blue Canvas Loafers-8 (AZ-KY-228B),B079TYPVL7.jpg,a photo of a Amazon Brand - Symbol Men's Blue Canvas Loafers-8 (AZ-KY-228B),1,1,5105_img|4708_img|5035_img|5466_img|4684_img|5284_img|4817_img|5220_img|5309_img|4789_img|4619_img|5463_img|4946_img|4504_img|4613_img|5539_img|5584_img|5579_img|5502_img|5310_img
4709,CELLULAR_PHONE_CASE,Amazon Brand - Solimo,Silicone,Amazon Brand - Solimo Designer Water Drops UV Printed Soft Back Case Mobile Cover for Oppo F3 Plus,B08569KS1T.jpg,a photo of a Amazon Brand - Solimo Designer Water Drops UV Printed Soft Back Case Mobile Cover for Oppo F3 Plus,1,0,4709_img|5086_img|4876_img|5230_img|4743_img|4915_img|5380_img|4997_img|5548_img|4634_img|5286_img|4941_img|5210_img|4919_img|4580_img|5502_img|5473_img|4877_img|4496_img|5101_img
4710,FINERING,Amazon Collection,metal,"Platinum-Plated Sterling Silver All-Around Band Ring set with Round Swarovski Zirconia (1 cttw), Size 5",B014WC3AHQ.jpg,"a photo of a Platinum-Plated Sterling Silver All-Around Band Ring set with Round Swarovski Zirconia (1 cttw), Size 5",1,0,4710_img|4742_img|5558_img|5438_img|4910_img|5543_img|5581_img|4911_img|4515_img|5418_img|5132_img|5297_img|4799_img|5444_img|4822_img|5040_img|4683_img|5173_img|5593_img|4954_img
4711,FINENECKLACEBRACELETANKLET,Amazon Collection,metal,"Bracelet infini en argent sterling avec pierres precieuses et diamants (0,10 carat, couleur I-J, purete I2-I3)",B00KYO3AEU.jpg,"a photo of a Bracelet infini en argent sterling avec pierres precieuses et diamants (0,10 carat, couleur I-J, purete I2-I3)",1,13,5363_img|4895_img|5543_img|4710_img|5056_img|4742_img|5578_img|5533_img|4847_img|5062_img|5558_img|4799_img|5438_img|4711_img|5418_img|4822_img|5174_img|5581_img|5444_img|5018_img
4712,HOME_BED_AND_BATH,Amazon Brand - Solimo,Cotton,"Amazon Brand - Solimo Waterproof Mattress Protector Single Size (White, 36X78 Inches)",B06WV773LG.jpg,"a photo of a Amazon Brand - Solimo Waterproof Mattress Protector Single Size (White, 36X78 Inches)",1,0,4712_img|4997_img|4502_img|5530_img|4966_img|5169_img|5260_img|4915_img|5380_img|5106_img|5569_img|4770_img|5233_img|5263_img|4709_img|5144_img|5034_img|4535_img|5304_img|5544_img
4713,RUG,Ravenna Home,Polyester,"Ravenna Home Forsyth Rug, 8'W x 10'L, Geometric Medallion Design, Blue",B07NZX6KDH.jpg,"a photo of a Ravenna Home Forsyth Rug, 8'W x 10'L, Geometric Medallion Design, Blue",1,3,4717_img|5406_img|4721_img|4713_img|5400_img|4548_img|5326_img|5265_img|4723_img|4650_img|4843_img|5147_img|4534_img|5162_img|5015_img|5051_img|5504_img|5566_img|5381_img|5232_img
4714,CHAIR,Rivet,Polyester,"Amazon Brand - Rivet Contemporary Curved-Back Armless Dining Chair, 35""H, Felt Gray, Set of 2",B07QBQCG6J.jpg,"a photo of a Amazon Brand - Rivet Contemporary Curved-Back Armless Dining Chair, 35""H, Felt Gray, Set of 2",1,1,5204_img|4714_img|5064_img|4523_img|5351_img|4497_img|5586_img|4586_img|5241_img|5151_img|5541_img|4969_img|4755_img|5166_img|5534_img|4481_img|4773_img|4542_img|5196_img|4703_img
4715,WALL_ART,Rivet,canvas,"Amazon Brand - Rivet Aerial Turquoise Blue Overhead Photo of Mediterranean Beach 16"" X 24""",B073P13J43.jpg,"a photo of a Amazon Brand - Rivet Aerial Turquoise Blue Overhead Photo of Mediterranean Beach 16"" X 24""",1,1,4625_img|4715_img|4983_img|5469_img|4952_img|5502_img|4741_img|5564_img|4618_img|5413_img|4572_img|5232_img|4989_img|4759_img|4488_img|5182_img|5197_img|5105_img|5202_img|4639_img
4716,FINERING,Amazon Collection,metal,"10k Yellow Gold Diamond Accent Band, Size 7",B009X3OH1I.jpg,"a photo of a 10k Yellow Gold Diamond Accent Band, Size 7",1,0,4716_img|5418_img|4842_img|4799_img|5444_img|5275_img|5551_img|5173_img|4973_img|5160_img|4905_img|4944_img|5036_img|5405_img|4710_img|5540_img|4788_img|5533_img|4892_img|5279_img
4717,RUG,Stone & Beam,wool,"Amazon Brand - Stone & Beam Contemporary Interlocking Rings Wool Area Rug, 8 x 11 Foot, Navy",B072LY33WR.jpg,"a photo of a Amazon Brand - Stone & Beam Contemporary Interlocking Rings Wool Area Rug, 8 x 11 Foot, Navy",1,0,4717_img|4548_img|4721_img|4650_img|4534_img|4713_img|5284_img|5227_img|4886_img|5400_img|5220_img|4518_img|5051_img|4666_img|4796_img|5265_img|5362_img|5504_img|5572_img|5501_img
4718,TABLE,Strathwood by Amazon.com,Resin,Strathwood All-Weather Cashmere Wicker Rectangular Coffee Table,B000W9F8F6.jpg,a photo of a Strathwood All-Weather Cashmere Wicker Rectangular Coffee Table,1,5,5407_img|4585_img|4626_img|4628_img|5412_img|4718_img|4898_img|5255_img|4956_img|5528_img|5509_img|5375_img|4767_img|4620_img|4737_img|4776_img|4647_img|4895_img|5419_img|5238_img
4719,HOME_FURNITURE_AND_DECOR,Stone & Beam,leather,"Amazon Brand - Stone & Beam Striped Leather Area Rug, 5 x 8 Foot, Beige",B07B51T9SR.jpg,"a photo of a Amazon Brand - Stone & Beam Striped Leather Area Rug, 5 x 8 Foot, Beige",1,0,4719_img|4705_img|5156_img|5501_img|5464_img|5096_img|4702_img|4957_img|5397_img|4930_img|5227_img|4937_img|4672_img|5010_img|5218_img|5127_img|5261_img|5517_img|5504_img|4650_img
4720,SHOES,Amazon Brand - Symbol,Synthetic,Amazon Brand - Symbol Men's White Sneakers-11 UK/India (46 EU) (AZ-YS-187 C),B07914BSLG.jpg,a photo of a Amazon Brand - Symbol Men's White Sneakers-11 UK/India (46 EU) (AZ-YS-187 C),1,4,5034_img|4888_img|4766_img|4890_img|4720_img|5379_img|4824_img|5047_img|4613_img|5312_img|4616_img|5324_img|4859_img|4565_img|4770_img|4597_img|4562_img|5112_img|4619_img|5489_img
4721,RUG,Rivet,"80% Wool, 20% Cotton","Amazon Brand - Rivet Modern Geometric Triangle Wool Area Rug, 5 x 8 Foot, Blue Ivory",B0732QTV7D.jpg,"a photo of a Amazon Brand - Rivet Modern Geometric Triangle Wool Area Rug, 5 x 8 Foot, Blue Ivory",1,0,4721_img|5227_img|5265_img|4713_img|5010_img|5261_img|4957_img|4548_img|4717_img|5232_img|5015_img|5406_img|4930_img|5464_img|4549_img|4937_img|5096_img|5415_img|5365_img|5333_img
4722,CELLULAR_PHONE_CASE,Amazon Brand - Solimo,Plastic,Amazon Brand - Solimo Designer Elephant 3D Printed Hard Back Case Mobile Cover for Samsung Galaxy M31,B08511JTJX.jpg,a photo of a Amazon Brand - Solimo Designer Elephant 3D Printed Hard Back Case Mobile Cover for Samsung Galaxy M31,1,0,4722_img|5042_img|4679_img|4913_img|5334_img|4919_img|4540_img|5461_img|4654_img|5025_img|5091_img|4634_img|4740_img|5222_img|5098_img|5448_img|4815_img|5221_img|5078_img|4900_img
4723,HOME_BED_AND_BATH,AmazonBasics,Poliester,AmazonBasics - Juego de Cama de 5 Piezas (Color Rojo),B07SG8KT2L.jpg,a photo of a AmazonBasics - Juego de Cama de 5 Piezas (Color Rojo),1,14,5110_img|5592_img|5414_img|4736_img|5372_img|4678_img|5522_img|5478_img|4928_img|4800_img|5161_img|5058_img|4521_img|4813_img|4723_img|4949_img|4680_img|5014_img|5456_img|5288_img
4724,RUG,Amazon Basics,Polypropylene,"Amazon Basics Modern Plush High-Pile Shag Area Rug - 6x9 (5'11"" x 8'10""), Beige",B07Q9TCG88.jpg,"a photo of a Amazon Basics Modern Plush High-Pile Shag Area Rug - 6x9 (5'11"" x 8'10""), Beige",1,1,5468_img|4724_img|4854_img|4943_img|5168_img|4484_img|5010_img|4503_img|4676_img|4937_img|4607_img|4900_img|5510_img|5376_img|4828_img|4902_img|4716_img|4609_img|4571_img|5153_img
4725,KITCHEN,Amazon Brand - Solimo,Aluminium,"Amazon Brand - Solimo Non Stick Frypan (24 cm, 2 coat, 2mm thickness)",B07P7W8NK1.jpg,"a photo of a Amazon Brand - Solimo Non Stick Frypan (24 cm, 2 coat, 2mm thickness)",1,0,4725_img|5358_img|4898_img|5012_img|4611_img|5513_img|5552_img|4582_img|5351_img|5286_img|5053_img|5295_img|4526_img|5084_img|5393_img|4648_img|5090_img|5541_img|5302_img|5165_img
4726,TABLE,Rivet,wood,"Amazon Brand - Rivet Mid-Century Modern Round Black Wood Nesting Side End Table, 15.7"" W, Dark Oak",B072ZKPK7J.jpg,"a photo of a Amazon Brand - Rivet Mid-Century Modern Round Black Wood Nesting Side End Table, 15.7"" W, Dark Oak",1,1,5170_img|4726_img|5526_img|4612_img|4552_img|5139_img|4836_img|5192_img|5575_img|4788_img|4940_img|5424_img|5422_img|5398_img|4971_img|5600_img|5115_img|5107_img|4545_img|4923_img
4727,SOFA,Rivet,Leather,"Amazon Brand - Rivet Aiden Mid-Century Leather Sectional with Tapered Wood Legs, 86""W, Dark Brown",B07QJYGDZ9.jpg,"a photo of a Amazon Brand - Rivet Aiden Mid-Century Leather Sectional with Tapered Wood Legs, 86""W, Dark Brown",1,0,4727_img|4856_img|5163_img|4808_img|5170_img|4696_img|5069_img|4955_img|5037_img|5079_img|5013_img|4837_img|5175_img|5067_img|5136_img|4868_img|4977_img|4650_img|5416_img|5032_img
4728,FINENECKLACEBRACELETANKLET,Amazon Essentials,metal,"Amazon Essentials Sterling Silver Singapore Bead Chain Station Necklace, 24""",B00200K8Q4.jpg,"a photo of a Amazon Essentials Sterling Silver Singapore Bead Chain Station Necklace, 24""",1,0,4728_img|5055_img|5434_img|5453_img|4810_img|4661_img|4853_img|5473_img|5174_img|5562_img|4784_img|5378_img|4865_img|5544_img|5305_img|4841_img|5172_img|5056_img|4803_img|5084_img
4729,FINERING,Amazon Collection,metal,"Platinum-plated Sterling Silver Princess-Cut Solitaire Ring made with Swarovski Zirconia (2 cttw), Size 5",B014WC3AJY.jpg,"a photo of a Platinum-plated Sterling Silver Princess-Cut Solitaire Ring made with Swarovski Zirconia (2 cttw), Size 5",1,2,5206_img|5450_img|4729_img|4592_img|5498_img|4875_img|4494_img|5084_img|5295_img|5394_img|4896_img|4601_img|5131_img|5319_img|5090_img|5073_img|5183_img|4697_img|5292_img|4648_img
4730,WALL_ART,Rivet,Cotton,"Amazon Brand - Rivet Arizona Desert Sand Horizon Photo with Wood Hanger, 16"" x 20""",B073P77B6B.jpg,"a photo of a Amazon Brand - Rivet Arizona Desert Sand Horizon Photo with Wood Hanger, 16"" x 20""",1,0,4730_img|5449_img|4631_img|5436_img|5497_img|5328_img|5099_img|5338_img|5225_img|4740_img|5421_img|5382_img|4516_img|4985_img|5027_img|4625_img|4715_img|4673_img|4763_img|5536_img
4731,WALL_ART,Rivet,canvas,"Amazon Brand - Rivet Abstract Black, Silver, Pink Canvas Wall Art Print, 16"" x 24""",B073P1H655.jpg,"a photo of a Amazon Brand - Rivet Abstract Black, Silver, Pink Canvas Wall Art Print, 16"" x 24""",1,0,4731_img|5100_img|4567_img|5476_img|5425_img|4485_img|5117_img|5129_img|4887_img|4976_img|5197_img|4847_img|4909_img|4942_img|5464_img|5135_img|4533_img|5241_img|5159_img|4999_img
4732,CHAIR,Stone & Beam,stone,"Amazon Brand - Stone & Beam Larkin Living Room Accent Swivel Chair, 30""W, Beige",B075X43FQZ.jpg,"a photo of a Amazon Brand - Stone & Beam Larkin Living Room Accent Swivel Chair, 30""W, Beige",1,1,5390_img|4732_img|4916_img|5555_img|5191_img|5491_img|5538_img|5166_img|5366_img|5252_img|4656_img|5529_img|5489_img|4484_img|4960_img|5168_img|4664_img|4662_img|5335_img|4807_img
4733,HOME_FURNITURE_AND_DECOR,Movian,Wood,"Amazon Brand - Movian 1-Door, 2-Shelf Bookcase, 80 x 111 x 35 cm, High Gloss White",B084S6HM5R.jpg,"a photo of a Amazon Brand - Movian 1-Door, 2-Shelf Bookcase, 80 x 111 x 35 cm, High Gloss White",1,6,5582_img|5484_img|5263_img|5282_img|4917_img|4925_img|4733_img|4761_img|5205_img|5189_img|4935_img|4535_img|5094_img|5023_img|5149_img|4824_img|5106_img|4801_img|5316_img|5092_img
4734,KITCHEN,Amazon Brand - Solimo,Plastic,"Amazon Brand - Solimo Oil Pourer (700ml), White",B07FY38FW1.jpg,"a photo of a Amazon Brand - Solimo Oil Pourer (700ml), White",1,4,5087_img|4958_img|4939_img|4869_img|4734_img|4553_img|4872_img|5006_img|4754_img|4821_img|5474_img|4865_img|4604_img|4777_img|5437_img|4501_img|4805_img|5359_img|4892_img|5363_img
4735,FINENECKLACEBRACELETANKLET,Amazon Collection,metal,"Men's 14k Gold-Filled 4-Way Medal Pendant Necklace with Gold-Plated Stainless Steel Chain, 24""",B00LCX76MY.jpg,"a photo of a Men's 14k Gold-Filled 4-Way Medal Pendant Necklace with Gold-Plated Stainless Steel Chain, 24""",1,16,4785_img|4979_img|4638_img|5167_img|4881_img|4841_img|4658_img|4574_img|5275_img|5187_img|4908_img|4716_img|4842_img|4519_img|4645_img|5305_img|4735_img|5453_img|4938_img|4520_img
4736,HOME_BED_AND_BATH,AmazonBasics,100% katoen,"AmazonBasics Everyday Dekbedovertrekset van 100% katoen, 200 x 200 cm en 2 kussenslopen, 80 x 80 cm, donkerpaars",B00UZ6OU4G.jpg,"a photo of a AmazonBasics Everyday Dekbedovertrekset van 100% katoen, 200 x 200 cm en 2 kussenslopen, 80 x 80 cm, donkerpaars",1,5,4623_img|4667_img|5296_img|4965_img|4617_img|4736_img|5554_img|4928_img|4800_img|4689_img|5283_img|4745_img|5058_img|4848_img|5002_img|5110_img|5288_img|5429_img|5061_img|5116_img
4737,TABLE,Strathwood by Amazon.com,Aluminum,Strathwood Falkner 32-Inch Bar Table,B000W9BS0A.jpg,a photo of a Strathwood Falkner 32-Inch Bar Table,0,-1,5104_img|5396_img|5541_img|5255_img|5017_img|5013_img|5021_img|5053_img|4801_img|5393_img|4641_img|4834_img|4758_img|5416_img|5192_img|5337_img|5032_img|5080_img|4977_img|5174_img
4738,FINERING,Amazon Collection,METALLO,"Anello in argento Sterling placcato platino o oro con 7 pietre e zirconi Swarovski,Argento placcato platino,Size 5",B014WC38KK.jpg,"a photo of a Anello in argento Sterling placcato platino o oro con 7 pietre e zirconi Swarovski,Argento placcato platino,Size 5",1,4,5438_img|4710_img|5543_img|4932_img|4738_img|5213_img|4649_img|4945_img|4742_img|5211_img|4683_img|5593_img|5089_img|4594_img|5578_img|4694_img|5183_img|4536_img|5409_img|4628_img
4739,CELLULAR_PHONE_CASE,Amazon Brand - Solimo,Silicon,Amazon Brand - Solimo Designer Daddy's Girl and Mummy World UV Printed Soft Back Case Mobile Cover for Gionee F9 Plus,B0854KHN8S.jpg,a photo of a Amazon Brand - Solimo Designer Daddy's Girl and Mummy World UV Printed Soft Back Case Mobile Cover for Gionee F9 Plus,1,0,4739_img|4668_img|5542_img|4769_img|5039_img|4919_img|5075_img|5287_img|5500_img|4578_img|4972_img|4876_img|5561_img|5098_img|4645_img|5086_img|5343_img|4659_img|4743_img|4975_img
4740,WALL_ART,Rivet,Wood,"Amazon Brand - Rivet 9-Piece Southwest Bison Desert Mural Wall Art on Wood, 60"" x 60""",B073P5YXFV.jpg,"a photo of a Amazon Brand - Rivet 9-Piece Southwest Bison Desert Mural Wall Art on Wood, 60"" x 60""",1,0,4740_img|5099_img|5338_img|4913_img|5042_img|5448_img|5222_img|4815_img|4904_img|4631_img|4812_img|4730_img|4884_img|4985_img|5118_img|4485_img|5328_img|4577_img|5318_img|5421_img
4741,WALL_ART,Stone & Beam,canvas,"Amazon Brand - Stone & Beam Modern Abstract Blue and Tan Ocean Print Wall Art on Canvas, 24"" x 28""",B073P1J9CR.jpg,"a photo of a Amazon Brand - Stone & Beam Modern Abstract Blue and Tan Ocean Print Wall Art on Canvas, 24"" x 28""",1,0,4741_img|4625_img|4715_img|4485_img|5389_img|4976_img|5197_img|4551_img|4983_img|5449_img|4759_img|4615_img|4541_img|4730_img|4533_img|4631_img|4918_img|4985_img|4904_img|5117_img
4742,FINERING,Amazon Collection,metal,"Platinum-Plated Sterling Silver All-Around Band Ring set with Round Swarovski Zirconia (1 cttw), Size 7",B00FXW78RI.jpg,"a photo of a Platinum-Plated Sterling Silver All-Around Band Ring set with Round Swarovski Zirconia (1 cttw), Size 7",1,1,4710_img|4742_img|5558_img|4910_img|5438_img|5543_img|5581_img|4911_img|4515_img|5418_img|5132_img|5297_img|4799_img|5444_img|4822_img|5040_img|4683_img|5173_img|5593_img|5521_img
4743,CELLULAR_PHONE_CASE,Amazon Brand - Solimo,Silicon,Amazon Brand - Solimo Designer Random UV Printed Soft Back Case Mobile Cover for Microsoft Lumia 535,B0854873HN.jpg,a photo of a Amazon Brand - Solimo Designer Random UV Printed Soft Back Case Mobile Cover for Microsoft Lumia 535,1,0,4743_img|4634_img|5230_img|5098_img|5177_img|4988_img|4947_img|4645_img|5500_img|5334_img|5210_img|4528_img|4769_img|4927_img|5477_img|5207_img|4919_img|4883_img|5122_img|5025_img
4744,WALL_ART,Rivet,Acrylic,"Amazon Brand - Rivet Modern Sketch of Ballet Dancer on White Background Framed Wall Art Home Decor - 39.42 x 31.42 x 2.27 Inch, Maple",B07JLNFJG8.jpg,"a photo of a Amazon Brand - Rivet Modern Sketch of Ballet Dancer on White Background Framed Wall Art Home Decor - 39.42 x 31.42 x 2.27 Inch, Maple",1,0,4744_img|4501_img|4805_img|5328_img|5159_img|4983_img|5126_img|5003_img|5582_img|4688_img|5162_img|4635_img|4630_img|5516_img|4516_img|4759_img|4920_img|5197_img|5279_img|5149_img
4745,HOME_BED_AND_BATH,AmazonBasics,100% Cotton,"AmazonBasics 400 Thread Count Sheet Set, Queen, Seafoam Green",B01FT9NL8E.jpg,"a photo of a AmazonBasics 400 Thread Count Sheet Set, Queen, Seafoam Green",1,2,4848_img|5002_img|4745_img|5045_img|5454_img|4800_img|5243_img|4680_img|4813_img|5599_img|4711_img|4786_img|4555_img|4762_img|5554_img|5201_img|4512_img|4605_img|4633_img|4667_img
4746,HOME_FURNITURE_AND_DECOR,Movian,Wood,Movian GW-TOP Shoe Cabinet 3190,B085211FB7.jpg,a photo of a Movian GW-TOP Shoe Cabinet 3190,1,1,4761_img|4746_img|4925_img|5325_img|5149_img|4733_img|5205_img|5019_img|5057_img|5092_img|5484_img|4685_img|4505_img|5282_img|5582_img|4751_img|5460_img|5545_img|5263_img|5126_img
4747,FINEEARRING,Amazon Essentials,metall,Amazon Essentials Sterling Silver Genuine or Simulated Birthstone Round Cut Stud Earrings,B000MFGN8G.jpg,a photo of a Amazon Essentials Sterling Silver Genuine or Simulated Birthstone Round Cut Stud Earrings,1,0,4747_img|4967_img|5469_img|4640_img|4995_img|4874_img|4692_img|4820_img|5141_img|4587_img|4675_img|4990_img|5336_img|4818_img|4891_img|5416_img|5216_img|5307_img|5443_img|5044_img
4748,CHAIR,Strathwood by Amazon.com,Aluminum,"Strathwood Rawley Sling Chair, Set of 2, Striped",B006TM8T9C.jpg,"a photo of a Strathwood Rawley Sling Chair, Set of 2, Striped",1,0,4748_img|4776_img|5385_img|4956_img|4524_img|5185_img|5323_img|5440_img|4557_img|4573_img|4936_img|4705_img|4719_img|4924_img|5547_img|4793_img|5519_img|4954_img|4671_img|5153_img
4749,CHAIR,Stone & Beam,stone,"Amazon Brand - Stone & Beam Appleton Farmhouse Recliner, 35""W, Smoke",B07B4CXSF3.jpg,"a photo of a Amazon Brand - Stone & Beam Appleton Farmhouse Recliner, 35""W, Smoke",1,13,4568_img|5052_img|4531_img|5356_img|4980_img|5037_img|4969_img|5403_img|5315_img|4916_img|5060_img|5300_img|5246_img|4749_img|4628_img|5346_img|4644_img|5211_img|4777_img|4490_img
4750,RUG,Stone & Beam,stone,"Amazon Brand - Stone & Beam Cooper Vintage Farmhouse Motif Wool Area Rug, 4 x 6 Foot, Charcoal and Beige",B0735XMSZ8.jpg,"a photo of a Amazon Brand - Stone & Beam Cooper Vintage Farmhouse Motif Wool Area Rug, 4 x 6 Foot, Charcoal and Beige",1,2,5176_img|5127_img|4750_img|5322_img|5238_img|5342_img|5397_img|4569_img|4749_img|5517_img|5486_img|4609_img|4551_img|4846_img|4704_img|5510_img|5400_img|5051_img|4676_img|4934_img
4751,WALL_ART,Stone & Beam,stone,"Amazon Brand - Stone & Beam Modern Rustic Wood Farmhouse Window Shutter Wall Art Home Decor - 13 x 48 Inches, Tiffany Blue",B07B8FHTMV.jpg,"a photo of a Amazon Brand - Stone & Beam Modern Rustic Wood Farmhouse Window Shutter Wall Art Home Decor - 13 x 48 Inches, Tiffany Blue",1,5,4920_img|4983_img|4533_img|5350_img|4583_img|4751_img|4891_img|5389_img|4759_img|4952_img|5493_img|4711_img|5328_img|5331_img|4560_img|4942_img|5021_img|5126_img|5254_img|4591_img
4752,FINENECKLACEBRACELETANKLET,Amazon Collection,metal,Amazon CollectionSterling Silver Cushion Checkerboard Cut Amethyst Pendant Necklace (6mm),B00UYGOJBG.jpg,a photo of a Amazon CollectionSterling Silver Cushion Checkerboard Cut Amethyst Pendant Necklace (6mm),1,0,4752_img|5535_img|5193_img|4556_img|5280_img|4995_img|5134_img|4982_img|5274_img|5172_img|4487_img|4519_img|5262_img|5303_img|5276_img|4792_img|5108_img|5595_img|4823_img|4928_img
4753,FINERING,Amazon Collection,metal,"10k White Gold Diamond Heart Ring (0.03 cttw, I-J Color, I2-I3 Clarity), Size 7",B000XECJJI.jpg,"a photo of a 10k White Gold Diamond Heart Ring (0.03 cttw, I-J Color, I2-I3 Clarity), Size 7",1,0,4753_img|4794_img|5533_img|5562_img|4601_img|4494_img|4671_img|4592_img|4515_img|5183_img|5581_img|5384_img|5524_img|4610_img|5363_img|5028_img|4694_img|4991_img|4949_img|5388_img
4754,FINEEARRING,Amazon Collection,Fine-other-material,Rhodium Plated Sterling Silver Lever Back Dangle Earrings,B00YGY28N8.jpg,a photo of a Rhodium Plated Sterling Silver Lever Back Dangle Earrings,1,13,4924_img|4595_img|5378_img|5385_img|5248_img|5440_img|5567_img|5447_img|4557_img|4573_img|4936_img|4610_img|4926_img|4754_img|5196_img|5323_img|4981_img|4755_img|4912_img|5534_img
4755,FINEEARRING,Amazon Collection,gold-plated-silver,"18k Yellow Gold Plated Sterling Silver Round Tube Hoop Earrings (2 mm, 1.2"" Diameter)",B00PE3ZP30.jpg,"a photo of a 18k Yellow Gold Plated Sterling Silver Round Tube Hoop Earrings (2 mm, 1.2"" Diameter)",1,1,4905_img|4755_img|5341_img|5418_img|5551_img|4851_img|4842_img|4764_img|4643_img|4716_img|5107_img|5391_img|5279_img|4785_img|4844_img|4944_img|5036_img|5405_img|4574_img|5113_img
4756,SOFA,Movian,Tela,"Amazon Brand - Movian Ribe - Divano a 3 posti, 92 x 200 x 85 cm (Lu x La x A), verde scuro",B07VSV4783.jpg,"a photo of a Amazon Brand - Movian Ribe - Divano a 3 posti, 92 x 200 x 85 cm (Lu x La x A), verde scuro",1,1,5435_img|4756_img|4699_img|4787_img|5355_img|4863_img|4711_img|4855_img|4848_img|5002_img|4800_img|5178_img|5598_img|4667_img|4822_img|5344_img|4878_img|5554_img|5299_img|4959_img
4757,SOFA,Movian,"Compensato, Truciolato","Marchio Amazon - Movian, Jazz 3-Seater, Grey/Green",B07JVN89YF.jpg,"a photo of a Marchio Amazon - Movian, Jazz 3-Seater, Grey/Green",0,-1,4855_img|5435_img|4756_img|4793_img|4878_img|4711_img|4670_img|4903_img|4800_img|4932_img|5445_img|5266_img|4848_img|5002_img|5243_img|5598_img|4618_img|5237_img|4959_img|5406_img
4758,HOME_BED_AND_BATH,AmazonBasics,bronze,"AmazonBasics Lattice Cage Finial with 1"" Double Curtain Rod - 36-72"", Espresso (Dark Bronze)",B07MGK5ZZ3.jpg,"a photo of a AmazonBasics Lattice Cage Finial with 1"" Double Curtain Rod - 36-72"", Espresso (Dark Bronze)",1,5,5416_img|5337_img|4737_img|4865_img|5021_img|4758_img|4622_img|4895_img|4650_img|5266_img|5547_img|4751_img|5528_img|4584_img|5467_img|4667_img|5393_img|4490_img|4850_img|5082_img
4759,WALL_ART,Rivet,canvas,"Amazon Brand - Rivet Modern Print Wall Art of Blue Geode Detail in Silver Frame, 13.75"" x 13.75""",B073P1KFX5.jpg,"a photo of a Amazon Brand - Rivet Modern Print Wall Art of Blue Geode Detail in Silver Frame, 13.75"" x 13.75""",1,0,4759_img|4983_img|4533_img|4904_img|5503_img|5197_img|4501_img|4805_img|5162_img|4661_img|5382_img|5117_img|5336_img|4989_img|4993_img|5499_img|4874_img|4635_img|5230_img|5003_img
4760,CHAIR,AmazonBasics,Metal,AmazonBasics BIFMA Certified Gaming/Racing Style Office Chair - with Removable Headrest and High Back Cushion - White (Renewed),B07Z8TRG3Q.jpg,a photo of a AmazonBasics BIFMA Certified Gaming/Racing Style Office Chair - with Removable Headrest and High Back Cushion - White (Renewed),1,0,4760_img|4873_img|4968_img|4664_img|4964_img|5145_img|4777_img|5300_img|4793_img|4998_img|4586_img|4657_img|5031_img|5315_img|5153_img|4487_img|5346_img|5534_img|4824_img|4961_img
4761,HOME_FURNITURE_AND_DECOR,Movian,Wood,"Amazon Brand - Movian 1-Door, 2-Shelf Desk, 140 x 74 x 69 cm, High Gloss White",B084S6R7MV.jpg,"a photo of a Amazon Brand - Movian 1-Door, 2-Shelf Desk, 140 x 74 x 69 cm, High Gloss White",1,14,5068_img|5023_img|5484_img|5282_img|5205_img|5582_img|5263_img|5432_img|4535_img|5106_img|5189_img|4917_img|4935_img|4770_img|4761_img|5480_img|5534_img|5005_img|4649_img|5586_img
4762,HOME_BED_AND_BATH,Pinzon by Amazon,cotton,"Pinzon 500-Thread-Count Pima Cotton Sateen Bed Sheet Set -King, Canvas",B00CL5TH9C.jpg,"a photo of a Pinzon 500-Thread-Count Pima Cotton Sateen Bed Sheet Set -King, Canvas",1,0,4762_img|4633_img|5045_img|5454_img|5569_img|5527_img|4680_img|4831_img|5022_img|5217_img|4813_img|4973_img|5474_img|4791_img|4666_img|4563_img|4961_img|4509_img|5144_img|5426_img
4763,HOME,Onbekend,plastic,"Zep KB11 Basic Collection fotolijsten A4 kunsthars 21 x 29,7 cm zwart",B01CIBEY50.jpg,"a photo of a Zep KB11 Basic Collection fotolijsten A4 kunsthars 21 x 29,7 cm zwart",1,7,4688_img|5245_img|5003_img|4671_img|5006_img|5128_img|4744_img|4763_img|4630_img|5159_img|5124_img|5582_img|4570_img|5516_img|5533_img|4624_img|4635_img|5142_img|5110_img|5328_img
4764,FINEEARRING,Amazon Collection,Metal,"Amazon CollectionStainless Steel 50mm Flat Accent, Top Click Closure Hoop Earrings",B00E1GY8T8.jpg,"a photo of a Amazon CollectionStainless Steel 50mm Flat Accent, Top Click Closure Hoop Earrings",1,0,4764_img|5018_img|5056_img|4954_img|5196_img|5385_img|5340_img|5066_img|5440_img|4895_img|4737_img|5521_img|4924_img|5006_img|5363_img|5482_img|4642_img|5567_img|5406_img|5254_img
4765,HOME_FURNITURE_AND_DECOR,Stone & Beam,"Polyster/linen blend fabric, plywood frame","Amazon Brand - Stone & Beam Katama Slipcover Queen Headboard, 66""W, Lagoon",B07B4ZFC76.jpg,"a photo of a Amazon Brand - Stone & Beam Katama Slipcover Queen Headboard, 66""W, Lagoon",1,2,5083_img|5530_img|4765_img|5038_img|4583_img|4695_img|5439_img|5243_img|5304_img|5459_img|4978_img|5226_img|4599_img|4767_img|5348_img|4529_img|4591_img|4518_img|5137_img|5278_img
4766,SHOES,Klepe,Polyurethane,Klepe Men's White Sneakers-6 UK (40 EU) (7 US) (KP861/BLK),B07WWW9HZ7.jpg,a photo of a Klepe Men's White Sneakers-6 UK (40 EU) (7 US) (KP861/BLK),1,1,5047_img|4766_img|5034_img|4720_img|4890_img|5379_img|4859_img|4597_img|4888_img|5158_img|4824_img|5587_img|4861_img|5234_img|5309_img|5511_img|5220_img|5420_img|4619_img|5324_img
4767,HOME_FURNITURE_AND_DECOR,Stone & Beam,stone,"Amazon Brand - Stone & Beam Marin Nailhead Studded Sofa Couch, 87""W, Charcoal",B075X4PT66.jpg,"a photo of a Amazon Brand - Stone & Beam Marin Nailhead Studded Sofa Couch, 87""W, Charcoal",1,0,4767_img|4866_img|4591_img|4628_img|5278_img|4695_img|4599_img|4757_img|5050_img|5211_img|5439_img|5137_img|4550_img|4583_img|5133_img|5514_img|5419_img|5543_img|4765_img|5483_img
4768,SOFA,Movian,Tela,"Amazon Brand - Movian Stavis - Sofa cama, 74 x 146 x 87 cm (largo x ancho x alto), gris claro",B07VMLF9CB.jpg,"a photo of a Amazon Brand - Movian Stavis - Sofa cama, 74 x 146 x 87 cm (largo x ancho x alto), gris claro",1,1,5299_img|4768_img|5178_img|4948_img|5244_img|4830_img|5344_img|4757_img|4811_img|4868_img|5072_img|5490_img|4594_img|4507_img|4756_img|4955_img|5383_img|5313_img|5483_img|4599_img
4769,CELLULAR_PHONE_CASE,Amazon Brand - Solimo,Silicon,Amazon Brand - Solimo Designer Quotes UV Printed Soft Back Case Mobile Cover for Karbonn Aura Power 4G Plus,B08541R5XS.jpg,a photo of a Amazon Brand - Solimo Designer Quotes UV Printed Soft Back Case Mobile Cover for Karbonn Aura Power 4G Plus,1,0,4769_img|4927_img|5481_img|4947_img|4691_img|4528_img|5500_img|4972_img|5029_img|5257_img|4939_img|4668_img|5111_img|5025_img|4645_img|4669_img|4883_img|4743_img|5033_img|5377_img
4770,RUG,Rivet,Polypropylene,"Amazon Brand - Rivet Contemporary Polypropylene Area Rug, 5' 3"" x 7' 7"", Ivory",B07HSH9WBN.jpg,"a photo of a Amazon Brand - Rivet Contemporary Polypropylene Area Rug, 5' 3"" x 7' 7"", Ivory",1,1,5261_img|4770_img|5260_img|5135_img|4937_img|5164_img|4579_img|5010_img|5468_img|5256_img|4605_img|4555_img|5024_img|5415_img|5096_img|5119_img|5492_img|4957_img|5360_img|4676_img
4771,FINENECKLACEBRACELETANKLET,Amazon Collection,metal,"18k Yellow Gold Plated Sterling Silver Genuine Garnet and Diamond Accent Tennis Bracelet, 7.25""",B000SMNJ6M.jpg,"a photo of a 18k Yellow Gold Plated Sterling Silver Genuine Garnet and Diamond Accent Tennis Bracelet, 7.25""",1,0,4771_img|5308_img|5354_img|4678_img|5475_img|4546_img|4820_img|5062_img|4858_img|5551_img|5414_img|4847_img|5578_img|5418_img|5174_img|5451_img|5537_img|4799_img|4846_img|5392_img
4772,HOME_BED_AND_BATH,Pinzon by Amazon,pamuk,"Pinzon Hemstitch 400TC msr pamuk Sateen Fitted sheets, White, pamuk, Beyaz, 160 x 200 x 30",B00MPM1HYY.jpg,"a photo of a Pinzon Hemstitch 400TC msr pamuk Sateen Fitted sheets, White, pamuk, Beyaz, 160 x 200 x 30",1,0,4772_img|4835_img|4871_img|4674_img|4495_img|4942_img|5471_img|5502_img|5335_img|5112_img|4535_img|5219_img|5034_img|5316_img|5292_img|5379_img|5595_img|5205_img|5228_img|4604_img
4773,CHAIR,Movian,"Kunststoff, PU Leder",Set of 2 dining chairs.,B07TD48CNZ.jpg,a photo of a Set of 2 dining chairs.,1,14,4748_img|4542_img|5185_img|4524_img|5268_img|5534_img|4587_img|4523_img|5064_img|5586_img|4497_img|4481_img|4586_img|4714_img|4773_img|5351_img|4980_img|4643_img|5440_img|4924_img
4774,KITCHEN,Amazon Brand - Solimo,Stainless Steel,"Amazon Brand - Solimo 24 Piece Stainless Steel Cutlery Set, Vintage (Contains: 6 Table Spoons, 6 Tea Spoons, 6 Forks, 6 Dessert Spoons)",B06XZYVWN2.jpg,"a photo of a Amazon Brand - Solimo 24 Piece Stainless Steel Cutlery Set, Vintage (Contains: 6 Table Spoons, 6 Tea Spoons, 6 Forks, 6 Dessert Spoons)",1,2,5470_img|5020_img|4774_img|4641_img|5393_img|4671_img|5021_img|4489_img|5541_img|4850_img|5088_img|4781_img|4834_img|5493_img|4821_img|5082_img|5013_img|5006_img|5087_img|5285_img
4775,CELLULAR_PHONE_CASE,Amazon Brand - Solimo,Plastic,Amazon Brand - Solimo Designer Yellow Watermelon 3D Printed Hard Back Case Mobile Cover for Oppo A9 (2020),B08569L914.jpg,a photo of a Amazon Brand - Solimo Designer Yellow Watermelon 3D Printed Hard Back Case Mobile Cover for Oppo A9 (2020),1,0,4775_img|5247_img|4532_img|5433_img|4645_img|4988_img|5477_img|4799_img|5000_img|4584_img|5376_img|4589_img|5262_img|4559_img|4554_img|4883_img|5098_img|4528_img|4537_img|5085_img
4776,SOFA,Alkove,Tela,"Marchio Amazon - Alkove Elvas - Divano Modulare - Modulo chaise longue con vano contenitore e cuscino extra, 93 x 145 cm, pois",B07SHYWLVJ.jpg,"a photo of a Marchio Amazon - Alkove Elvas - Divano Modulare - Modulo chaise longue con vano contenitore e cuscino extra, 93 x 145 cm, pois",1,0,4776_img|4956_img|4801_img|5570_img|4793_img|5288_img|4723_img|4997_img|4768_img|5412_img|5407_img|5065_img|5477_img|5072_img|5490_img|4539_img|5144_img|4957_img|5028_img|5359_img
4777,CHAIR,Stone & Beam,Polyester,"Amazon Brand - Stone & Beam Lauren Down-Filled Oversized Living Room Accent Armchair with Hardwood Frame, 46""W, Pearl",B07P7NVGWX.jpg,"a photo of a Amazon Brand - Stone & Beam Lauren Down-Filled Oversized Living Room Accent Armchair with Hardwood Frame, 46""W, Pearl",1,1,4656_img|4777_img|4916_img|4960_img|5390_img|4749_img|5356_img|4732_img|5529_img|5555_img|5489_img|5166_img|5226_img|5538_img|5252_img|4950_img|5598_img|4969_img|5348_img|4568_img
4778,KITCHEN,UMI,glass,Umi. by Amazon 5 Piece Glass Container Food Storage Set with Lids,B07GYLL7M5.jpg,a photo of a Umi. by Amazon 5 Piece Glass Container Food Storage Set with Lids,1,9,5560_img|5585_img|5285_img|5014_img|5456_img|5386_img|4781_img|5147_img|4491_img|4778_img|5102_img|5087_img|4526_img|5269_img|4786_img|5437_img|5594_img|5323_img|5532_img|4780_img
4779,CELLULAR_PHONE_CASE,Amazon Brand - Solimo,Silicone,Amazon Brand - Solimo Designer Pink Flowers UV Printed Soft Back Case Mobile Cover for Sony Xperia XA1 Plus,B08569WGTC.jpg,a photo of a Amazon Brand - Solimo Designer Pink Flowers UV Printed Soft Back Case Mobile Cover for Sony Xperia XA1 Plus,1,1,4970_img|4779_img|5465_img|5446_img|4894_img|4827_img|5425_img|4887_img|5095_img|5207_img|4825_img|5428_img|5210_img|5596_img|5571_img|5402_img|5129_img|4521_img|5122_img|4607_img
4780,KITCHEN,AmazonBasics,Others,"(Renewed) AmazonBasics 18-Piece Dinnerware Set - Warm Beams, Service for 6",B08335DW9J.jpg,"a photo of a (Renewed) AmazonBasics 18-Piece Dinnerware Set - Warm Beams, Service for 6",1,0,4780_img|5594_img|4491_img|4538_img|5285_img|4781_img|4786_img|5102_img|5147_img|5235_img|4774_img|4843_img|5191_img|4489_img|5020_img|5513_img|5560_img|5030_img|4526_img|4662_img
4781,KITCHEN,AmazonBasics,Stainless Steel,"AmazonBasics 18-Piece Dinnerware Set, Service for 6 and International Silver Arabesque Frost 18/0 Stainless Steel Flatware, 20-Piece Set, Service for 4 (5114325) Bundle",B01M8HNS4G.jpg,"a photo of a AmazonBasics 18-Piece Dinnerware Set, Service for 6 and International Silver Arabesque Frost 18/0 Stainless Steel Flatware, 20-Piece Set, Service for 4 (5114325) Bundle",1,4,4774_img|5020_img|5285_img|5470_img|4781_img|5594_img|4780_img|4538_img|4491_img|4786_img|5235_img|4843_img|5541_img|5147_img|4834_img|5367_img|4641_img|4671_img|5358_img|4586_img
4782,HOME,UMI,Polyester,"UMI Merryfeel Microfiber Duvet Cover Set,Lightweight and Soft Bedding Set (8 Sizes,12 Colours)(200x200+2x80x80cm,Black)",B07PTPXHZ2.jpg,"a photo of a UMI Merryfeel Microfiber Duvet Cover Set,Lightweight and Soft Bedding Set (8 Sizes,12 Colours)(200x200+2x80x80cm,Black)",1,0,4782_img|5442_img|4795_img|4482_img|5116_img|5522_img|4949_img|5426_img|4966_img|5169_img|4526_img|5481_img|4736_img|4666_img|4527_img|5488_img|4552_img|4977_img|5050_img|5268_img
4783,FINENECKLACEBRACELETANKLET,Amazon Collection,Fine-other-materialglass,"Silver Plated Crystal Blue Unicorn Pendant Necklace, 18""",B07C55DFGN.jpg,"a photo of a Silver Plated Crystal Blue Unicorn Pendant Necklace, 18""",1,0,4783_img|5078_img|5499_img|4679_img|5448_img|4639_img|4989_img|5286_img|4618_img|4904_img|5202_img|4572_img|5319_img|5291_img|5369_img|5190_img|5482_img|5084_img|4648_img|4728_img
4784,FINERING,Amazon Collection,Metal,"Amazon CollectionPlatinum-Plated Sterling Silver Cubic Zirconia Bypass Freshwater Cultured Pearl Ring, Size 8",B0154UQW0C.jpg,"a photo of a Amazon CollectionPlatinum-Plated Sterling Silver Cubic Zirconia Bypass Freshwater Cultured Pearl Ring, Size 8",1,0,4784_img|5272_img|5544_img|5182_img|5212_img|5392_img|4670_img|5489_img|4616_img|5434_img|4987_img|5402_img|5106_img|5538_img|4656_img|4963_img|4664_img|5348_img|4732_img|5501_img
4785,FINENECKLACEBRACELETANKLET,Amazon Collection,Not applicable,"10k Yellow Gold New Jersey State Pendant Necklace, 16""+2"" Extender",B01MFA9927.jpg,"a photo of a 10k Yellow Gold New Jersey State Pendant Necklace, 16""+2"" Extender",1,0,4785_img|5167_img|4908_img|4979_img|4638_img|4574_img|4690_img|4841_img|5550_img|4716_img|4905_img|4842_img|5187_img|4788_img|4658_img|5168_img|5046_img|4938_img|4944_img|5405_img
4786,KITCHEN,AmazonBasics,Others,"(Renewed) AmazonBasics 18-Piece Stoneware Dinnerware Set - Mint, Service for 6",B0899GGD98.jpg,"a photo of a (Renewed) AmazonBasics 18-Piece Stoneware Dinnerware Set - Mint, Service for 6",1,5,4491_img|5594_img|4780_img|4538_img|5285_img|4786_img|5102_img|4781_img|5147_img|4843_img|5235_img|5191_img|4526_img|5560_img|4662_img|4489_img|4774_img|5020_img|5513_img|5030_img
4787,HOME_BED_AND_BATH,Pinzon by Amazon,100% cotton,"Pinzon Ultrasoft 180TC Fitted Sheets, Green 160 x 200 x 20 cm",B00MGSGE0Y.jpg,"a photo of a Pinzon Ultrasoft 180TC Fitted Sheets, Green 160 x 200 x 20 cm",1,0,4787_img|5355_img|5598_img|5417_img|4903_img|5554_img|5435_img|4699_img|5471_img|4982_img|5274_img|4855_img|4838_img|4711_img|5247_img|4959_img|4756_img|4653_img|4878_img|4674_img
4788,TABLE,Rivet,Metal,"Amazon Brand - Rivet Modern End Table, 19.3 Inch Width, Natural and Gold",B07HSKY87X.jpg,"a photo of a Amazon Brand - Rivet Modern End Table, 19.3 Inch Width, Natural and Gold",1,0,4788_img|5341_img|4902_img|4643_img|5113_img|5391_img|4905_img|4612_img|5394_img|5320_img|5107_img|4923_img|4655_img|5366_img|5131_img|4645_img|4844_img|5192_img|5261_img|5373_img
4789,SHOES,Amazon Brand - Symbol,Canvas,Amazon Brand - Symbol Men's Navy Canvas Sneakers-7 UK/India (41 EU) (AZ-GI-370A),B07DJM99GL.jpg,a photo of a Amazon Brand - Symbol Men's Navy Canvas Sneakers-7 UK/India (41 EU) (AZ-GI-370A),1,4,5284_img|5220_img|4619_img|4708_img|4789_img|4613_img|5125_img|4766_img|4720_img|4890_img|4859_img|5034_img|4565_img|5047_img|5239_img|5105_img|5114_img|5463_img|4681_img|4879_img
4790,HOME,Umi,Polyester,[Amazon] Umi.() BBQ,B089LN1L73.jpg,a photo of a [Amazon] Umi.() BBQ,0,-1,4641_img|5082_img|4778_img|4506_img|5375_img|5372_img|4737_img|4671_img|4490_img|5526_img|5349_img|5393_img|5141_img|4781_img|5020_img|5079_img|5008_img|5388_img|5269_img|5541_img
4791,HOME_BED_AND_BATH,AmazonBasics,100% Cotton,"AmazonBasics Heather Cotton Jersey Bed Sheet Set - Queen, Dark Grey",B01BTBRDE4.jpg,"a photo of a AmazonBasics Heather Cotton Jersey Bed Sheet Set - Queen, Dark Grey",1,0,4791_img|5022_img|4949_img|4762_img|4563_img|4928_img|4666_img|4736_img|4633_img|4680_img|4831_img|4813_img|5527_img|5045_img|4706_img|4482_img|5317_img|5509_img|5201_img|5200_img
4792,FINEEARRING,Amazon Collection,metal,Sterling Silver Genuine African Amethyst Butterfly Stud Earrings,B000MFF89G.jpg,a photo of a Sterling Silver Genuine African Amethyst Butterfly Stud Earrings,1,0,4792_img|4995_img|5193_img|4556_img|5141_img|5479_img|5108_img|5280_img|5369_img|4928_img|4736_img|5317_img|5296_img|4752_img|5590_img|4874_img|4967_img|5535_img|4850_img|5041_img
4793,CHAIR,Strathwood by Amazon.com,Steel,"Strathwood Basics Anti-Gravity Adjustable Recliner Chair, Lime Fizz",B000W8VD2E.jpg,"a photo of a Strathwood Basics Anti-Gravity Adjustable Recliner Chair, Lime Fizz",1,0,4793_img|4903_img|5266_img|5154_img|5153_img|5315_img|5598_img|4880_img|4559_img|4790_img|5467_img|5361_img|5052_img|4855_img|4532_img|5247_img|4699_img|4777_img|4775_img|5554_img
4794,FINERING,Amazon Collection,metal,"Platinum-Plated Silver Heart-Shape (1.5 cttw) Solitaire Ring made with Swarovski Zirconia, Size 8",B00G0M4G98.jpg,"a photo of a Platinum-Plated Silver Heart-Shape (1.5 cttw) Solitaire Ring made with Swarovski Zirconia, Size 8",1,0,4794_img|5384_img|4610_img|4753_img|4991_img|4492_img|5498_img|5353_img|5074_img|5562_img|5559_img|4729_img|5206_img|5450_img|5165_img|4963_img|5229_img|5026_img|5339_img|4592_img
4795,HOME,UMI,100% polyester,"UMI. Essentials Microfiber Duvet Cover Set,Lightweight and Soft Bedding Set (8 Sizes,12 Colours)(200x200+2x80x80cm,Chocolate)",B07PRGG8ZZ.jpg,"a photo of a UMI. Essentials Microfiber Duvet Cover Set,Lightweight and Soft Bedding Set (8 Sizes,12 Colours)(200x200+2x80x80cm,Chocolate)",1,0,4795_img|4782_img|5522_img|5442_img|5589_img|5568_img|5152_img|5195_img|5426_img|5116_img|5368_img|4527_img|5110_img|4851_img|4482_img|4949_img|5161_img|5283_img|4965_img|4977_img
4796,SOFA,Rivet,"Velvet, Hardwood frame, Metal legs","Amazon Brand - Rivet Emerly Modern Loveseat Sofa, 63""W, Navy",B073ZNVMSV.jpg,"a photo of a Amazon Brand - Rivet Emerly Modern Loveseat Sofa, 63""W, Navy",1,0,4796_img|4806_img|4507_img|4808_img|4636_img|5514_img|5284_img|5146_img|5332_img|4518_img|4606_img|4832_img|4993_img|4804_img|5220_img|5433_img|4914_img|5097_img|5178_img|4819_img
4797,FINERING,Amazon Collection,metal,"Rose Gold Plated Sterling Silver Halo Pendant Necklace set with Round Cut Swarovski Zirconia, 16""",B00NFSDYZW.jpg,"a photo of a Rose Gold Plated Sterling Silver Halo Pendant Necklace set with Round Cut Swarovski Zirconia, 16""",1,0,4797_img|4803_img|5473_img|5395_img|4700_img|4841_img|5063_img|5179_img|5291_img|4989_img|5577_img|5340_img|4853_img|5190_img|5557_img|5422_img|5202_img|4885_img|4810_img|5443_img
4798,WALL_ART,Stone & Beam,canvas,"Amazon Brand - Stone & Beam Modern Persian-Style Print on Canvas, 24"" x 36""",B073P23TT3.jpg,"a photo of a Amazon Brand - Stone & Beam Modern Persian-Style Print on Canvas, 24"" x 36""",1,0,4798_img|4884_img|5290_img|5198_img|5159_img|4525_img|4531_img|4996_img|5448_img|4522_img|4683_img|4580_img|5238_img|4621_img|4650_img|5425_img|5054_img|4540_img|4515_img|5566_img
4799,FINERING,Amazon Collection,platinum-plated-silver,"Platinum-Plated Sterling Silver Golden Yellow All-Around Band Ring made with Swarovski Zirconia, Size 5",B01ERB5UG6.jpg,"a photo of a Platinum-Plated Sterling Silver Golden Yellow All-Around Band Ring made with Swarovski Zirconia, Size 5",1,0,4799_img|5444_img|5418_img|5173_img|4716_img|5275_img|4842_img|4710_img|5558_img|4742_img|5433_img|5438_img|5543_img|4822_img|4771_img|5576_img|4828_img|5247_img|5581_img|4775_img
4800,HOME_BED_AND_BATH,AmazonBasics,100 % coton,"AmazonBasics Everyday 100% Cotton Duvet Set, Dark Green 200 x 200 cm & 2 Pillowcases 80 x 80 cm",B00UZ6MBZG.jpg,"a photo of a AmazonBasics Everyday 100% Cotton Duvet Set, Dark Green 200 x 200 cm & 2 Pillowcases 80 x 80 cm",1,0,4800_img|5554_img|4848_img|5002_img|5243_img|4745_img|4667_img|4512_img|5435_img|4680_img|4782_img|4863_img|4813_img|4555_img|4736_img|4699_img|4949_img|4795_img|5154_img|5296_img
4801,HOME_BED_AND_BATH,UMI,Rostfreier Edelstahl,"Umi. Essentials 24"" Wall Mounted Towel Rail with Double Grab Rail - Polished Stainless Steel",B07D54Z8V7.jpg,"a photo of a Umi. Essentials 24"" Wall Mounted Towel Rail with Double Grab Rail - Polished Stainless Steel",1,0,4801_img|5493_img|4560_img|4821_img|5452_img|5017_img|4758_img|5282_img|4865_img|5533_img|5263_img|5126_img|5508_img|5006_img|5021_img|4535_img|5396_img|4530_img|4754_img|5088_img
4802,SHOES,Klepe,Mesh,Klepe Men's Navy Flyknit with Memory Foam Running Shoes-11 UK (45 EU) (12 US) (BX020/NVY),B07XFTTPTX.jpg,a photo of a Klepe Men's Navy Flyknit with Memory Foam Running Shoes-11 UK (45 EU) (12 US) (BX020/NVY),1,3,5199_img|5093_img|5314_img|4802_img|5239_img|5587_img|5125_img|4879_img|5004_img|5143_img|5114_img|4789_img|4681_img|4564_img|4861_img|5284_img|5487_img|4708_img|5220_img|4666_img
4803,FINENECKLACEBRACELETANKLET,Amazon Collection,No aplica,"Colgante de plata de ley 925 chapada en oro rosa de 14 quilates para mujer con diseno de disco pulido en cadena de 45,7 cm, talla 0",B07CG8S77Q.jpg,"a photo of a Colgante de plata de ley 925 chapada en oro rosa de 14 quilates para mujer con diseno de disco pulido en cadena de 45,7 cm, talla 0",1,0,4803_img|4841_img|5179_img|4853_img|4797_img|5062_img|4849_img|4938_img|4576_img|5557_img|4483_img|4788_img|5113_img|4857_img|5430_img|4653_img|4687_img|5007_img|4677_img|5340_img
4804,SOFA,Amazon Brand - Solimo,Wood,Amazon Brand - Solimo Cosmos Fabric 3 seater Sofa (Blue),B07WN53W8K.jpg,a photo of a Amazon Brand - Solimo Cosmos Fabric 3 seater Sofa (Blue),1,0,4804_img|4870_img|4548_img|4864_img|5592_img|5478_img|4636_img|4993_img|4723_img|5564_img|4499_img|4952_img|4796_img|4706_img|5344_img|4757_img|4806_img|4666_img|5514_img|5326_img
4805,WALL_ART,Rivet,Paper,"Amazon Brand - Rivet Modern Black and White Floating Woman Photo Print Framed Wall Art Decor - 13 x 15 Inch Frame, Silver",B075YM2VXJ.jpg,"a photo of a Amazon Brand - Rivet Modern Black and White Floating Woman Photo Print Framed Wall Art Decor - 13 x 15 Inch Frame, Silver",1,2,4744_img|4501_img|4805_img|4635_img|4630_img|5003_img|5328_img|5100_img|5377_img|4541_img|4759_img|4624_img|5159_img|5436_img|4983_img|5257_img|4770_img|4763_img|4972_img|5563_img
4806,SOFA,Rivet,Velvet,"Amazon Brand - Rivet Alonzo Contemporary Velvet Loveseat Sofa, 64""W, Blue",B082VMZGDG.jpg,"a photo of a Amazon Brand - Rivet Alonzo Contemporary Velvet Loveseat Sofa, 64""W, Blue",1,4,4796_img|4636_img|4507_img|5514_img|4806_img|4518_img|5137_img|5146_img|4993_img|4914_img|4819_img|4804_img|4666_img|5336_img|5576_img|4840_img|5442_img|5383_img|5284_img|4689_img
4807,CHAIR,AmazonBasics,Foam,"Amazonbasics Small Low-Back Swivel Adjustable Memory Foam Floor Chair, Light Brown, Micro Fiber",B07NS3QCJH.jpg,"a photo of a Amazonbasics Small Low-Back Swivel Adjustable Memory Foam Floor Chair, Light Brown, Micro Fiber",1,0,4807_img|4873_img|5258_img|5123_img|4968_img|5009_img|4964_img|5346_img|4916_img|5315_img|5052_img|5246_img|4703_img|5203_img|5528_img|5153_img|5037_img|4657_img|4790_img|5555_img
4808,SOFA,Rivet,Leather,"Amazon Brand - Rivet Alonzo Contemporary Leather Loveseat Sofa, 64""W, Cognac",B082VMDFXN.jpg,"a photo of a Amazon Brand - Rivet Alonzo Contemporary Leather Loveseat Sofa, 64""W, Cognac",1,0,4808_img|5067_img|5329_img|4696_img|5097_img|4686_img|4864_img|4832_img|4796_img|4678_img|5278_img|4814_img|4503_img|5007_img|5553_img|5463_img|5332_img|5079_img|4806_img|5423_img
4809,WALL_ART,Rivet,wood,"Amazon Brand - Rivet Spring Pink Floral Print in Gold Wood Frame Wall Art, 20"" x 20""",B073P5QKCM.jpg,"a photo of a Amazon Brand - Rivet Spring Pink Floral Print in Gold Wood Frame Wall Art, 20"" x 20""",1,0,4809_img|5425_img|4887_img|5330_img|4884_img|4976_img|4615_img|4676_img|4614_img|5382_img|4779_img|4944_img|5036_img|5405_img|5328_img|4970_img|5536_img|5428_img|5465_img|5430_img
4810,FINENECKLACEBRACELETANKLET,Amazon Collection,rose-gold-plated-silver,"Amazon CollectionRose-Gold-Plated Sterling Silver Swarovski Zirconia Round-Cut Tennis Necklace (5mm), 17""",B00NFSDXR6.jpg,"a photo of a Amazon CollectionRose-Gold-Plated Sterling Silver Swarovski Zirconia Round-Cut Tennis Necklace (5mm), 17""",1,3,4853_img|4841_img|5062_img|4810_img|4803_img|5453_img|5179_img|4797_img|5557_img|4728_img|4909_img|5319_img|4642_img|5308_img|4700_img|4922_img|5055_img|5172_img|5190_img|5303_img
4811,SOFA,Movian,Polyester,Amazon Brand - Movian Billan Canape Tapisse 3 Places 216 x 83 x 79 cm Polyester Anti-Tache Gris Fonce/Gris Clair,B07K8XMDPN.jpg,a photo of a Amazon Brand - Movian Billan Canape Tapisse 3 Places 216 x 83 x 79 cm Polyester Anti-Tache Gris Fonce/Gris Clair,1,1,5299_img|4811_img|5244_img|4757_img|5178_img|4591_img|5543_img|4768_img|4955_img|4866_img|4583_img|5175_img|4594_img|4742_img|5438_img|5344_img|5200_img|5028_img|5439_img|4868_img
4812,WALL_ART,Stone & Beam,Paper,"Amazon Brand - Stone & Beam Modern Vibrant Horse Photo, Rustic Brown Frame, 18"" x 22""",B075YLQTGZ.jpg,"a photo of a Amazon Brand - Stone & Beam Modern Vibrant Horse Photo, Rustic Brown Frame, 18"" x 22""",1,0,4812_img|5448_img|4815_img|5099_img|5338_img|4913_img|5078_img|5222_img|5117_img|4740_img|4904_img|5042_img|4533_img|5197_img|5318_img|4996_img|4679_img|4621_img|4783_img|5328_img
4813,HOME_BED_AND_BATH,AmazonBasics,Microfiber,"AmazonBasics Lightweight Super Soft Easy Care Microfiber Sheet Set with 16"" Deep Pockets - Queen, Spa Blue",B00Q7OAFDK.jpg,"a photo of a AmazonBasics Lightweight Super Soft Easy Care Microfiber Sheet Set with 16"" Deep Pockets - Queen, Spa Blue",1,0,4813_img|4680_img|4666_img|4831_img|5045_img|5201_img|4499_img|4745_img|4848_img|5002_img|4928_img|5502_img|4800_img|4736_img|4706_img|4762_img|4949_img|4992_img|4667_img|5564_img
4814,CHAIR,Stone & Beam,Leather,"Amazon Brand - Stone & Beam Modern Leather Living Room Wingback Accent Chair, 32.75""W, Saddle",B075X4PTSN.jpg,"a photo of a Amazon Brand - Stone & Beam Modern Leather Living Room Wingback Accent Chair, 32.75""W, Saddle",1,0,4814_img|4980_img|4969_img|4531_img|5351_img|5346_img|5037_img|5211_img|5403_img|5121_img|4568_img|5300_img|5185_img|4656_img|4732_img|5390_img|5553_img|5166_img|4748_img|4542_img
4815,WALL_ART,Stone & Beam,paper,"Amazon Brand - Stone & Beam Modern Deer at Night II Print Wall Art Decor - 14 x 20 Inch Frame, Dark Brown",B075YLVQ7M.jpg,"a photo of a Amazon Brand - Stone & Beam Modern Deer at Night II Print Wall Art Decor - 14 x 20 Inch Frame, Dark Brown",1,0,4815_img|5222_img|4913_img|4812_img|5448_img|5099_img|5338_img|5042_img|4740_img|5491_img|4673_img|4904_img|5328_img|4969_img|5382_img|4631_img|5497_img|4755_img|5449_img|5318_img
4816,FINEEARRING,Amazon Collection,metal,Sterling Silver Cushion-Cut Checkerboard Created White Sapphire Stud Earrings (8mm),B00UYGOJ3Y.jpg,a photo of a Sterling Silver Cushion-Cut Checkerboard Created White Sapphire Stud Earrings (8mm),1,0,4816_img|5292_img|4693_img|5157_img|5077_img|4891_img|4697_img|5044_img|4508_img|5323_img|5134_img|4818_img|5534_img|5073_img|4921_img|5371_img|5385_img|5479_img|4535_img|4557_img
4817,SHOES,Centrino,Synthetic,Centrino Men's Tan Fisherman Sandals-9 UK (43 EU) (10 US) (6110-03),B08C389LTQ.jpg,a photo of a Centrino Men's Tan Fisherman Sandals-9 UK (43 EU) (10 US) (6110-03),1,2,5349_img|5203_img|4817_img|5281_img|5584_img|4946_img|5065_img|4504_img|5511_img|5466_img|5579_img|5546_img|5457_img|5155_img|4558_img|5431_img|4895_img|5105_img|5079_img|5037_img
4818,FINEEARRING,Amazon Collection,Metal,"IGI Certified 14k White Gold Round-Cut Diamond Studs (1/3 cttw, H-I Color, I1 Clarity)",B006A066OS.jpg,"a photo of a IGI Certified 14k White Gold Round-Cut Diamond Studs (1/3 cttw, H-I Color, I1 Clarity)",1,1,5044_img|4818_img|4675_img|4508_img|5597_img|5452_img|4697_img|5292_img|4816_img|5073_img|5371_img|5307_img|4754_img|4931_img|4692_img|4891_img|5440_img|5473_img|5534_img|4596_img
4819,FINERING,Amazon Collection,Unknown Material,Amazon Collection Amazon Collection rabunottoringu Sterling Silver K Yellow Gold Diamond Swiss Blue Topaz,B0043RTPIO.jpg,a photo of a Amazon Collection Amazon Collection rabunottoringu Sterling Silver K Yellow Gold Diamond Swiss Blue Topaz,1,5,4572_img|4618_img|5291_img|5469_img|5286_img|4819_img|4639_img|4989_img|5165_img|4783_img|5499_img|5336_img|5326_img|4723_img|5576_img|4693_img|5114_img|5065_img|4880_img|5369_img
4820,FINERING,Amazon Collection,Not Applicable,"10K Gold Swarovski Crystal January Birthstone Ring, Burgundy, Size 6",B07DCW7N5S.jpg,"a photo of a 10K Gold Swarovski Crystal January Birthstone Ring, Burgundy, Size 6",1,0,4820_img|5089_img|5308_img|4546_img|4990_img|5392_img|4694_img|5121_img|5537_img|5475_img|5451_img|5354_img|4858_img|4747_img|5161_img|5270_img|4640_img|4678_img|5478_img|4846_img
4821,KITCHEN,Amazon Brand - Solimo,Plastic,Amazon Brand - Solimo Stainless Steel Mortar and Pestle/Khalbatta,B07PBBWYKX.jpg,a photo of a Amazon Brand - Solimo Stainless Steel Mortar and Pestle/Khalbatta,1,0,4821_img|4500_img|5030_img|4892_img|5021_img|4494_img|4671_img|4611_img|4543_img|5493_img|4553_img|4754_img|5266_img|5393_img|5520_img|4939_img|4869_img|5323_img|4734_img|5437_img
4822,FINERING,Amazon Collection,No aplica,"Anillo de plata de ley chapada en platino con piedras preciosas autenticas o creadas con detalles de circonita Swarovski, esmeralda (Created Emerald)",B0747WPNM5.jpg,"a photo of a Anillo de plata de ley chapada en platino con piedras preciosas autenticas o creadas con detalles de circonita Swarovski, esmeralda (Created Emerald)",1,2,4932_img|4711_img|4822_img|4670_img|5182_img|4878_img|4486_img|4483_img|5089_img|4959_img|5237_img|4863_img|4903_img|5243_img|5438_img|5272_img|5336_img|4699_img|5503_img|4978_img
4823,CHAIR,AmazonBasics,"Metal, plywood, PU, foam",AmazonBasics High-Back Executive Swivel Office Desk Chair with Ribbed Puresoft Upholstery - Black (Renewed),B07W3DMJ7T.jpg,a photo of a AmazonBasics High-Back Executive Swivel Office Desk Chair with Ribbed Puresoft Upholstery - Black (Renewed),1,4,4657_img|4964_img|5031_img|5300_img|4823_img|4760_img|4873_img|5123_img|5346_img|4664_img|5009_img|5145_img|5315_img|5268_img|4968_img|4691_img|5351_img|5258_img|4773_img|4487_img
4824,SHOES,Amazon Brand - Symbol,Knit,Amazon Brand - Symbol Men's White 2 Textile Sneakers-7 UK (41 EU) (8 US) (SYM-ET-009A),B07VHVKS7B.jpg,a photo of a Amazon Brand - Symbol Men's White 2 Textile Sneakers-7 UK (41 EU) (8 US) (SYM-ET-009A),1,4,5379_img|4890_img|4766_img|4720_img|4824_img|5034_img|4888_img|4613_img|5312_img|5047_img|4619_img|4565_img|4859_img|5324_img|5420_img|5284_img|4708_img|4957_img|5144_img|5463_img
4825,CELLULAR_PHONE_CASE,Amazon Brand - Solimo,Silicone,Amazon Brand - Solimo Designer Red Roses UV Printed Soft Back Case Mobile Cover for Oppo A37,B0856BTF2W.jpg,a photo of a Amazon Brand - Solimo Designer Red Roses UV Printed Soft Back Case Mobile Cover for Oppo A37,1,2,4827_img|4894_img|4825_img|5465_img|5029_img|4970_img|5354_img|4614_img|5478_img|4779_img|5308_img|4525_img|4587_img|5095_img|4990_img|4858_img|4678_img|5161_img|5207_img|5145_img
4826,HOME_FURNITURE_AND_DECOR,Amazon Brand - Solimo,Plastic,"Amazon Brand - Solimo 12-inch Wall Clock - ICON (Silent Movement, Black Frame)",B08GL2HM1Z.jpg,"a photo of a Amazon Brand - Solimo 12-inch Wall Clock - ICON (Silent Movement, Black Frame)",1,8,5066_img|5180_img|5301_img|5138_img|5507_img|5441_img|5273_img|5254_img|4826_img|4651_img|5056_img|4726_img|5488_img|4782_img|4552_img|5216_img|4630_img|4624_img|4764_img|5116_img
4827,CELLULAR_PHONE_CASE,Amazon Brand - Solimo,Silicon,Amazon Brand - Solimo Designer Red Roses UV Printed Soft Back Case Mobile Cover for Lyf C459,B0854651ZY.jpg,a photo of a Amazon Brand - Solimo Designer Red Roses UV Printed Soft Back Case Mobile Cover for Lyf C459,1,0,4827_img|4894_img|4825_img|4614_img|5478_img|5354_img|4525_img|5465_img|5029_img|4970_img|5308_img|4779_img|4678_img|5095_img|4587_img|4990_img|4858_img|5145_img|5384_img|5161_img
4828,FINERING,Amazon Collection,Not Applicable,"Yellow-Gold-Plated Sterling Silver Round 3-Stone Ring made with Swarovski Zirconia (2 cttw), Size 8",B01N37UO76.jpg,"a photo of a Yellow-Gold-Plated Sterling Silver Round 3-Stone Ring made with Swarovski Zirconia (2 cttw), Size 8",1,0,4828_img|4590_img|4829_img|4627_img|5559_img|4845_img|4536_img|5409_img|4738_img|5213_img|4676_img|5557_img|4492_img|4902_img|4645_img|5074_img|5322_img|5392_img|5391_img|4897_img
4829,FINERING,Amazon Collection,No aplica,"Amazon CollectionYellow Gold Plated Sterling Silver Swarovski Zirconia Round 3-Stone Ring, Size 8",B01N265OF8.jpg,"a photo of a Amazon CollectionYellow Gold Plated Sterling Silver Swarovski Zirconia Round 3-Stone Ring, Size 8",1,2,4828_img|4590_img|4829_img|5559_img|4845_img|4627_img|4536_img|5409_img|4738_img|5213_img|4902_img|4676_img|4645_img|5173_img|5444_img|5557_img|4561_img|5131_img|4897_img|5089_img
4830,SOFA,Rivet,Leather,"Amazon Brand - Rivet Kaden Mid-Century Modern Adjustable Headrest Loveseat Sofa, 61.8""W, Light Grey",B07B4D8F4R.jpg,"a photo of a Amazon Brand - Rivet Kaden Mid-Century Modern Adjustable Headrest Loveseat Sofa, 61.8""W, Light Grey",1,3,5241_img|4703_img|4948_img|4830_img|4960_img|4768_img|5166_img|5246_img|5299_img|5383_img|5072_img|5490_img|4594_img|4955_img|5529_img|4487_img|5538_img|5178_img|4968_img|4656_img
4831,HOME_BED_AND_BATH,AmazonBasics,100% Cotton,"AmazonBasics 400TC Cotton Sateen Wrinkle Free Flat Sheet, Smokey Blue 280 x 320 + 10 cm",B00Q8I4PZO.jpg,"a photo of a AmazonBasics 400TC Cotton Sateen Wrinkle Free Flat Sheet, Smokey Blue 280 x 320 + 10 cm",1,0,4831_img|5502_img|5201_img|4666_img|4813_img|5045_img|4680_img|4495_img|4992_img|5527_img|4499_img|4942_img|5310_img|5572_img|4966_img|5169_img|5217_img|5589_img|4949_img|5429_img
4832,HOME_FURNITURE_AND_DECOR,Stone & Beam,Hardwood In Blend Of Cotton/Linen/Viscose/Polyester,"Amazon Brand - Stone & Beam Bryant Modern Sofa Couch with Slipcover, 85.1""W, Storm Grey",B072M1VG99.jpg,"a photo of a Amazon Brand - Stone & Beam Bryant Modern Sofa Couch with Slipcover, 85.1""W, Storm Grey",1,1,5226_img|4832_img|5495_img|5483_img|4948_img|4950_img|4830_img|4550_img|4529_img|4599_img|4536_img|5409_img|4866_img|5514_img|4768_img|5283_img|5252_img|5569_img|5459_img|4594_img
4833,SHOES,Flavia,Cotton,Flavia Women's Running Shoes (39 EU) (8 US) (F/HD0094/PNK_L.Pink_7 UK),B07YSPDKBW.jpg,a photo of a Flavia Women's Running Shoes (39 EU) (8 US) (F/HD0094/PNK_L.Pink_7 UK),1,0,4833_img|5430_img|4511_img|5312_img|5590_img|5370_img|5387_img|5095_img|5487_img|4521_img|4929_img|5215_img|4653_img|4847_img|4849_img|4824_img|4546_img|5179_img|5259_img|4887_img
4834,TABLE,Rivet,Metal,"Amazon Brand - Rivet Fulton Modern Rustic Dining Table, 71""L, Natural",B07QGWMTDY.jpg,"a photo of a Amazon Brand - Rivet Fulton Modern Rustic Dining Table, 71""L, Natural",1,0,4834_img|5541_img|5013_img|5053_img|5396_img|5600_img|4545_img|5422_img|5192_img|5204_img|5486_img|5175_img|4862_img|5139_img|4718_img|4971_img|5350_img|4836_img|5525_img|5366_img
4835,HOME_BED_AND_BATH,Pinzon by Amazon,100% cotton,"Pinzon by Amazon - Sabana bajera ajustable de saten (algodon egipcio, 200 x 200 x 20 cm), color gris claro",B00MPOC01G.jpg,"a photo of a Pinzon by Amazon - Sabana bajera ajustable de saten (algodon egipcio, 200 x 200 x 20 cm), color gris claro",0,-1,5283_img|4768_img|5072_img|5490_img|5595_img|4942_img|5313_img|4623_img|4868_img|4997_img|5417_img|4674_img|4510_img|5148_img|5427_img|5049_img|4487_img|4962_img|5429_img|4837_img
4836,TABLE,Movian,Glas,"Amazon Brand Movian Gauja Coffee Table, 80 x 80 x 40 cm (L x W x H), Brown",B07QPZLFCB.jpg,"a photo of a Amazon Brand Movian Gauja Coffee Table, 80 x 80 x 40 cm (L x W x H), Brown",1,2,5181_img|5032_img|4836_img|5148_img|5427_img|4646_img|5255_img|4576_img|5152_img|5170_img|5368_img|4974_img|5595_img|4544_img|4907_img|5528_img|5422_img|5345_img|4602_img|5224_img
4837,HOME_FURNITURE_AND_DECOR,Movian,Faux Leather,"Marque Amazon - Movian Galga - Chaise d'appoint, 90 x 105 x 98 cm (longueur x largeur x hauteur), Finition cuir refendu, Noir",B07VSV47FQ.jpg,"a photo of a Marque Amazon - Movian Galga - Chaise d'appoint, 90 x 105 x 98 cm (longueur x largeur x hauteur), Finition cuir refendu, Noir",1,0,4837_img|5268_img|4657_img|5315_img|5064_img|5351_img|5072_img|5490_img|4868_img|5300_img|4823_img|5049_img|4756_img|4773_img|4855_img|4977_img|4899_img|5133_img|4481_img|5553_img
4838,HOME_BED_AND_BATH,Pinzon by Amazon,Poliester,"Pinzon by Amazon - Sabana bajera ajustable (microfibra, 100 x 200 x 20 cm), color verde",B00M92KIG8.jpg,"a photo of a Pinzon by Amazon - Sabana bajera ajustable (microfibra, 100 x 200 x 20 cm), color verde",1,3,4787_img|5355_img|5435_img|4838_img|4699_img|4674_img|4863_img|4711_img|4848_img|5002_img|4982_img|5274_img|4517_img|4822_img|5471_img|5598_img|4756_img|4653_img|4800_img|5277_img
4839,FINENECKLACEBRACELETANKLET,Amazon Collection,metal,"Sterling Silver Cursive Script Initial ""A"" Pendant Necklace, 18""",B008EQ9GX4.jpg,"a photo of a Sterling Silver Cursive Script Initial ""A"" Pendant Necklace, 18""",1,0,4839_img|5305_img|5524_img|5167_img|4924_img|5090_img|4658_img|4635_img|4690_img|5377_img|4991_img|5279_img|4494_img|5267_img|4574_img|5533_img|5440_img|5046_img|5018_img|5378_img
4840,CHAIR,Stone & Beam,Textile,"Amazon Brand - Stone & Beam Carrigan Casual Living-Room Chair, 45""W, Navy",B07HYYCT75.jpg,"a photo of a Amazon Brand - Stone & Beam Carrigan Casual Living-Room Chair, 45""W, Navy",1,2,5146_img|5403_img|4840_img|4886_img|4880_img|5555_img|4916_img|5390_img|5315_img|4796_img|5051_img|5093_img|5314_img|4568_img|4497_img|5284_img|4923_img|5199_img|5336_img|4879_img
4841,FINENECKLACEBRACELETANKLET,Amazon Collection,No aplica,"Colgante rectangular pulido para mujer de plata de ley 925 chapada en oro rosa de 14 quilates, 30 x 4,7 cm, colgante de cadena de 45,7 cm, tamano 0",B07CJCQP3Q.jpg,"a photo of a Colgante rectangular pulido para mujer de plata de ley 925 chapada en oro rosa de 14 quilates, 30 x 4,7 cm, colgante de cadena de 45,7 cm, tamano 0",1,0,4841_img|5506_img|5179_img|4803_img|4938_img|4853_img|4557_img|4573_img|4936_img|4600_img|5457_img|5172_img|4885_img|4908_img|5057_img|5592_img|5430_img|5062_img|4539_img|5007_img
4842,FINENECKLACEBRACELETANKLET,Amazon Collection,Metal,"Sterling Silver Yellow Gold Flashed Cross Catch with""Faith Hope Love"" Bangle Bracelet, 2.5""",B00OZMFN9M.jpg,"a photo of a Sterling Silver Yellow Gold Flashed Cross Catch with""Faith Hope Love"" Bangle Bracelet, 2.5""",1,0,4842_img|5275_img|4638_img|5540_img|4799_img|4735_img|4944_img|5036_img|5405_img|5363_img|4504_img|5444_img|5048_img|4520_img|5279_img|4916_img|4979_img|5418_img|5394_img|5546_img
4843,KITCHEN,Amazon Brand - Solimo,Plastic,Amazon Brand - Solimo 12 Piece Dinnerware Set (Blue Floral),B07P82MMQ7.jpg,a photo of a Amazon Brand - Solimo 12 Piece Dinnerware Set (Blue Floral),1,0,4843_img|5147_img|5285_img|4538_img|4786_img|4491_img|5594_img|4780_img|4781_img|4774_img|5020_img|5102_img|4884_img|5400_img|5571_img|5336_img|5596_img|4723_img|5503_img|5560_img
4844,FINEEARRING,Amazon Collection,Metal,Yellow Gold Plated Sterling Silver Lever back Earrings set with Round Swarovski Zirconia (2 cttw),B00NFSCYEE.jpg,a photo of a Yellow Gold Plated Sterling Silver Lever back Earrings set with Round Swarovski Zirconia (2 cttw),1,2,4986_img|5371_img|4844_img|5373_img|4561_img|5063_img|5016_img|4931_img|4637_img|4926_img|5341_img|5041_img|5443_img|5048_img|4642_img|5173_img|4922_img|4810_img|5555_img|5391_img
4845,FINERING,Amazon Collection,Non applicabile,"Anello rotondo in argento Sterling placcato platino o oro con zirconi Swarovski,Argento placcato in oro giallo,Size 7",B07359DCN1.jpg,"a photo of a Anello rotondo in argento Sterling placcato platino o oro con zirconi Swarovski,Argento placcato in oro giallo,Size 7",0,-1,4799_img|5559_img|4932_img|4828_img|5089_img|4590_img|4829_img|5418_img|5131_img|4561_img|5173_img|5373_img|5081_img|4771_img|4902_img|4649_img|5016_img|5392_img|5576_img|4738_img
4846,RUG,Stone & Beam,stone,"Amazon Brand - Stone & Beam Contemporary Medallion Area Rug, 5' 3"" x 7' 3"", Brick",B0723DGNGY.jpg,"a photo of a Amazon Brand - Stone & Beam Contemporary Medallion Area Rug, 5' 3"" x 7' 3"", Brick",1,0,4846_img|5566_img|5342_img|5451_img|5051_img|5362_img|4858_img|5043_img|5127_img|4704_img|5381_img|4820_img|4546_img|4614_img|4531_img|5161_img|4569_img|5053_img|5504_img|5585_img
4847,FINENECKLACEBRACELETANKLET,Amazon Collection,metal,"Amazon CollectionSterling Silver Created Ruby and Diamond Infinity Bracelet (1/10 cttw, I-J Color, I2-I3 Clarity), 7.25""",B00KYO3ANG.jpg,"a photo of a Amazon CollectionSterling Silver Created Ruby and Diamond Infinity Bracelet (1/10 cttw, I-J Color, I2-I3 Clarity), 7.25""",1,1,5578_img|4847_img|5363_img|4678_img|5414_img|5174_img|5354_img|5384_img|5475_img|4711_img|4858_img|4546_img|4640_img|4771_img|4822_img|5568_img|5018_img|4895_img|5533_img|5451_img
4848,HOME_BED_AND_BATH,AmazonBasics,100% katoen,"AmazonBasics Everyday Dekbedovertrekset van 100% katoen, 135 x 200 cm en 1 kussensloop, 50 x 80 cm, blauw",B00UZ6L8AU.jpg,"a photo of a AmazonBasics Everyday Dekbedovertrekset van 100% katoen, 135 x 200 cm en 1 kussensloop, 50 x 80 cm, blauw",1,11,4689_img|4499_img|4667_img|4666_img|4813_img|4745_img|5442_img|4723_img|4548_img|4804_img|4928_img|4848_img|5002_img|5296_img|4680_img|4800_img|4736_img|4623_img|5110_img|5201_img
4849,CHAIR,AmazonBasics,Polyester,AmazonBasics Kids Folding Moon Indoor Papasan Chair for Children - Solid Pink (Renewed),B088HJTY99.jpg,a photo of a AmazonBasics Kids Folding Moon Indoor Papasan Chair for Children - Solid Pink (Renewed),1,0,4849_img|5215_img|4521_img|5054_img|5061_img|5570_img|4700_img|4607_img|4790_img|4653_img|4909_img|4488_img|5288_img|5179_img|4793_img|5590_img|4929_img|4807_img|4900_img|5426_img
4850,KITCHEN,Amazon Brand - Solimo,Plastic,Amazon Brand - Solimo Stainless Steel Set of 2 Whisks,B07PBBWYJK.jpg,a photo of a Amazon Brand - Solimo Stainless Steel Set of 2 Whisks,1,0,4850_img|5440_img|4489_img|5470_img|5088_img|4641_img|4671_img|4924_img|5020_img|4754_img|4774_img|5323_img|4748_img|5113_img|4839_img|5236_img|4821_img|4758_img|5452_img|5006_img
4851,HOME,UMI,Textura,UMI. by Amazon - Cortinas para Dormitorio Moderno Salon Opacas Decoracion de Ventanas Termicas Aisantes con Trabillas 2 Piezas 140 x 180 cm Beige Oscuro,B07KS1NKD1.jpg,a photo of a UMI. by Amazon - Cortinas para Dormitorio Moderno Salon Opacas Decoracion de Ventanas Termicas Aisantes con Trabillas 2 Piezas 140 x 180 cm Beige Oscuro,1,0,4851_img|5316_img|5352_img|5200_img|5116_img|4482_img|5113_img|4560_img|4588_img|5306_img|4674_img|5568_img|4622_img|5168_img|5320_img|4484_img|5332_img|5261_img|4719_img|5069_img
4852,WALL_ART,Rivet,canvas,"Amazon Brand - Rivet Aerial View Black, White and Gold Floral Canvas Print Wall Art, 16"" x 16""",B073P13J4L.jpg,"a photo of a Amazon Brand - Rivet Aerial View Black, White and Gold Floral Canvas Print Wall Art, 16"" x 16""",1,1,5330_img|4852_img|4676_img|4884_img|5290_img|5425_img|4551_img|4976_img|5207_img|4615_img|5198_img|4809_img|5076_img|5536_img|5571_img|5428_img|5322_img|5596_img|4931_img|4999_img
4853,FINENECKLACEBRACELETANKLET,Amazon Collection,Non applicable.,"Collier en argent sterling plaque platine ou or avec zircons Swarovski,Argent plaque or rose,18"" Length",B073593M3K.jpg,"a photo of a Collier en argent sterling plaque platine ou or avec zircons Swarovski,Argent plaque or rose,18"" Length",1,11,4797_img|5443_img|4841_img|5063_img|4700_img|5179_img|5370_img|5387_img|5402_img|4909_img|4922_img|4853_img|5062_img|5395_img|5557_img|5556_img|5319_img|5494_img|5329_img|5190_img
4854,RUG,Amazon Basics,Polypropylene,"Amazon Basics - 4'X6' Solid Color Shag Rug, Grey",B07TZMWH7X.jpg,"a photo of a Amazon Basics - 4'X6' Solid Color Shag Rug, Grey",1,0,4854_img|4943_img|4704_img|4663_img|4724_img|5342_img|4596_img|4966_img|5169_img|5468_img|4949_img|5194_img|5572_img|4672_img|5510_img|5010_img|5115_img|5024_img|5362_img|4512_img
4855,CHAIR,Movian,Tela,"Amazon Brand - Movian Galga - Poltrona, 90 x 105 x 98 cm (Lu x La x A), blu petrolio (tessuto Portland)",B07VSTPCHB.jpg,"a photo of a Amazon Brand - Movian Galga - Poltrona, 90 x 105 x 98 cm (Lu x La x A), blu petrolio (tessuto Portland)",1,4,5178_img|4507_img|4806_img|4689_img|4855_img|4796_img|5072_img|5490_img|4868_img|4756_img|5008_img|4693_img|4548_img|4819_img|4923_img|5299_img|5049_img|5232_img|4998_img|5336_img
4856,SOFA,Rivet,Polyester,"Amazon Brand - Rivet Edgewest Low Back Modern Left U-Sectional Couch Sofa, 117""W, Slate Brown",B07BWK58GZ.jpg,"a photo of a Amazon Brand - Rivet Edgewest Low Back Modern Left U-Sectional Couch Sofa, 117""W, Slate Brown",1,1,5175_img|4856_img|4955_img|5069_img|5136_img|4727_img|4830_img|4906_img|5163_img|5299_img|5112_img|4660_img|4836_img|4562_img|5505_img|4942_img|4550_img|5525_img|4644_img|5244_img
4857,FINEEARRING,Amazon Collection,Metall,"Amazon Collection: Ladies 925 Sterling Silver, rose",B01F1QEWPG.jpg,"a photo of a Amazon Collection: Ladies 925 Sterling Silver, rose",1,0,4857_img|4677_img|5179_img|4987_img|4521_img|5522_img|5128_img|5160_img|4885_img|5479_img|5556_img|4841_img|4850_img|5329_img|5430_img|4511_img|4929_img|4833_img|5088_img|5387_img
4858,RUG,Rivet,wool,"Amazon Brand - Rivet Modern Ombre Wool Rug, 4' x 6', Red",B0714MJDXC.jpg,"a photo of a Amazon Brand - Rivet Modern Ombre Wool Rug, 4' x 6', Red",1,0,4858_img|4587_img|5362_img|4678_img|5095_img|5121_img|5478_img|5414_img|5308_img|5161_img|4640_img|4937_img|5270_img|4990_img|5354_img|4581_img|5227_img|4747_img|5029_img|4546_img
4859,SHOES,Amazon Brand - Symbol,Canvas,Amazon Brand - Symbol Men's Black Sneakers - 10 UK/India (44 EU)(AZ-SH-07B),B074DY3WCB.jpg,a photo of a Amazon Brand - Symbol Men's Black Sneakers - 10 UK/India (44 EU)(AZ-SH-07B),1,1,5047_img|4859_img|4720_img|4766_img|4890_img|5220_img|4565_img|5034_img|4888_img|4619_img|5511_img|4597_img|5309_img|4699_img|5234_img|4552_img|5488_img|5284_img|5158_img|4726_img
4860,HOME_FURNITURE_AND_DECOR,Rivet,Rubberwood trays; metal frame,"Amazon Brand - Rivet Mid-Century Modern Wood and Metal 3-Tiered Kitchen Bar Cart with Wheels, 27.9""W, Natural and Gold Finish",B075YQ46MP.jpg,"a photo of a Amazon Brand - Rivet Mid-Century Modern Wood and Metal 3-Tiered Kitchen Bar Cart with Wheels, 27.9""W, Natural and Gold Finish",1,0,4860_img|5460_img|4788_img|4524_img|5149_img|5113_img|5320_img|5549_img|5107_img|4612_img|5080_img|5396_img|5350_img|5341_img|5192_img|4585_img|5057_img|5094_img|4643_img|5538_img
4861,SHOES,Amazon Brand - Symbol,Knit,Amazon Brand - Symbol Men's Black 1 Textile Sneakers-6 UK (40 EU) (7 US) (AZ-GI-501B),B07S1LYW6K.jpg,a photo of a Amazon Brand - Symbol Men's Black 1 Textile Sneakers-6 UK (40 EU) (7 US) (AZ-GI-501B),1,13,5047_img|4859_img|4766_img|4720_img|4890_img|4565_img|5420_img|5587_img|5511_img|5220_img|4619_img|5379_img|5588_img|4861_img|5034_img|4575_img|5294_img|5309_img|5209_img|4613_img
4862,TABLE,Alkove,Wildeiche und Metall,"Amazon Marke - Alkove Hayes - Moderner Couchtisch, 110 x 70 x 42,7 cm, Wildeiche",B07SH7KDY6.jpg,"a photo of a Amazon Marke - Alkove Hayes - Moderner Couchtisch, 110 x 70 x 42,7 cm, Wildeiche",1,18,5017_img|4652_img|5251_img|5064_img|5396_img|4539_img|5515_img|5401_img|4602_img|5541_img|5224_img|4834_img|5072_img|5490_img|4899_img|4544_img|5057_img|5460_img|4862_img|4902_img
4863,SOFA,Stone & Beam,Stone,"Amazon Brand - Stone & Beam Modern Sweeping Arm Settee, 51""W, Emerald",B073G82B5L.jpg,"a photo of a Amazon Brand - Stone & Beam Modern Sweeping Arm Settee, 51""W, Emerald",1,1,4711_img|4863_img|4822_img|5599_img|4670_img|5598_img|4932_img|4848_img|5002_img|4959_img|4800_img|4618_img|4878_img|5266_img|4517_img|5237_img|4568_img|4486_img|4555_img|5403_img
4864,SOFA,Amazon Brand - Solimo,Leatherette,Amazon Brand - Solimo Bliss Leatherette 2 Seater Sofa (Brown),B07RJFG359.jpg,a photo of a Amazon Brand - Solimo Bliss Leatherette 2 Seater Sofa (Brown),1,0,4864_img|4870_img|5152_img|5032_img|5097_img|5478_img|5067_img|5368_img|4977_img|4719_img|4513_img|5344_img|4804_img|5592_img|5028_img|5278_img|4622_img|4795_img|4549_img|4588_img
4865,HOME_BED_AND_BATH,AmazonBasics,Acrylic,"AmazonBasics Clear Acrylic Ball Finial with 1"" Curtain Rod - 36-72"", Black",B07MCYHXJ6.jpg,"a photo of a AmazonBasics Clear Acrylic Ball Finial with 1"" Curtain Rod - 36-72"", Black",1,0,4865_img|5337_img|5416_img|5467_img|4758_img|5266_img|4667_img|5201_img|5021_img|4499_img|5056_img|5116_img|5514_img|4657_img|5393_img|5316_img|5216_img|5599_img|4939_img|5488_img
4866,SOFA,Stone & Beam,Wood,"Amazon Brand - Stone & Beam Westcott Contemporary 93"" Sofa, Fabric, 93""W, Charcoal",B07HZ1LZTT.jpg,"a photo of a Amazon Brand - Stone & Beam Westcott Contemporary 93"" Sofa, Fabric, 93""W, Charcoal",1,0,4866_img|5050_img|4767_img|4599_img|4591_img|4757_img|5278_img|5439_img|4950_img|5483_img|5495_img|5028_img|5137_img|4695_img|5514_img|4583_img|4978_img|5344_img|4686_img|5226_img
4867,WALL_ART,Rivet,Paper,"Amazon Brand - Rivet World Map Hemisphere Print in Black and White Vintage Wall Art, Black Frame, 12.5"" x 12.5""",B073P1BJ2G.jpg,"a photo of a Amazon Brand - Rivet World Map Hemisphere Print in Black and White Vintage Wall Art, Black Frame, 12.5"" x 12.5""",1,0,4867_img|5360_img|4498_img|4682_img|5290_img|5421_img|5225_img|4763_img|5273_img|5494_img|5139_img|4759_img|5497_img|5250_img|5507_img|4904_img|4798_img|4600_img|4683_img|4971_img
4868,SOFA,Movian,Tela,"Amazon Brand - Movian Lina - Divano a 2 posti e mezzo, 82 x 184 x 82 cm (Lu x La x A), grigio, gambe in faggio laccato",B07VMLDR8L.jpg,"a photo of a Amazon Brand - Movian Lina - Divano a 2 posti e mezzo, 82 x 184 x 82 cm (Lu x La x A), grigio, gambe in faggio laccato",1,1,4510_img|4868_img|5178_img|4768_img|5072_img|5490_img|5299_img|4948_img|4608_img|5244_img|4756_img|5296_img|5428_img|5515_img|4837_img|4811_img|5344_img|4507_img|5332_img|5483_img
4869,KITCHEN,AmazonBasics,ABS,(Renewed) AmazonBasics Elite 750W Mixer Grinder with 3 Stainless Steel Jar + 1 Juicer Jar,B08FJFV1SR.jpg,a photo of a (Renewed) AmazonBasics Elite 750W Mixer Grinder with 3 Stainless Steel Jar + 1 Juicer Jar,1,0,4869_img|4872_img|5437_img|5030_img|4489_img|4553_img|5087_img|5154_img|5594_img|4821_img|4984_img|5102_img|5269_img|5513_img|4500_img|4892_img|4491_img|4669_img|4734_img|4958_img
4870,SOFA,Amazon Brand - Solimo,Wood,Amazon Brand - Solimo Eric Fabric 3 seater Sofa (Light Grey),B07WN4JHMP.jpg,a photo of a Amazon Brand - Solimo Eric Fabric 3 seater Sofa (Light Grey),1,1,4804_img|4870_img|5028_img|5592_img|5344_img|4864_img|5582_img|5478_img|5010_img|4732_img|4757_img|5263_img|5468_img|4586_img|4768_img|5515_img|4617_img|4824_img|5484_img|5005_img
4871,HOME_BED_AND_BATH,Pinzon by Amazon,100% cotton,"Pinzon by Amazon Hoeslaken, Egyptisch satinet, 125 x 200 x 30 cm, ivoor",B00MPO8KJ2.jpg,"a photo of a Pinzon by Amazon Hoeslaken, Egyptisch satinet, 125 x 200 x 30 cm, ivoor",0,-1,5219_img|5417_img|5148_img|5427_img|4982_img|5274_img|5471_img|5414_img|4751_img|5595_img|4532_img|4674_img|4962_img|4787_img|5355_img|5528_img|5375_img|4522_img|5399_img|5407_img
4872,KITCHEN,Amazon Brand - Solimo,Plastic,Amazon Brand - Solimo Maxima 750-Watt Mixer Grinder with 3 Stainless Steel Jars,B0721K4444.jpg,a photo of a Amazon Brand - Solimo Maxima 750-Watt Mixer Grinder with 3 Stainless Steel Jars,1,1,4869_img|4872_img|5437_img|4553_img|5087_img|4754_img|4821_img|4984_img|5269_img|5154_img|5323_img|4500_img|5520_img|4958_img|4892_img|5493_img|5208_img|4939_img|5071_img|4734_img
4873,CHAIR,AmazonBasics,Textile,AmazonBasics Adjustable High-Back Mesh Chair with Flip-up Arms and Head Rest - Grey,B07Q44L76B.jpg,a photo of a AmazonBasics Adjustable High-Back Mesh Chair with Flip-up Arms and Head Rest - Grey,1,1,4790_img|4873_img|4663_img|4968_img|4626_img|5031_img|4737_img|5123_img|4793_img|5509_img|4657_img|5315_img|4760_img|4880_img|4703_img|4522_img|4628_img|4487_img|4964_img|4823_img
4874,FINEEARRING,Amazon Collection,metal,Sterling Silver Created Blue Sapphire and Created White Sapphire Halo Heart Stud Earrings,B01BDA172U.jpg,a photo of a Sterling Silver Created Blue Sapphire and Created White Sapphire Halo Heart Stud Earrings,1,0,4874_img|4692_img|5336_img|4912_img|4610_img|4497_img|4753_img|5102_img|4796_img|5353_img|4666_img|4518_img|4604_img|5146_img|5567_img|4681_img|4879_img|4759_img|5576_img|4819_img
4875,FINENECKLACEBRACELETANKLET,Amazon Collection,metal,"Platinum-Plated Sterling Silver Princess-Cut Solitaire Pendant Necklace made with Swarovski Zirconia (7.5 mm), 18""",B00FXWAP14.jpg,"a photo of a Platinum-Plated Sterling Silver Princess-Cut Solitaire Pendant Necklace made with Swarovski Zirconia (7.5 mm), 18""",1,0,4875_img|5084_img|5090_img|5295_img|5319_img|4648_img|5206_img|5450_img|5577_img|5498_img|4729_img|5303_img|4592_img|4690_img|5267_img|5046_img|5292_img|5073_img|4728_img|4494_img
4876,CELLULAR_PHONE_CASE,Amazon Brand - Solimo,Silicon,Amazon Brand - Solimo Designer Couples Standing in Rain UV Printed Soft Back Case Mobile Cover for I Kall K4,B08547YL5Y.jpg,a photo of a Amazon Brand - Solimo Designer Couples Standing in Rain UV Printed Soft Back Case Mobile Cover for I Kall K4,1,1,5086_img|4876_img|4709_img|5039_img|5075_img|5542_img|4919_img|4630_img|5440_img|5452_img|5388_img|5500_img|5208_img|4668_img|4743_img|5567_img|4692_img|5561_img|4722_img|5079_img
4877,CELLULAR_PHONE_CASE,Amazon Brand - Solimo,Silicon,Amazon Brand - Solimo Designer Sperking Stars UV Printed Soft Back Case Mobile Cover for Lyf Water 11,B0856BC53C.jpg,a photo of a Amazon Brand - Solimo Designer Sperking Stars UV Printed Soft Back Case Mobile Cover for Lyf Water 11,1,0,4877_img|4941_img|5101_img|4496_img|4514_img|4743_img|5085_img|4537_img|5494_img|5210_img|5230_img|4709_img|5012_img|4589_img|4988_img|5422_img|4919_img|4721_img|5290_img|5122_img
4878,FINENECKLACEBRACELETANKLET,Amazon Collection,metal,"Amazon Collection10K Yellow Gold Swarovski Elements Emerald Crystal with 14K Gold Filled Chain Slide Ball Pendant Necklace, 18""",B017BQUVQ8.jpg,"a photo of a Amazon Collection10K Yellow Gold Swarovski Elements Emerald Crystal with 14K Gold Filled Chain Slide Ball Pendant Necklace, 18""",1,0,4878_img|4483_img|4932_img|4959_img|4618_img|4547_img|5286_img|5291_img|4711_img|4989_img|4810_img|5202_img|5237_img|4783_img|4486_img|5512_img|5089_img|5445_img|4728_img|4519_img
4879,SHOES,Fusefit,Mesh,Fusefit Men's Vector Navy Running Shoes-8 UK (42 EU) (9 US) (FFR-374_8),B07XTZMYRZ.jpg,a photo of a Fusefit Men's Vector Navy Running Shoes-8 UK (42 EU) (9 US) (FFR-374_8),1,4,5143_img|5125_img|4802_img|5239_img|4879_img|5199_img|4564_img|4681_img|5004_img|5114_img|4789_img|5093_img|5314_img|4548_img|4619_img|5487_img|4861_img|5587_img|5284_img|5140_img
4880,CHAIR,AmazonBasics,Metallo,"AmazonBasics - Sedia a dondolo pieghevole, Blu",B07HMP8SPW.jpg,"a photo of a AmazonBasics - Sedia a dondolo pieghevole, Blu",1,0,4880_img|5564_img|4548_img|4488_img|4751_img|4723_img|4639_img|5008_img|4998_img|4706_img|4783_img|5499_img|5143_img|4666_img|4831_img|5469_img|4745_img|4855_img|4619_img|5336_img
4881,FINENECKLACEBRACELETANKLET,Amazon Collection,Unknown Material,24,B00BTWVWYQ.jpg,a photo of a 24,0,-1,4837_img|4868_img|4823_img|4842_img|4756_img|5363_img|5072_img|5490_img|4510_img|5056_img|4490_img|4623_img|5222_img|5123_img|5428_img|4987_img|4855_img|4839_img|4794_img|4657_img
4882,SHOES,The Fix,Suede,"Amazon Brand - The Fix Women's Foley Tassel Slide Sandal, Taupe, 7.5 B US",B01MZF9541.jpg,"a photo of a Amazon Brand - The Fix Women's Foley Tassel Slide Sandal, Taupe, 7.5 B US",1,0,4882_img|5457_img|5431_img|5546_img|4504_img|5584_img|5463_img|5264_img|5590_img|5293_img|5579_img|5430_img|5539_img|4946_img|5259_img|5324_img|5035_img|4647_img|5466_img|5529_img
4883,CELLULAR_PHONE_CASE,Amazon Brand - Solimo,Plastic,Amazon Brand - Solimo Designer Wheat Plant 3D Printed Hard Back Case Mobile Cover for Samsung Galaxy M31,B08511PPBW.jpg,a photo of a Amazon Brand - Solimo Designer Wheat Plant 3D Printed Hard Back Case Mobile Cover for Samsung Galaxy M31,1,0,4883_img|4775_img|5536_img|4645_img|5277_img|5510_img|5230_img|5247_img|5357_img|5376_img|5571_img|5218_img|4634_img|5596_img|5122_img|5436_img|5085_img|4769_img|4589_img|5177_img
4884,WALL_ART,Rivet,wood,"Amazon Brand - Rivet 9-Piece Pastel Floral Art Mural on Wood, 48"" x 48""",B073P5V2KP.jpg,"a photo of a Amazon Brand - Rivet 9-Piece Pastel Floral Art Mural on Wood, 48"" x 48""",1,0,4884_img|5428_img|5425_img|5240_img|5076_img|5330_img|4809_img|5129_img|5054_img|5198_img|5197_img|5571_img|5207_img|4976_img|5347_img|4676_img|5596_img|4731_img|5159_img|5290_img
4885,FINERING,Amazon Collection,metal,"Amazon Collection10k Rose Gold Diamond Ring, Size 6.5",B01LYHS0LZ.jpg,"a photo of a Amazon Collection10k Rose Gold Diamond Ring, Size 6.5",1,0,4885_img|5160_img|5128_img|4987_img|5506_img|4897_img|4700_img|5007_img|4716_img|5540_img|5557_img|4627_img|5179_img|4493_img|5522_img|4492_img|4845_img|5242_img|4841_img|5392_img
4886,CHAIR,Ravenna Home,Wood,"Amazon Brand - Ravenna Home Armless Tufted Turned Wood Leg Accent Chair, 29""W, Blue",B07DBD9WHX.jpg,"a photo of a Amazon Brand - Ravenna Home Armless Tufted Turned Wood Leg Accent Chair, 29""W, Blue",1,0,4886_img|4518_img|4980_img|4531_img|4548_img|5146_img|4717_img|4998_img|5151_img|5133_img|4993_img|5598_img|4923_img|4880_img|5389_img|4723_img|4806_img|5403_img|5189_img|4639_img
4887,WALL_ART,Stone & Beam,Paper,"Amazon Brand - Stone & Beam Modern Brilliant Pink Flower Print Wall Art in White Wood Frame, 18"" x 18""",B073P13JHD.jpg,"a photo of a Amazon Brand - Stone & Beam Modern Brilliant Pink Flower Print Wall Art in White Wood Frame, 18"" x 18""",1,0,4887_img|5425_img|4809_img|4614_img|4779_img|5328_img|4970_img|5402_img|5382_img|5536_img|5465_img|5100_img|4884_img|4731_img|5428_img|5095_img|4827_img|5117_img|5430_img|5277_img
4888,SHOES,Amazon Brand - Symbol,Synthetic,Amazon Brand - Symbol Men's white Sneakers - 8 UK/India (42 EU)(AZ-SH-34B),B074F1DKSR.jpg,a photo of a Amazon Brand - Symbol Men's white Sneakers - 8 UK/India (42 EU)(AZ-SH-34B),1,1,5034_img|4888_img|4766_img|4720_img|4890_img|5379_img|4824_img|5047_img|4613_img|5312_img|5324_img|4565_img|4859_img|4616_img|4770_img|4619_img|5112_img|4597_img|4699_img|4562_img
4889,SOFA,Stone & Beam,Nylon,"Amazon Brand - Stone & Beam Bagley Sectional Component, Right-Facing Sofa Chaise, Fabric, 41""W, Linen",B07HZ6X7ZK.jpg,"a photo of a Amazon Brand - Stone & Beam Bagley Sectional Component, Right-Facing Sofa Chaise, Fabric, 41""W, Linen",1,0,4889_img|4629_img|5060_img|4644_img|4571_img|5505_img|5203_img|5079_img|4906_img|5349_img|4686_img|4954_img|5584_img|5493_img|4660_img|5359_img|5136_img|4641_img|5452_img|4504_img
4890,SHOES,Amazon Brand - Symbol,Canvas,Amazon Brand - Symbol Men's Whitey Stripe Sneakers-10 UK/India (44 EU)(AZ-SH-05A),B074DX8DRN.jpg,a photo of a Amazon Brand - Symbol Men's Whitey Stripe Sneakers-10 UK/India (44 EU)(AZ-SH-05A),1,0,4890_img|5379_img|4766_img|5034_img|5312_img|4613_img|4720_img|4888_img|4824_img|5047_img|4619_img|4859_img|5420_img|4957_img|4565_img|5324_img|4719_img|5463_img|5220_img|5464_img
4891,FINEEARRING,Amazon Collection,Nicht zutreffend,"Ohrstecker Sterling-Silber 925 platiniert oder vergoldet Rundschliff Swarovski Zirkonia,Frosty Mint,2 cttw",B0756Z8627.jpg,"a photo of a Ohrstecker Sterling-Silber 925 platiniert oder vergoldet Rundschliff Swarovski Zirkonia,Frosty Mint,2 cttw",1,1,4932_img|4891_img|4995_img|5469_img|4483_img|4711_img|4967_img|5202_img|4687_img|4878_img|4697_img|4959_img|4792_img|4822_img|5438_img|4486_img|5140_img|5078_img|4670_img|5060_img
4892,KITCHEN,Amazon Brand - Solimo,Stainless Steel,"Amazon Brand - Solimo Vacuum Insulated Stainless Steel Travel Mug, Sparkle, 380 ml",B072WVVDY5.jpg,"a photo of a Amazon Brand - Solimo Vacuum Insulated Stainless Steel Travel Mug, Sparkle, 380 ml",1,0,4892_img|4553_img|4669_img|4939_img|4869_img|4734_img|5593_img|5154_img|4821_img|4872_img|4500_img|5087_img|4543_img|5437_img|4582_img|4754_img|4984_img|5323_img|5208_img|4726_img
4893,CELLULAR_PHONE_CASE,Amazon Brand - Solimo,Plastic,Amazon Brand - Solimo Designer Button Jeans Alphabet-G 3D Printed Hard Back Case Mobile Cover for Samsung Galaxy J3 Pro,B0853XFLSS.jpg,a photo of a Amazon Brand - Solimo Designer Button Jeans Alphabet-G 3D Printed Hard Back Case Mobile Cover for Samsung Galaxy J3 Pro,1,0,4893_img|5214_img|5565_img|5187_img|4634_img|5230_img|4668_img|4919_img|5500_img|4659_img|4578_img|5098_img|5310_img|5287_img|4975_img|4769_img|4665_img|5334_img|5177_img|4818_img
4894,CELLULAR_PHONE_CASE,Amazon Brand - Solimo,Silicon,Amazon Brand - Solimo Designer Red Roses UV Printed Soft Back Case Mobile Cover for Gionee X1S,B0853WZX3W.jpg,a photo of a Amazon Brand - Solimo Designer Red Roses UV Printed Soft Back Case Mobile Cover for Gionee X1S,1,1,4827_img|4894_img|4825_img|5465_img|5354_img|4970_img|4525_img|5029_img|4614_img|5478_img|4779_img|5308_img|5207_img|5095_img|4678_img|4858_img|4587_img|5414_img|5161_img|5596_img
4895,FINENECKLACEBRACELETANKLET,Amazon Collection,Not applicableNot applicableNot applicableNot applicable,Men's Brown and White Leather with Stainless Steel Magnetic Clasp Bracelet,B01M26JIW6.jpg,a photo of a Men's Brown and White Leather with Stainless Steel Magnetic Clasp Bracelet,1,1,5363_img|4895_img|5533_img|5174_img|5543_img|4710_img|5062_img|4742_img|5581_img|5067_img|5493_img|5278_img|4946_img|5418_img|5551_img|4801_img|4560_img|5006_img|4771_img|5578_img
4896,FINEEARRING,Amazon Collection,metal,Rose Gold Plated Sterling Silver Stud Earrings set with Princess Brilliant Cut Swarovski Zirconia (1 cttw),B00NFSD0PG.jpg,a photo of a Rose Gold Plated Sterling Silver Stud Earrings set with Princess Brilliant Cut Swarovski Zirconia (1 cttw),1,0,4896_img|5073_img|5292_img|4687_img|4697_img|5443_img|5141_img|4816_img|5319_img|5506_img|4493_img|5485_img|5129_img|5079_img|5578_img|5479_img|4954_img|5329_img|4629_img|4875_img
4897,FINERING,Amazon Collection,Non applicable.,"Bague en argent sterling plaque platine ou or avec zircons Swarovski,Argent plaque or rose,Size 8",B07359DCMT.jpg,"a photo of a Bague en argent sterling plaque platine ou or avec zircons Swarovski,Argent plaque or rose,Size 8",1,4,4627_img|5557_img|5160_img|4987_img|4897_img|5007_img|4885_img|4700_img|5128_img|5402_img|5506_img|4683_img|4493_img|5540_img|4990_img|5215_img|5392_img|5212_img|4857_img|4515_img
4898,KITCHEN,Amazon Brand - Solimo,Aluminium,"Amazon Brand - Solimo Honeycomb Non Stick Tawa (28cm, 4 layer coating)",B07P7W7P45.jpg,"a photo of a Amazon Brand - Solimo Honeycomb Non Stick Tawa (28cm, 4 layer coating)",1,0,4898_img|4626_img|5012_img|4647_img|4725_img|4584_img|4997_img|4620_img|5407_img|5139_img|4971_img|5286_img|5422_img|4582_img|4585_img|5358_img|5191_img|4957_img|5266_img|5340_img
4899,TABLE,Movian,Madera,"Marca Amazon - Movian Taro - Mesa de centro, 67 x 67 x 30.5 cm (largo x ancho x alto), negro y efecto hormigon",B07S4C7X4Z.jpg,"a photo of a Marca Amazon - Movian Taro - Mesa de centro, 67 x 67 x 30.5 cm (largo x ancho x alto), negro y efecto hormigon",1,0,4899_img|5398_img|5032_img|5488_img|5271_img|4773_img|5268_img|5526_img|4977_img|4552_img|4481_img|4737_img|4726_img|5170_img|5152_img|5023_img|5496_img|5049_img|4836_img|4523_img
4900,CELLULAR_PHONE_CASE,Amazon Brand - Solimo,Canvas,Amazon Brand - Solimo Designer Babby Kitty 3D Printed Hard Back Case Mobile Cover for Micromax Canvas Fire 4 A107,B07T14ZDHF.jpg,a photo of a Amazon Brand - Solimo Designer Babby Kitty 3D Printed Hard Back Case Mobile Cover for Micromax Canvas Fire 4 A107,1,0,4900_img|4607_img|4554_img|4951_img|5000_img|4654_img|5472_img|5374_img|4994_img|5461_img|5287_img|4521_img|4927_img|5179_img|5468_img|5498_img|4972_img|5334_img|4909_img|4677_img
4901,RUG,Stone & Beam,wool,"Amazon Brand - Stone & Beam Modern Textured Pattern Farmhouse Wool Area Rug, 5' x 7' 6"", Aqua",B0723DFX97.jpg,"a photo of a Amazon Brand - Stone & Beam Modern Textured Pattern Farmhouse Wool Area Rug, 5' x 7' 6"", Aqua",1,0,4901_img|4605_img|5119_img|4618_img|4579_img|4952_img|5070_img|5051_img|5469_img|4717_img|4891_img|5406_img|4978_img|5503_img|4721_img|5237_img|4569_img|5400_img|5419_img|5265_img
4902,TABLE,AmazonBasics,Wood,"AmazonBasics - 1-Drawer 1-Shelf Bedside Table, 45 x 38 x 53 cm, Beige with Yellow Drawer",B07RR3K7M8.jpg,"a photo of a AmazonBasics - 1-Drawer 1-Shelf Bedside Table, 45 x 38 x 53 cm, Beige with Yellow Drawer",1,0,4902_img|5224_img|5480_img|4925_img|5103_img|5168_img|5149_img|5433_img|5391_img|5460_img|5545_img|5575_img|4733_img|5468_img|4484_img|4716_img|5057_img|4860_img|5582_img|4516_img
4903,CHAIR,AmazonBasics,Mesh,AmazonBasics Low-Back Computer Task Office Desk Chair with Swivel Casters - Green (Renewed),B07W2VRFSW.jpg,a photo of a AmazonBasics Low-Back Computer Task Office Desk Chair with Swivel Casters - Green (Renewed),1,0,4903_img|4964_img|4657_img|4664_img|4483_img|4878_img|4760_img|5154_img|4959_img|4873_img|4699_img|5598_img|4855_img|4848_img|5002_img|4932_img|5243_img|5123_img|5237_img|5435_img
4904,WALL_ART,Stone & Beam,Paper,"Amazon Brand - Stone & Beam Rustic Whale Species Print, Grey Frame, 32"" x 44""",B075YL5LCL.jpg,"a photo of a Amazon Brand - Stone & Beam Rustic Whale Species Print, Grey Frame, 32"" x 44""",1,0,4904_img|5042_img|5448_img|4913_img|4759_img|5250_img|4501_img|4805_img|5413_img|5499_img|4533_img|4920_img|5277_img|4741_img|5536_img|4983_img|5331_img|5225_img|5328_img|5449_img
4905,FINEEARRING,Amazon Collection,No aplica,Gold Plated Sterling Silver Lightweight Paddle Back 20mm Hoop Earrings,B06Y3V27H4.jpg,a photo of a Gold Plated Sterling Silver Lightweight Paddle Back 20mm Hoop Earrings,1,0,4905_img|5341_img|4755_img|4764_img|4643_img|4851_img|5418_img|4842_img|5113_img|4788_img|5551_img|4799_img|4716_img|5018_img|5107_img|4860_img|4642_img|4574_img|5538_img|5279_img
4906,SOFA,Rivet,Metal,"Amazon Brand - Rivet Edgewest Low Back Modern Right L-Sectional, 116""W, Beige",B07BWK59ND.jpg,"a photo of a Amazon Brand - Rivet Edgewest Low Back Modern Right L-Sectional, 116""W, Beige",1,3,5069_img|5136_img|5112_img|4906_img|5525_img|4562_img|5175_img|4856_img|5505_img|4955_img|5163_img|4629_img|5324_img|4889_img|4834_img|4571_img|4529_img|4871_img|4727_img|4632_img
4907,TABLE,Ravenna Home,wood,"Amazon Brand - Ravenna Home Heights Wood Lift Top Storage Coffee Table, 43.3""W, Dark Oak",B07DBDWL5H.jpg,"a photo of a Amazon Brand - Ravenna Home Heights Wood Lift Top Storage Coffee Table, 43.3""W, Dark Oak",1,1,5255_img|4907_img|5488_img|4718_img|5486_img|4974_img|5053_img|5451_img|5368_img|5032_img|4935_img|5181_img|5186_img|5391_img|4978_img|5401_img|4602_img|4646_img|5496_img|4685_img
4908,FINENECKLACEBRACELETANKLET,Amazon Collection,Not applicable,"Amazon Collection10k Yellow Gold Maryland State Pendant Necklace, 17""+2"" Extender",B01M7S7U0J.jpg,"a photo of a Amazon Collection10k Yellow Gold Maryland State Pendant Necklace, 17""+2"" Extender",1,1,4785_img|4908_img|4690_img|5046_img|5303_img|5267_img|5084_img|5295_img|4638_img|4648_img|5167_img|5339_img|5090_img|5319_img|5512_img|4846_img|4547_img|5550_img|5078_img|4679_img
4909,FINENECKLACEBRACELETANKLET,Amazon Collection,metall,925 Sterling Silver Alternating AAA Cubic Zirconia Tennis Bracelet 19cm,B00QNE82LG.jpg,a photo of a 925 Sterling Silver Alternating AAA Cubic Zirconia Tennis Bracelet 19cm,1,8,5521_img|5543_img|5438_img|4742_img|5174_img|4771_img|4728_img|5062_img|4909_img|4710_img|4954_img|4711_img|5453_img|5558_img|4810_img|5363_img|5551_img|4911_img|5578_img|4767_img
4910,FINERING,Amazon Collection,rhinestone;,Platinum Plated Sterling Silver Swarovski Zirconia Round Brilliant Cut Two-Piece Bridal Ring Set,B06VY83KPP.jpg,a photo of a Platinum Plated Sterling Silver Swarovski Zirconia Round Brilliant Cut Two-Piece Bridal Ring Set,1,1,5040_img|4910_img|4911_img|4683_img|4515_img|5593_img|5581_img|4536_img|5409_img|4845_img|5543_img|4649_img|4954_img|4945_img|5558_img|4710_img|5367_img|5438_img|5132_img|5297_img
4911,FINERING,Amazon Collection,metall,"Ring-Set Sterling-Silber 925 Zirkonia rund 3 Stuck,sterlingsilber,Size 6",B000NGJ41M.jpg,"a photo of a Ring-Set Sterling-Silber 925 Zirkonia rund 3 Stuck,sterlingsilber,Size 6",1,7,4515_img|5543_img|5593_img|4910_img|5040_img|4683_img|4737_img|4911_img|5132_img|5297_img|4710_img|5438_img|5581_img|4524_img|5558_img|4641_img|5509_img|5128_img|4522_img|4723_img
4912,FINEEARRING,Amazon Collection,Non applicabile,"Orecchini pendenti a monachella in argento Sterling con tre pietre portafortuna,Zaffiro blu artificiale,No Size",B01MFXEVJK.jpg,"a photo of a Orecchini pendenti a monachella in argento Sterling con tre pietre portafortuna,Zaffiro blu artificiale,No Size",1,0,4912_img|5469_img|4874_img|5336_img|4556_img|4639_img|4497_img|4783_img|5248_img|4926_img|5202_img|4989_img|5499_img|5286_img|5482_img|5291_img|4572_img|5134_img|4693_img|4967_img
4913,WALL_ART,Rivet,wood,"Amazon Brand - Rivet Modern Rustic Wolf Silhouette Print Wall Art Decor - 15 x 15 Inch Frame, Wood Grain",B075YLKB4B.jpg,"a photo of a Amazon Brand - Rivet Modern Rustic Wolf Silhouette Print Wall Art Decor - 15 x 15 Inch Frame, Wood Grain",1,1,4815_img|4913_img|5328_img|4904_img|4759_img|4983_img|4812_img|5382_img|5448_img|5364_img|4920_img|5003_img|4740_img|4630_img|5042_img|4994_img|4673_img|5421_img|5449_img|4635_img
4914,SOFA,Rivet,"Velvet, Hardwood frame, Metal legs","Amazon Brand - Rivet Eva Mid-Century Modern Tufted Velvet Down-Filled Sectional Sofa Couch, 87""W, Navy",B075X4QMW7.jpg,"a photo of a Amazon Brand - Rivet Eva Mid-Century Modern Tufted Velvet Down-Filled Sectional Sofa Couch, 87""W, Navy",1,0,4914_img|4518_img|4796_img|4806_img|4606_img|5220_img|4886_img|4636_img|5332_img|5284_img|4923_img|4717_img|5442_img|5120_img|4608_img|4507_img|4619_img|5239_img|4681_img|4993_img
4915,HOME,Dreamfoam Bedding,Memory foam,Ultimate Dreams King 2 inch Thick 4 Pound Density Gel Memory Foam Topper. Made in The USA,B00B4I22CG.jpg,a photo of a Ultimate Dreams King 2 inch Thick 4 Pound Density Gel Memory Foam Topper. Made in The USA,1,0,4915_img|5380_img|5359_img|5462_img|4502_img|4712_img|4992_img|4709_img|4563_img|4997_img|5467_img|5527_img|4706_img|5474_img|4734_img|5266_img|5530_img|4962_img|5404_img|5169_img
4916,CHAIR,Stone & Beam,stone,"Amazon Brand - Stone & Beam Edmunds Traditional Recliner, 30""W, Green",B07B4CZQDS.jpg,"a photo of a Amazon Brand - Stone & Beam Edmunds Traditional Recliner, 30""W, Green",1,2,4863_img|4568_img|4916_img|5052_img|5598_img|4959_img|5315_img|5445_img|4777_img|4800_img|4848_img|5002_img|4711_img|4793_img|4699_img|4878_img|5554_img|4903_img|5293_img|5037_img
4917,TABLE,Movian,Wood,"Amazon Brand - Movian TV Unit with Storage, 40 x 154cm, Oak/Timber/High Gloss White",B07JGPKSBB.jpg,"a photo of a Amazon Brand - Movian TV Unit with Storage, 40 x 154cm, Oak/Timber/High Gloss White",1,4,5282_img|5205_img|5263_img|5582_img|4917_img|5320_img|5484_img|4535_img|5106_img|4560_img|4505_img|4761_img|5023_img|4674_img|4733_img|4925_img|5316_img|5325_img|4801_img|4646_img
4918,WALL_ART,Rivet,canvas,"Amazon Brand - Rivet Contemporary Bridge Print with Gold Leaf Wall Art Decor on Canvas - 30 x 40 Inch, Blue and Gold",B07HSG8JPL.jpg,"a photo of a Amazon Brand - Rivet Contemporary Bridge Print with Gold Leaf Wall Art Decor on Canvas - 30 x 40 Inch, Blue and Gold",1,0,4918_img|4615_img|4976_img|5347_img|5118_img|4485_img|4551_img|4741_img|5232_img|4606_img|5389_img|4985_img|4504_img|5197_img|5173_img|4625_img|4715_img|5330_img|4973_img|4799_img
4919,CELLULAR_PHONE_CASE,Amazon Brand - Solimo,Plastic,Amazon Brand - Solimo Designer Round Wall Hanging Pattern 3D Printed Hard Back Case Mobile Cover for Oppo A9 (2020),B0856993YH.jpg,a photo of a Amazon Brand - Solimo Designer Round Wall Hanging Pattern 3D Printed Hard Back Case Mobile Cover for Oppo A9 (2020),0,-1,4580_img|4620_img|5290_img|4743_img|5477_img|5230_img|5101_img|5207_img|5422_img|5561_img|4584_img|4941_img|5198_img|5340_img|5210_img|5191_img|5273_img|5494_img|4662_img|5033_img
4920,WALL_ART,Stone & Beam,wood,"Amazon Brand - Stone & Beam Vintage Framed Black and White Barn Door Photo Wall Art - 18 x 22 Inches, Rustic Brown",B075YLKB9G.jpg,"a photo of a Amazon Brand - Stone & Beam Vintage Framed Black and White Barn Door Photo Wall Art - 18 x 22 Inches, Rustic Brown",1,0,4920_img|5126_img|5328_img|4541_img|4630_img|4501_img|4805_img|4904_img|5250_img|4516_img|5549_img|4600_img|4624_img|5448_img|5350_img|5149_img|4560_img|5003_img|5436_img|4635_img
4921,HOME,Amazon Brand - Solimo,Fabric,"Amazon Brand - Solimo Fabric Storage Box with Lid, Large, Black and Grey",B081FH12PS.jpg,"a photo of a Amazon Brand - Solimo Fabric Storage Box with Lid, Large, Black and Grey",1,0,4921_img|5103_img|5253_img|5375_img|5575_img|5496_img|5398_img|5488_img|5014_img|5456_img|4734_img|5532_img|5245_img|5049_img|4939_img|5071_img|5404_img|4940_img|4978_img|5313_img
4922,FINEEARRING,Amazon Collection,Not Applicable,14k Rose Gold Plated Sterling Silver Pear Cut Cubic Zirconia Leverback Earrings,B073S7RQWQ.jpg,a photo of a 14k Rose Gold Plated Sterling Silver Pear Cut Cubic Zirconia Leverback Earrings,1,1,5556_img|4922_img|4557_img|4573_img|4936_img|4926_img|5063_img|5447_img|4844_img|5208_img|5482_img|4803_img|4677_img|4492_img|4857_img|5179_img|5248_img|5457_img|5458_img|5443_img
4923,CHAIR,Rivet,Velvet,"Amazon Brand - Rivet Clarice Dining Room Kitchen Chair Open Back, 33""H, Navy Blue Velvet",B07HSBRXD4.jpg,"a photo of a Amazon Brand - Rivet Clarice Dining Room Kitchen Chair Open Back, 33""H, Navy Blue Velvet",1,0,4923_img|5151_img|4497_img|4886_img|5146_img|5351_img|5204_img|5008_img|4993_img|4806_img|4998_img|4681_img|5239_img|5336_img|5064_img|4880_img|4542_img|5576_img|5286_img|5125_img
4924,FINEEARRING,Amazon Collection,metal,Sterling Silver Linear Swirl French Wire Earrings,B005N0NI1K.jpg,a photo of a Sterling Silver Linear Swirl French Wire Earrings,1,3,4595_img|5378_img|5567_img|4924_img|5385_img|5248_img|5440_img|5196_img|4557_img|4573_img|4936_img|5323_img|5447_img|4748_img|5556_img|5208_img|4850_img|4610_img|4981_img|4754_img
4925,HOME_FURNITURE_AND_DECOR,Movian,Wood,Movian GW-LIONI Filing cabinet 4195,B0852197GD.jpg,a photo of a Movian GW-LIONI Filing cabinet 4195,1,1,4761_img|4925_img|4746_img|5325_img|4733_img|5282_img|5149_img|5205_img|5484_img|5057_img|5019_img|5582_img|5092_img|4917_img|5224_img|5460_img|4505_img|4685_img|5253_img|5126_img
4926,FINEEARRING,Amazon Collection,crystal;,Sterling Silver White Round Leverback Dangle Earrings Made with Swarovski Crystal,B00J2AENH0.jpg,a photo of a Sterling Silver White Round Leverback Dangle Earrings Made with Swarovski Crystal,1,1,5248_img|4926_img|5482_img|5447_img|4595_img|5385_img|4692_img|5063_img|5567_img|5041_img|5534_img|4989_img|5379_img|5260_img|5395_img|4610_img|4911_img|4986_img|5286_img|4642_img
4927,CELLULAR_PHONE_CASE,Amazon Brand - Solimo,Plastic,Amazon Brand - Solimo Designer No Bad Vibes 3D Printed Hard Back Case Mobile Cover for Vivo S1 Pro,B085697CS1.jpg,a photo of a Amazon Brand - Solimo Designer No Bad Vibes 3D Printed Hard Back Case Mobile Cover for Vivo S1 Pro,1,0,4927_img|4528_img|4883_img|5500_img|5481_img|5177_img|5111_img|5098_img|4691_img|4919_img|4634_img|4769_img|4775_img|4743_img|5247_img|4645_img|4988_img|4947_img|5029_img|4975_img
4928,HOME_BED_AND_BATH,AmazonBasics,%100 pamuk,"AmazonBasics Everyday% 100 Cotton yorgan seti, Blue, %100 pamuk, koyu menekse rengi, 135 x 200 cm & 1 Kissenbezug 80 x 80 cm",B00UZ6NP5G.jpg,"a photo of a AmazonBasics Everyday% 100 Cotton yorgan seti, Blue, %100 pamuk, koyu menekse rengi, 135 x 200 cm & 1 Kissenbezug 80 x 80 cm",1,9,4689_img|4723_img|4499_img|5442_img|5296_img|5201_img|4745_img|4623_img|4548_img|4928_img|4666_img|5283_img|4667_img|4813_img|4831_img|4993_img|5591_img|4965_img|4736_img|5002_img
4929,HOME,Amazon Brand - Solimo,Fabric,"Amazon Brand - Solimo Printed Fabric Storage Box, Medium, Set of 6, Pink",B081FH4X83.jpg,"a photo of a Amazon Brand - Solimo Printed Fabric Storage Box, Medium, Set of 6, Pink",1,0,4929_img|5386_img|5245_img|5014_img|5456_img|5532_img|5585_img|4521_img|5479_img|5253_img|5372_img|4909_img|5522_img|5095_img|5215_img|4677_img|5375_img|5560_img|5590_img|4833_img
4930,RUG,Stone & Beam,stone,"Amazon Brand - Stone & Beam Casual Plaid Flatweave Area Rug, 4' x 6', Light Gray, Beige",B07B4ZL3T4.jpg,"a photo of a Amazon Brand - Stone & Beam Casual Plaid Flatweave Area Rug, 4' x 6', Light Gray, Beige",1,0,4930_img|5501_img|5010_img|5376_img|5333_img|4512_img|4581_img|4534_img|4719_img|4609_img|5156_img|4569_img|5447_img|5134_img|4713_img|4557_img|4573_img|4936_img|5517_img|5504_img
4931,FINEEARRING,Amazon Collection,metal,"Amazon CollectionCertified 14k Yellow Gold Diamond with Screw Back and Post Stud Earrings (3/4cttw, J-K Color, I1-I2 Clarity)",B01LYN9YIR.jpg,"a photo of a Amazon CollectionCertified 14k Yellow Gold Diamond with Screw Back and Post Stud Earrings (3/4cttw, J-K Color, I1-I2 Clarity)",1,5,5048_img|4944_img|5036_img|5405_img|5371_img|4931_img|4637_img|4561_img|5452_img|5373_img|5044_img|5113_img|5275_img|5443_img|4551_img|4675_img|5016_img|4788_img|4857_img|4638_img
4932,FINERING,J'ADMIRE,Non applicable.,"Bague en argent sterling plaque or ou platine,emeraude",B071F7DRLR.jpg,"a photo of a Bague en argent sterling plaque or ou platine,emeraude",0,-1,4987_img|4897_img|5272_img|5212_img|5160_img|4738_img|5213_img|5533_img|4627_img|4670_img|5007_img|4694_img|4784_img|4716_img|4885_img|5392_img|4963_img|5182_img|5506_img|5515_img
4933,RUG,Rivet,Polypropylene,"Amazon Brand - Rivet Old World Vintage Persian Area Rug, 5' 3"" x 7' 3"", Grey and Pink",B075Z9CXYZ.jpg,"a photo of a Amazon Brand - Rivet Old World Vintage Persian Area Rug, 5' 3"" x 7' 3"", Grey and Pink",1,2,5370_img|5387_img|4933_img|5043_img|5095_img|5108_img|4909_img|4847_img|5194_img|5425_img|5402_img|5353_img|5317_img|5492_img|5566_img|4809_img|5556_img|4521_img|5400_img|5446_img
4934,RUG,Rivet,steel,"Amazon Brand - Rivet Steel Slanted Lines Wool Modern Runner Rug, 2' 6"" x 8'",B0735W9DMM.jpg,"a photo of a Amazon Brand - Rivet Steel Slanted Lines Wool Modern Runner Rug, 2' 6"" x 8'",1,1,5096_img|4934_img|5164_img|5464_img|4702_img|4672_img|4937_img|5265_img|4588_img|5227_img|5021_img|4622_img|5015_img|5572_img|5088_img|4719_img|5194_img|5393_img|4596_img|5261_img
4935,TABLE,Ravenna Home,wood,"Amazon Brand - Ravenna Home Angela Modern Turned Leg Wood Shelf Storage Coffee Table, 44""W, Grey",B07DBFT2YG.jpg,"a photo of a Amazon Brand - Ravenna Home Angela Modern Turned Leg Wood Shelf Storage Coffee Table, 44""W, Grey",1,0,4935_img|5255_img|4907_img|5549_img|5391_img|5094_img|4860_img|5451_img|5104_img|5327_img|5080_img|4612_img|5488_img|4801_img|5181_img|4552_img|5192_img|4652_img|5496_img|5486_img
4936,FINEEARRING,Amazon Collection,not-applicable,10k White Gold Round Checkerboard Cut Created Emerald Leverback Earrings (6mm),B01GPY6SZA.jpg,a photo of a 10k White Gold Round Checkerboard Cut Created Emerald Leverback Earrings (6mm),1,2,4557_img|4573_img|4936_img|5447_img|5385_img|5134_img|5458_img|4595_img|5554_img|4878_img|4912_img|4555_img|5154_img|5248_img|4711_img|4930_img|4483_img|4926_img|4924_img|5501_img
4937,RUG,Rivet,stone,"Amazon Brand - Rivet Modern Texture and Hide Rug, 4 x 6 Foot, Multicolor",B07HSHYMB8.jpg,"a photo of a Amazon Brand - Rivet Modern Texture and Hide Rug, 4 x 6 Foot, Multicolor",1,3,5464_img|5415_img|5476_img|4937_img|5043_img|4934_img|4567_img|5265_img|4858_img|5256_img|5096_img|5015_img|5070_img|5261_img|5194_img|5227_img|5135_img|5383_img|4594_img|4996_img
4938,FINENECKLACEBRACELETANKLET,Amazon Collection,metal,"Sterling Silver and 14k Gold Created Opal Heart Mom Diamond Accent Pendant Necklace, 18""",B005GD5150.jpg,"a photo of a Sterling Silver and 14k Gold Created Opal Heart Mom Diamond Accent Pendant Necklace, 18""",1,0,4938_img|4991_img|5229_img|5026_img|5190_img|5165_img|5384_img|5537_img|5512_img|5280_img|5291_img|4572_img|5524_img|4794_img|4728_img|4519_img|5580_img|5078_img|5353_img|4967_img
4939,KITCHEN,Amazon Brand - Solimo,Glass,"Amazon Brand - Solimo Boroscilicate Glass Water Bottle with Sleeve, 500 ml",B087RXCZC1.jpg,"a photo of a Amazon Brand - Solimo Boroscilicate Glass Water Bottle with Sleeve, 500 ml",1,3,4669_img|5269_img|5087_img|4939_img|5154_img|4984_img|4734_img|5208_img|4872_img|4553_img|4709_img|4869_img|4947_img|4712_img|4691_img|5573_img|4892_img|5481_img|4620_img|5437_img
4940,TABLE,Movian,Engineered Wood,"Amazon Brand - Movian High Gloss 1 Drawer Bedside Cabinet, Black and Walnut, 47 x 40 x 36 cm",B079TZQJ3N.jpg,"a photo of a Amazon Brand - Movian High Gloss 1 Drawer Bedside Cabinet, Black and Walnut, 47 x 40 x 36 cm",1,0,4940_img|5545_img|5424_img|5224_img|5368_img|5496_img|5032_img|5575_img|5103_img|5271_img|5282_img|5152_img|5488_img|5480_img|4733_img|4977_img|4761_img|5057_img|4917_img|5092_img
4941,CELLULAR_PHONE_CASE,Amazon Brand - Solimo,Silicon,Amazon Brand - Solimo Designer Sperking Stars UV Printed Soft Back Case Mobile Cover for Coolpad Cool 3 Plus,B08541W27B.jpg,a photo of a Amazon Brand - Solimo Designer Sperking Stars UV Printed Soft Back Case Mobile Cover for Coolpad Cool 3 Plus,1,1,4877_img|4941_img|4496_img|5101_img|4514_img|4743_img|5085_img|4537_img|5210_img|5494_img|5230_img|4988_img|4589_img|4634_img|4645_img|5548_img|5422_img|4901_img|5012_img|4551_img
4942,HOME_BED_AND_BATH,Pinzon by Amazon,100%_coton,"Pinzon by Amazon Ultrasoft Spannbetttuch, Perkal, 150 x 200 x 38 cm - Grau",B00EQ5HBY8.jpg,"a photo of a Pinzon by Amazon Ultrasoft Spannbetttuch, Perkal, 150 x 200 x 38 cm - Grau",1,0,4942_img|5595_img|4674_img|5148_img|5427_img|5321_img|4495_img|4835_img|5038_img|5228_img|5299_img|4962_img|5502_img|5116_img|5313_img|4838_img|4868_img|5175_img|4482_img|4856_img
4943,RUG,Amazon Basics,Polypropylene,"Amazon Basics Modern Plush High-Pile Shag Area Rug - 4x6 (3'11"" x 5'3""), Grey",B07QBS4RKK.jpg,"a photo of a Amazon Basics Modern Plush High-Pile Shag Area Rug - 4x6 (3'11"" x 5'3""), Grey",1,0,4943_img|4854_img|4724_img|4663_img|5468_img|4704_img|4949_img|5299_img|5115_img|5510_img|5321_img|4755_img|4523_img|4966_img|5169_img|4773_img|4736_img|4660_img|5342_img|4823_img
4944,FINEEARRING,Amazon Collection,Not Applicable,"AGS Certified 14k Yellow Gold Round-Cut Diamond Stud Earrings (1/2cttw, K-L Color, I1-I2 Clarity)",B075XVTW1J.jpg,"a photo of a AGS Certified 14k Yellow Gold Round-Cut Diamond Stud Earrings (1/2cttw, K-L Color, I1-I2 Clarity)",1,0,4944_img|5036_img|5405_img|5048_img|4931_img|4508_img|4842_img|4637_img|5371_img|5275_img|5452_img|5597_img|5044_img|4716_img|4905_img|4818_img|4675_img|5394_img|5576_img|4561_img
4945,FINERING,Amazon Collection,metal,"Platinum-Plated Sterling Silver Princess-Cut 3-Stone Ring made with Swarovski Zirconia (3 cttw), Size 5",B014WC3EMW.jpg,"a photo of a Platinum-Plated Sterling Silver Princess-Cut 3-Stone Ring made with Swarovski Zirconia (3 cttw), Size 5",1,7,4601_img|5183_img|4494_img|4592_img|5573_img|5206_img|5450_img|4945_img|4875_img|5506_img|5292_img|5369_img|4729_img|5073_img|5319_img|4493_img|4816_img|5131_img|5498_img|5485_img
4946,SHOES,Centrino,Synthetic,Centrino Men's Brown Fisherman Sandals-9 UK (43 EU) (10 US) (6103-03),B08C3DK655.jpg,a photo of a Centrino Men's Brown Fisherman Sandals-9 UK (43 EU) (10 US) (6103-03),1,0,4946_img|5203_img|4558_img|5349_img|4817_img|5281_img|5511_img|5065_img|5584_img|5466_img|4575_img|4895_img|4911_img|5309_img|4504_img|5420_img|5579_img|5037_img|5431_img|4684_img
4947,CELLULAR_PHONE_CASE,Amazon Brand - Solimo,Silicon::Plastic,"Amazon Brand - Solimo Electroplated Mobile Cover (Soft & Flexible Back case), for Samsung Galaxy A50 (Black)",B083P93HT8.jpg,"a photo of a Amazon Brand - Solimo Electroplated Mobile Cover (Soft & Flexible Back case), for Samsung Galaxy A50 (Black)",1,4,4691_img|5481_img|5029_img|4939_img|4947_img|5321_img|4769_img|4927_img|4977_img|5496_img|5334_img|5488_img|4966_img|5169_img|5500_img|4672_img|4972_img|5377_img|4782_img|5032_img
4948,SOFA,Rivet,Beech,"Amazon Brand - Rivet Elliot Easy Pull-Out Sofa Bed, 87 x 181 x 90cm, Grey",B07HGMKNV7.jpg,"a photo of a Amazon Brand - Rivet Elliot Easy Pull-Out Sofa Bed, 87 x 181 x 90cm, Grey",1,8,4768_img|4811_img|5299_img|5178_img|4594_img|5244_img|4583_img|4830_img|4948_img|5344_img|5028_img|5383_img|4757_img|4765_img|4756_img|4599_img|5137_img|5439_img|4695_img|5038_img
4949,HOME,AmazonBasics,100% Polyester,"AmazonBasics Ultra-Soft Micromink Sherpa Comforter Bed Set, Full or Queen, Charcoal - 3-Piece",B07D2WF3YD.jpg,"a photo of a AmazonBasics Ultra-Soft Micromink Sherpa Comforter Bed Set, Full or Queen, Charcoal - 3-Piece",1,0,4949_img|5426_img|4782_img|5455_img|4563_img|4791_img|5195_img|4666_img|5022_img|5243_img|4795_img|5050_img|5442_img|4966_img|5169_img|5553_img|5144_img|4767_img|4515_img|5419_img
4950,SOFA,Stone & Beam,Hardwood frame; polyester/nylon,"Amazon Brand - Stone & Beam Lauren Down-Filled Oversized Sofa Couch with Hardwood Frame, 89""W, Slate",B072M1W86Y.jpg,"a photo of a Amazon Brand - Stone & Beam Lauren Down-Filled Oversized Sofa Couch with Hardwood Frame, 89""W, Slate",1,0,4950_img|5226_img|5483_img|4832_img|5459_img|5495_img|4948_img|5050_img|4767_img|5514_img|4768_img|4599_img|4866_img|5412_img|5278_img|4695_img|4616_img|4777_img|5348_img|4686_img
4951,CELLULAR_PHONE_CASE,Amazon Brand - Solimo,Silicon,Amazon Brand - Solimo Designer Sleepy Kitten UV Printed Soft Back Case Mobile Cover for Oppo A83,B08569MRTM.jpg,a photo of a Amazon Brand - Solimo Designer Sleepy Kitten UV Printed Soft Back Case Mobile Cover for Oppo A83,1,0,4951_img|4900_img|4554_img|4607_img|5472_img|5000_img|5461_img|4537_img|4589_img|5050_img|5334_img|4739_img|4943_img|5085_img|4654_img|4722_img|4994_img|4854_img|5230_img|4724_img
4952,RUG,Rivet,jute,"Amazon Brand - Rivet Contemporary Striated Jute Runner Rug, 7' 6"" x 2' 3"", Seafoam",B07B4YQWZ4.jpg,"a photo of a Amazon Brand - Rivet Contemporary Striated Jute Runner Rug, 7' 6"" x 2' 3"", Seafoam",1,0,4952_img|5218_img|5365_img|5331_img|5119_img|5156_img|4579_img|5467_img|4555_img|5462_img|5357_img|5376_img|4605_img|4702_img|5508_img|5266_img|4672_img|4583_img|5237_img|5256_img
4953,HOME,UMI,Coton,"UMI Drap-housse 100 % coton biologique 300 tc satine, Coton, rose poudre, Double",B08F4L7HWC.jpg,"a photo of a UMI Drap-housse 100 % coton biologique 300 tc satine, Coton, rose poudre, Double",1,0,4953_img|5531_img|5522_img|4909_img|4521_img|5215_img|4929_img|5570_img|5430_img|5217_img|4833_img|5426_img|5062_img|4853_img|4700_img|5411_img|5179_img|4527_img|4607_img|4900_img
4954,FINEEARRING,Amazon Collection,METALLO,Orecchini a cerchio in argento Sterling placcato platino o oro con zirconia Swarovski taglio princess,B00FRIJ9CA.jpg,a photo of a Orecchini a cerchio in argento Sterling placcato platino o oro con zirconia Swarovski taglio princess,1,7,4896_img|5292_img|4697_img|5073_img|5319_img|4816_img|5485_img|4954_img|4875_img|4687_img|5578_img|5183_img|4561_img|4601_img|5141_img|4592_img|4729_img|4792_img|4644_img|4771_img
4955,SOFA,Rivet,Wood,"Amazon Brand - Rivet Emerly Modern Sofa Chaise, 96""W, Steel Grey",B07P5LM5CQ.jpg,"a photo of a Amazon Brand - Rivet Emerly Modern Sofa Chaise, 96""W, Steel Grey",1,0,4955_img|4830_img|4790_img|5505_img|5299_img|4793_img|5383_img|4837_img|4801_img|5017_img|4494_img|5435_img|5415_img|4608_img|4768_img|4808_img|5072_img|5490_img|4571_img|4756_img
4956,SOFA,Alkove,Tissu,"Marque Amazon - Alkove Elvas - Module de meridienne pour canape modulaire avec espace de rangement et coussin additionnel, 145 x 100 cm, Motif a pois",B07SHYWNQB.jpg,"a photo of a Marque Amazon - Alkove Elvas - Module de meridienne pour canape modulaire avec espace de rangement et coussin additionnel, 145 x 100 cm, Motif a pois",1,3,4776_img|4723_img|4626_img|4956_img|5326_img|5144_img|5233_img|4997_img|5411_img|5288_img|5058_img|5217_img|5120_img|5407_img|5296_img|5570_img|4877_img|4941_img|4617_img|5054_img
4957,RUG,Rivet,wool,"Amazon Brand - Rivet Geometric Criss-Cross Woven Wool Area Rug, 8 x 10 Foot, Cream",B0735SLBYD.jpg,"a photo of a Amazon Brand - Rivet Geometric Criss-Cross Woven Wool Area Rug, 8 x 10 Foot, Cream",1,0,4957_img|5010_img|4713_img|5261_img|5492_img|4721_img|5096_img|5464_img|4770_img|5260_img|4502_img|5406_img|4719_img|5333_img|5233_img|4997_img|5265_img|5227_img|4663_img|5144_img
4958,KITCHEN,Amazon Brand - Solimo,Plastic,Amazon Brand - Solimo 2000-Watt Room Heater (White),B07H8289CB.jpg,a photo of a Amazon Brand - Solimo 2000-Watt Room Heater (White),1,0,4958_img|4824_img|5106_img|4801_img|4777_img|5544_img|5489_img|5266_img|4535_img|4616_img|4869_img|4488_img|5467_img|5198_img|4770_img|5260_img|4865_img|4501_img|4805_img|5263_img
4959,FINENECKLACEBRACELETANKLET,Amazon Collection,Fine-other-material,"Silver-Plated You & Me Crystal Turtles Pendant Necklace, 18""",B01LXK8ZBZ.jpg,"a photo of a Silver-Plated You & Me Crystal Turtles Pendant Necklace, 18""",1,1,4783_img|4959_img|4679_img|4878_img|4618_img|4483_img|5202_img|5078_img|4547_img|5395_img|5286_img|4989_img|5499_img|5494_img|5041_img|5482_img|4639_img|5512_img|5580_img|5280_img
4960,CHAIR,Rivet,Wood,"Amazon Brand - Rivet Lawson Mid-Century Modern Angled Upholstered Arm Chair, 33""W, Pearl",B075X4N3QJ.jpg,"a photo of a Amazon Brand - Rivet Lawson Mid-Century Modern Angled Upholstered Arm Chair, 33""W, Pearl",1,0,4960_img|5538_img|4656_img|5598_img|5241_img|5366_img|5515_img|4732_img|5072_img|5490_img|5121_img|5166_img|4916_img|4664_img|5246_img|5529_img|5489_img|5252_img|5204_img|5390_img
4961,HOME_BED_AND_BATH,Pinzon by Amazon,100% cotton,"Pinzon Ultrasoft 180TC Duvet Cover, Light Brown",B00MGSBBNO.jpg,"a photo of a Pinzon Ultrasoft 180TC Duvet Cover, Light Brown",1,13,4795_img|5195_img|5589_img|5242_img|4965_img|4503_img|5283_img|4762_img|5426_img|4719_img|4669_img|5569_img|5061_img|4961_img|5455_img|4623_img|4851_img|5007_img|5522_img|5144_img
4962,HOME_BED_AND_BATH,Pinzon by Amazon,Microfaser,"Pinzon by Amazon Microfibre Fitted Sheet, 100 x 200 x 20 cm",B00M92L4PC.jpg,"a photo of a Pinzon by Amazon Microfibre Fitted Sheet, 100 x 200 x 20 cm",1,2,5219_img|5595_img|4962_img|4982_img|5274_img|5148_img|5427_img|4674_img|5471_img|5417_img|4942_img|5414_img|4787_img|5355_img|4838_img|5321_img|4495_img|4772_img|4835_img|4871_img
4963,FINERING,Amazon Collection,metal,"Platinum-Plated Sterling Silver Oval-Shape 3-Stone Ring made with Swarovski Zirconia (3 cttw), Size 8",B00FRIJE4I.jpg,"a photo of a Platinum-Plated Sterling Silver Oval-Shape 3-Stone Ring made with Swarovski Zirconia (3 cttw), Size 8",1,0,4963_img|5074_img|4794_img|4649_img|5272_img|4945_img|4738_img|5213_img|5212_img|5059_img|4536_img|5409_img|4492_img|5544_img|4494_img|4991_img|4590_img|4829_img|5182_img|5183_img
4964,CHAIR,AmazonBasics,Leder,AmazonBasics Office Swivel Chair with Adjustable Height,B07QG398WS.jpg,a photo of a AmazonBasics Office Swivel Chair with Adjustable Height,1,1,4657_img|4964_img|4873_img|4664_img|4760_img|5300_img|5346_img|5031_img|5123_img|5145_img|5009_img|4968_img|4823_img|5315_img|4807_img|5258_img|4903_img|4703_img|4855_img|5298_img
4965,HOME_BED_AND_BATH,Pinzon by Amazon,pamuk,"Pinzon Ultrasoft 300 yatak takm perkal pamuktan, mavi - Sky Blue, pamuk, Beyaz, 200 x 200 cm & 1 Kissenbezug (80 x 80 cm)",B00EQ5FC1C.jpg,"a photo of a Pinzon Ultrasoft 300 yatak takm perkal pamuktan, mavi - Sky Blue, pamuk, Beyaz, 200 x 200 cm & 1 Kissenbezug (80 x 80 cm)",1,3,5283_img|4623_img|4689_img|4965_img|4674_img|5429_img|5502_img|5061_img|5276_img|5201_img|5072_img|5490_img|5417_img|5240_img|4831_img|5116_img|5316_img|5027_img|4942_img|4855_img
4966,HOME_BED_AND_BATH,Amazon Brand - Solimo,Cotton,"Amazon Brand - Solimo Water Resistant Cotton Mattress Protector 75""x60"" - Queen Size, Grey",B07PYQRHH4.jpg,"a photo of a Amazon Brand - Solimo Water Resistant Cotton Mattress Protector 75""x60"" - Queen Size, Grey",1,0,4966_img|5169_img|4712_img|5038_img|4596_img|4978_img|5321_img|4997_img|4949_img|5589_img|5270_img|5005_img|5161_img|5530_img|5028_img|4765_img|5103_img|5059_img|4813_img|4680_img
4967,FINEEARRING,Amazon Essentials,METALLO,"Amazon Essentials - Orecchini a perno in argento Sterling con pietra portafortuna a taglio rotondo ,Infradito colorati estivi, con finte perline",B01HD7XC0W.jpg,"a photo of a Amazon Essentials - Orecchini a perno in argento Sterling con pietra portafortuna a taglio rotondo ,Infradito colorati estivi, con finte perline",1,2,4747_img|4587_img|4967_img|4755_img|4995_img|4556_img|5248_img|5088_img|5458_img|4773_img|5236_img|4850_img|5586_img|4922_img|5354_img|5082_img|4792_img|4523_img|5378_img|5041_img
4968,CHAIR,AmazonBasics,Microfiber,"AmazonBasics Classic Office Desk Computer Chair - Adjustable, Swiveling, Microfiber - Light Gray (Renewed)",B07VQCKDM4.jpg,"a photo of a AmazonBasics Classic Office Desk Computer Chair - Adjustable, Swiveling, Microfiber - Light Gray (Renewed)",1,0,4968_img|4873_img|4760_img|4964_img|4487_img|5123_img|5031_img|4664_img|4703_img|5068_img|4657_img|4823_img|5009_img|5251_img|5346_img|5005_img|4649_img|5432_img|5258_img|5059_img
4969,CHAIR,Stone & Beam,Stone,"Amazon Brand - Stone & Beam Hillsboro Modern Wingback Living Room Accent Chair With Nailhead Trim, 29""W, Beige",B075X4J169.jpg,"a photo of a Amazon Brand - Stone & Beam Hillsboro Modern Wingback Living Room Accent Chair With Nailhead Trim, 29""W, Beige",1,14,5390_img|4656_img|4732_img|5555_img|5529_img|5489_img|5166_img|5252_img|5491_img|5538_img|5211_img|5366_img|5238_img|5348_img|4969_img|4960_img|4814_img|4916_img|5185_img|4628_img
4970,CELLULAR_PHONE_CASE,Amazon Brand - Solimo,Silicone,Amazon Brand - Solimo Designer Pink Flowers UV Printed Soft Back Case Mobile Cover for Gionee M7 Power,B0853X6FHH.jpg,a photo of a Amazon Brand - Solimo Designer Pink Flowers UV Printed Soft Back Case Mobile Cover for Gionee M7 Power,1,0,4970_img|4779_img|5465_img|5446_img|4894_img|5095_img|5425_img|4827_img|5207_img|4887_img|5428_img|5210_img|4825_img|5571_img|5129_img|5596_img|5402_img|5122_img|4521_img|4607_img
4971,TABLE,Stone & Beam,Stone,"Amazon Brand - Stone & Beam Industrial Round Coffee Table, 48""W, Wood & Dark Metal",B07HSG8DPR.jpg,"a photo of a Amazon Brand - Stone & Beam Industrial Round Coffee Table, 48""W, Wood & Dark Metal",1,0,4971_img|5139_img|5422_img|5600_img|4545_img|4836_img|5170_img|4612_img|5526_img|5486_img|5132_img|5297_img|5012_img|5290_img|4852_img|5191_img|5345_img|5340_img|4826_img|4788_img
4972,CELLULAR_PHONE_CASE,Amazon Brand - Solimo,Silicon,Amazon Brand - Solimo Designer Lady Vector UV Printed Soft Back Case Mobile Cover for Vivo U20,B0821D2MD9.jpg,a photo of a Amazon Brand - Solimo Designer Lady Vector UV Printed Soft Back Case Mobile Cover for Vivo U20,1,0,4972_img|5287_img|5264_img|4769_img|4578_img|5500_img|4668_img|4919_img|5343_img|5561_img|4927_img|5430_img|5546_img|4659_img|5207_img|5539_img|4511_img|5033_img|4857_img|5457_img
4973,HOME,Pinzon by Amazon,Terrycloth,"Pinzon 700-Gram Hotel Stitch Hand Towel, Taupe",B007M6GRHK.jpg,"a photo of a Pinzon 700-Gram Hotel Stitch Hand Towel, Taupe",1,0,4973_img|5527_img|5462_img|5359_img|5474_img|5022_img|4992_img|4588_img|5509_img|4762_img|4633_img|4791_img|5124_img|5218_img|5148_img|5427_img|5492_img|5208_img|4563_img|5493_img
4974,TABLE,Movian,Holzwerkstoff,"Amazon Brand - Movian Ems - Coffee Table with Drawers, 118 x 59 x 40 cm - Core Oak Effect",B07TP5LKB4.jpg,"a photo of a Amazon Brand - Movian Ems - Coffee Table with Drawers, 118 x 59 x 40 cm - Core Oak Effect",1,5,4646_img|5032_img|5181_img|4602_img|5368_img|4974_img|4544_img|5401_img|4907_img|5255_img|4870_img|5496_img|5432_img|5152_img|4652_img|4862_img|5005_img|5023_img|4718_img|5345_img
4975,CELLULAR_PHONE_CASE,Amazon Brand - Solimo,Plastic,Amazon Brand - Solimo Designer Cute Little Boy Yellow Pattern 3D Printed Hard Back Case Mobile Cover for Motorola Moto G5S Plus,B0853ZM7HK.jpg,a photo of a Amazon Brand - Solimo Designer Cute Little Boy Yellow Pattern 3D Printed Hard Back Case Mobile Cover for Motorola Moto G5S Plus,1,4,5477_img|4532_img|4584_img|5247_img|4975_img|4775_img|4743_img|4647_img|4902_img|4645_img|4559_img|5433_img|5000_img|4554_img|4988_img|5075_img|5542_img|5039_img|5455_img|4609_img
4976,WALL_ART,Rivet,Metal,"Amazon Brand - Rivet Abstract Gold and White Flecks Painting on Canvas Wall Art Decor, 24"" x 24""",B075HX5QD6.jpg,"a photo of a Amazon Brand - Rivet Abstract Gold and White Flecks Painting on Canvas Wall Art Decor, 24"" x 24""",1,0,4976_img|4551_img|4615_img|4485_img|5330_img|4852_img|5324_img|5320_img|5135_img|4741_img|5538_img|5290_img|5279_img|4918_img|4809_img|4985_img|4676_img|4645_img|5476_img|4851_img
4977,TABLE,Amazon Brand - Solimo,Engineered Wood,Amazon Brand - Solimo Rose Engineered Wood Corner Table (Wenge Finish),B07RWD36Q7.jpg,a photo of a Amazon Brand - Solimo Rose Engineered Wood Corner Table (Wenge Finish),1,1,5152_img|4977_img|5368_img|4513_img|5032_img|4940_img|5186_img|5170_img|5481_img|4552_img|4726_img|5024_img|4719_img|4549_img|4718_img|4899_img|5271_img|5255_img|4691_img|5526_img
4978,HOME_FURNITURE_AND_DECOR,Stone & Beam,stone,"Stone & Beam Stella Storage Ottoman on Wheels, 47""W, Blue (Renewed)",B0845WFQBP.jpg,"a photo of a Stone & Beam Stella Storage Ottoman on Wheels, 47""W, Blue (Renewed)",1,2,5532_img|5253_img|4978_img|5399_img|5137_img|5102_img|5469_img|5049_img|4708_img|4921_img|5103_img|5146_img|5014_img|5456_img|4636_img|5304_img|5514_img|5419_img|4706_img|5284_img
4979,FINENECKLACEBRACELETANKLET,Amazon Collection,Fine-other-material,"Amazon CollectionEllie Byrd 10k Yellow Gold Two Tone""One and Only You"" Initial""I"" Dainty Necklace, 18""",B01LZJQMEB.jpg,"a photo of a Amazon CollectionEllie Byrd 10k Yellow Gold Two Tone""One and Only You"" Initial""I"" Dainty Necklace, 18""",1,0,4979_img|4520_img|4658_img|4638_img|5167_img|4574_img|5279_img|5187_img|4785_img|4841_img|4938_img|4944_img|5036_img|5405_img|5190_img|4839_img|4881_img|4842_img|4908_img|5179_img
4980,CHAIR,Stone & Beam,Leather,"Amazon Brand - Stone & Beam Traditional Nailhead Button Tufted Leather Recliner Chair, 33.4""W, Brown Leather",B07B84H7G8.jpg,"a photo of a Amazon Brand - Stone & Beam Traditional Nailhead Button Tufted Leather Recliner Chair, 33.4""W, Brown Leather",1,0,4980_img|4531_img|5211_img|5037_img|5346_img|4814_img|4798_img|5281_img|5067_img|5329_img|4650_img|4946_img|4628_img|5052_img|4969_img|4696_img|5120_img|5258_img|5306_img|5529_img
4981,FINEEARRING,Amazon Collection,Fein-anderes Material;,Sterling Silver Celtic Knot Earrings,B072KL39FZ.jpg,a photo of a Sterling Silver Celtic Knot Earrings,1,3,4595_img|5378_img|4924_img|4981_img|5567_img|5248_img|5196_img|5385_img|5556_img|4610_img|5447_img|5440_img|4926_img|4748_img|4954_img|5482_img|4850_img|5519_img|4692_img|4557_img
4982,HOME_BED_AND_BATH,Pinzon by Amazon,100% cotton,"Pinzon Ultrasoft 180TC Fitted Sheets, Lilac 140 x 190 x 30 cm",B00MGSK8SI.jpg,"a photo of a Pinzon Ultrasoft 180TC Fitted Sheets, Lilac 140 x 190 x 30 cm",1,0,4982_img|5274_img|5595_img|5193_img|4752_img|4674_img|4962_img|5148_img|5427_img|4995_img|4942_img|5471_img|4792_img|4495_img|4847_img|5479_img|4835_img|5417_img|5219_img|5535_img
4983,WALL_ART,Stone & Beam,Paper,"Amazon Brand - Stone & Beam Modern Abstract Turquoise and Tan Print Wall Art in Silver Colored Frame, 22"" x 26""",B073P1JNCB.jpg,"a photo of a Amazon Brand - Stone & Beam Modern Abstract Turquoise and Tan Print Wall Art in Silver Colored Frame, 22"" x 26""",1,0,4983_img|4759_img|5117_img|5197_img|4533_img|4741_img|4567_img|4485_img|4904_img|5328_img|4625_img|4715_img|5232_img|5503_img|5182_img|5476_img|4670_img|5159_img|4501_img|4805_img
4984,KITCHEN,Amazon Brand - Solimo,Plastic,"Amazon Brand - Solimo Plastic Water Bottle Set, 6-Pieces, Multicolour (CHEMCO10)",B07HCLLQ24.jpg,"a photo of a Amazon Brand - Solimo Plastic Water Bottle Set, 6-Pieces, Multicolour (CHEMCO10)",1,1,5269_img|4984_img|5087_img|5437_img|5014_img|5456_img|5208_img|4869_img|5236_img|5154_img|4872_img|4778_img|5006_img|5285_img|4967_img|4669_img|5245_img|5088_img|5519_img|4563_img
4985,WALL_ART,Stone & Beam,canvas,"Amazon Brand - Stone & Beam Contemporary Gold and Grey Hay Bales Print Wall Art on Canvas, 24"" x 24""",B073P1N49F.jpg,"a photo of a Amazon Brand - Stone & Beam Contemporary Gold and Grey Hay Bales Print Wall Art on Canvas, 24"" x 24""",1,0,4985_img|4551_img|5529_img|5099_img|5338_img|5491_img|4631_img|5555_img|4976_img|4485_img|4852_img|5083_img|4730_img|5536_img|5523_img|4741_img|5335_img|5495_img|5449_img|4920_img
4986,FINEEARRING,Amazon Collection,metal,Amazon Collection18K Gold Plated Sterling Silver Cubic Zirconia Halo Set Lever Back Drop Earrings (2.98 cttw),B00TDNZUYG.jpg,a photo of a Amazon Collection18K Gold Plated Sterling Silver Cubic Zirconia Halo Set Lever Back Drop Earrings (2.98 cttw),1,0,4986_img|4926_img|5063_img|5395_img|5473_img|5340_img|5373_img|4981_img|4642_img|5041_img|4797_img|4852_img|5291_img|5523_img|4989_img|4683_img|5176_img|5447_img|5519_img|4844_img
4987,FINERING,Amazon Collection,Not Applicable,"Women's Sterling Silver Rose Gold-Flashed Double Heart Ring, 6",B07CTP5JZH.jpg,"a photo of a Women's Sterling Silver Rose Gold-Flashed Double Heart Ring, 6",1,0,4987_img|5160_img|5128_img|4885_img|4753_img|4492_img|5506_img|5540_img|4794_img|5229_img|5007_img|5179_img|4897_img|4938_img|5141_img|5557_img|4842_img|5556_img|5384_img|5533_img
4988,CELLULAR_PHONE_CASE,Amazon Brand - Solimo,Plastic,Amazon Brand - Solimo Designer Pattern Designs 3D Printed Hard Back Case Mobile Cover for Samsung Galaxy M31,B08511HSSC.jpg,a photo of a Amazon Brand - Solimo Designer Pattern Designs 3D Printed Hard Back Case Mobile Cover for Samsung Galaxy M31,0,-1,4580_img|4743_img|4634_img|5098_img|4584_img|5561_img|5477_img|4603_img|4522_img|5548_img|4540_img|5500_img|5207_img|4975_img|5334_img|4919_img|5210_img|5446_img|5230_img|4883_img
4989,FINENECKLACEBRACELETANKLET,Amazon Collection,Not applicable,Silver Plated Swarovski Aquamarine Crystal Birthstone Pendant Necklace (March),B075SCXV6V.jpg,a photo of a Silver Plated Swarovski Aquamarine Crystal Birthstone Pendant Necklace (March),1,1,5286_img|4989_img|5202_img|4878_img|4572_img|4618_img|4483_img|4783_img|5291_img|4932_img|4639_img|4959_img|5469_img|5078_img|5499_img|4547_img|5395_img|5089_img|5165_img|4728_img
4990,FINERING,Amazon Collection,No aplica,"Platinum-Plated Sterling Silver Swarovski Zirconia Pink and Ruby Color Open Heart Rings, Size 6",B075715WHH.jpg,"a photo of a Platinum-Plated Sterling Silver Swarovski Zirconia Pink and Ruby Color Open Heart Rings, Size 6",1,0,4990_img|5384_img|5353_img|5578_img|5229_img|4640_img|4820_img|5026_img|4694_img|5537_img|4847_img|5121_img|5458_img|5095_img|5479_img|4546_img|5475_img|4858_img|5043_img|5386_img
4991,FINENECKLACEBRACELETANKLET,Amazon Collection,Not applicable,"Women's Engravable 925 Sterling Silver Polished I.D. 13x16.5 Polished Heart Charm on 18"" Chain Pendant Necklace, Size 0",B07CM4NVN5.jpg,"a photo of a Women's Engravable 925 Sterling Silver Polished I.D. 13x16.5 Polished Heart Charm on 18"" Chain Pendant Necklace, Size 0",1,0,4991_img|5384_img|4938_img|5229_img|5524_img|5026_img|5305_img|4794_img|4839_img|5580_img|5167_img|5562_img|4661_img|4690_img|5537_img|5190_img|4610_img|5179_img|5084_img|5267_img
4992,HOME,Pinzon by Amazon.com,cotton,"Pinzon Luxury Reversible 30-By-50-Inch Cotton Bath Rug, Sky",B000T2PFUO.jpg,"a photo of a Pinzon Luxury Reversible 30-By-50-Inch Cotton Bath Rug, Sky",1,0,4992_img|5462_img|4915_img|5380_img|4952_img|4563_img|5359_img|4625_img|4715_img|5105_img|5119_img|4706_img|5365_img|5502_img|5022_img|4708_img|5310_img|4605_img|4579_img|5335_img
4993,HOME,UMI,100% Seide,"UMI Seide Kissenbezug 65x65cm aus 100% Maulbeerseide 25 Momme Kissenhulle fur Haar und Haut Marineblau, Reiverschluss, Doppelseitiger Seide",B08F9G1QFT.jpg,"a photo of a UMI Seide Kissenbezug 65x65cm aus 100% Maulbeerseide 25 Momme Kissenhulle fur Haar und Haut Marineblau, Reiverschluss, Doppelseitiger Seide",1,1,5276_img|4993_img|4572_img|4509_img|5469_img|4953_img|5531_img|5302_img|4618_img|5286_img|5202_img|5201_img|4639_img|4967_img|4855_img|4689_img|4891_img|5503_img|4711_img|5197_img
4994,WALL_ART,Rivet,wood,"Amazon Brand - Rivet Modern Abstract Puppy Black, White and Pink Print Wall Art in Black Frame, 11.5"" x 14.5""",B073P12TSJ.jpg,"a photo of a Amazon Brand - Rivet Modern Abstract Puppy Black, White and Pink Print Wall Art in Black Frame, 11.5"" x 14.5""",1,0,4994_img|5364_img|4607_img|4900_img|4815_img|5100_img|4731_img|5117_img|4913_img|4635_img|5003_img|4887_img|5425_img|4630_img|4740_img|5578_img|4809_img|4567_img|4909_img|5328_img
4995,FINEEARRING,Amazon Collection,No aplica,"Pendientes de tuerca de plata de ley chapados en oro o platino hechos con piedras de topacio de Swarovski,Topacio violeta,One Size",B079Y3WKRR.jpg,"a photo of a Pendientes de tuerca de plata de ley chapados en oro o platino hechos con piedras de topacio de Swarovski,Topacio violeta,One Size",1,0,4995_img|5193_img|4687_img|4874_img|5443_img|4561_img|4792_img|4556_img|4747_img|5479_img|5373_img|4896_img|5535_img|4922_img|4967_img|5063_img|5280_img|4752_img|4693_img|5089_img
4996,WALL_ART,Rivet,paper,"Amazon Brand - Rivet Spanned Red, Green and Gold Feathers in Dark Gray Frame Wall Art, 13"" x 16""",B073P19RVR.jpg,"a photo of a Amazon Brand - Rivet Spanned Red, Green and Gold Feathers in Dark Gray Frame Wall Art, 13"" x 16""",1,0,4996_img|4621_img|5318_img|5331_img|4533_img|4614_img|5117_img|4517_img|4866_img|4904_img|4711_img|4913_img|4603_img|5328_img|5197_img|5277_img|5435_img|4887_img|4639_img|5536_img
4997,HOME_FURNITURE_AND_DECOR,AmazonBasics,Memory foam,"AmazonBasics - Materasso in memory foam a 3 zone di sostegno, dimensioni: super king, medio-morbido, 18 cm, prodotto nel Regno Unito",B0829J745N.jpg,"a photo of a AmazonBasics - Materasso in memory foam a 3 zone di sostegno, dimensioni: super king, medio-morbido, 18 cm, prodotto nel Regno Unito",1,0,4997_img|4915_img|5380_img|5462_img|5570_img|4992_img|4626_img|5219_img|5527_img|4962_img|5429_img|4502_img|4532_img|5474_img|5411_img|5564_img|4522_img|5266_img|5359_img|4663_img
4998,HOME,Umi.,Piel sintetica,UMI. Essentials Gaming - Silla de escritorio (cuero sintetico),B07VZT6GK7.jpg,a photo of a UMI. Essentials Gaming - Silla de escritorio (cuero sintetico),1,0,4998_img|4760_img|5315_img|4873_img|5300_img|4880_img|4964_img|5145_img|4793_img|4657_img|5052_img|5031_img|4855_img|4790_img|5395_img|4797_img|5346_img|4823_img|4837_img|4531_img
4999,WALL_ART,Rivet,canvas,"Amazon Brand - Rivet Seattle Sun Flare in Black and White Canvas Print of Seattle, 30"" x 10""",B073P19TFJ.jpg,"a photo of a Amazon Brand - Rivet Seattle Sun Flare in Black and White Canvas Print of Seattle, 30"" x 10""",1,0,4999_img|5307_img|4624_img|5360_img|4867_img|5563_img|5198_img|4682_img|5042_img|5330_img|4498_img|4763_img|5536_img|5277_img|5593_img|5436_img|5533_img|5347_img|5452_img|4541_img
5000,CELLULAR_PHONE_CASE,Amazon Brand - Solimo,Silicone,Amazon Brand - Solimo Designer Funny Cat Pattern Print UV Printed Soft Back Case Mobile Cover for Oppo A91,B0853WRVQ3.jpg,a photo of a Amazon Brand - Solimo Designer Funny Cat Pattern Print UV Printed Soft Back Case Mobile Cover for Oppo A91,1,1,4554_img|5000_img|4900_img|4607_img|4951_img|5472_img|5477_img|4994_img|4540_img|4603_img|4654_img|5461_img|5561_img|4580_img|4975_img|5319_img|4537_img|4913_img|5098_img|5262_img
5001,SHOES,Amazon Brand - Symbol,Synthetic,Amazon Brand - Symbol Men's Black Synthetic Formal Shoes - 11 UK (AZ-KY-352),B084GNX5YZ.jpg,a photo of a Amazon Brand - Symbol Men's Black Synthetic Formal Shoes - 11 UK (AZ-KY-352),1,1,5234_img|5001_img|4597_img|5158_img|5231_img|5188_img|5410_img|5294_img|5588_img|5309_img|4684_img|4593_img|5264_img|5481_img|5511_img|4773_img|5488_img|5268_img|4657_img|5351_img
5002,HOME_BED_AND_BATH,AmazonBasics,100 % bomull,"AmazonBasics 'Everyday' sangklader av 100% bomull, morkgron 135 x 200 cm och 1 orngott 80 x 80 cm",B00UZ6LES6.jpg,"a photo of a AmazonBasics 'Everyday' sangklader av 100% bomull, morkgron 135 x 200 cm och 1 orngott 80 x 80 cm",0,-1,4623_img|4965_img|5296_img|4689_img|4667_img|4617_img|5283_img|5058_img|5116_img|5554_img|5428_img|5240_img|4736_img|4928_img|4510_img|4868_img|5568_img|5417_img|5200_img|5288_img
5003,WALL_ART,Rivet,paper,"Amazon Brand - Rivet Modern Geometric Abstract Diamond Print II Wall Art Decor - 14"" x 20"" Frame, Black",B075YLYMPD.jpg,"a photo of a Amazon Brand - Rivet Modern Geometric Abstract Diamond Print II Wall Art Decor - 14"" x 20"" Frame, Black",1,0,5003_img|4707_img|5289_img|4635_img|4996_img|4621_img|4533_img|4630_img|4570_img|4600_img|5117_img|4759_img|5162_img|5377_img|5550_img|4624_img|5257_img|5109_img|5077_img|5413_img
5004,SHOES,Fusefit,Mesh,Fusefit Men's Sapphire Navy Running Shoes-6 UK (40 EU) (7 US) (FFR-412_6),B081DG2HMH.jpg,a photo of a Fusefit Men's Sapphire Navy Running Shoes-6 UK (40 EU) (7 US) (FFR-412_6),1,5,5125_img|5239_img|5143_img|4802_img|4681_img|5004_img|4879_img|5199_img|5093_img|5314_img|4564_img|5114_img|5487_img|5587_img|4912_img|4789_img|4861_img|5576_img|4619_img|5475_img
5005,HOME,UMI,Acrilico,"Umi. Essentials, vassoio trasparente, in acrilico, con maniglie, 49,5 x 30,5 x 6,5 cm",B07GSP1KHB.jpg,"a photo of a Umi. Essentials, vassoio trasparente, in acrilico, con maniglie, 49,5 x 30,5 x 6,5 cm",0,-1,5245_img|5375_img|5148_img|5427_img|5219_img|5516_img|4921_img|5595_img|5399_img|4522_img|5014_img|5456_img|5072_img|5490_img|4688_img|4962_img|5124_img|4600_img|5224_img|5509_img
5006,HOME,Umi,Polyester,"Umi. Laundry Net, Laundry Net Bag, Laundry Bag, Wash Bag, 6 Piece Set (3M + 3L), Suitable for Coats, Sweaters, T-shirts, Bra, Etc, Durable, Fine Lines, Travel, Storage Net, Home Use",B089DK4MHJ.jpg,"a photo of a Umi. Laundry Net, Laundry Net Bag, Laundry Bag, Wash Bag, 6 Piece Set (3M + 3L), Suitable for Coats, Sweaters, T-shirts, Bra, Etc, Durable, Fine Lines, Travel, Storage Net, Home Use",0,-1,4626_img|5509_img|5022_img|5144_img|4953_img|5531_img|5233_img|5359_img|5462_img|5547_img|4992_img|4737_img|4502_img|4957_img|5569_img|5411_img|4563_img|5407_img|5217_img|4527_img
5007,FINERING,Amazon Collection,Non applicable.,"Bague en argent sterling plaque platine ou or avec 5 pierres de zircone Swarovski,Argent plaque or rose,Size 6",B073584791.jpg,"a photo of a Bague en argent sterling plaque platine ou or avec 5 pierres de zircone Swarovski,Argent plaque or rose,Size 6",1,4,4897_img|5557_img|4627_img|4700_img|5007_img|4492_img|5160_img|4885_img|5506_img|5578_img|5402_img|4847_img|4987_img|4493_img|5443_img|4990_img|5128_img|4909_img|5062_img|4687_img
5008,CHAIR,Movian,Metal,"Marca Amazon - Movian Elbe - Silla de comedor con botones, azul",B07JKTRKJ7.jpg,"a photo of a Marca Amazon - Movian Elbe - Silla de comedor con botones, azul",1,0,5008_img|5151_img|4923_img|4998_img|4497_img|4855_img|4481_img|4880_img|5336_img|4639_img|4488_img|4746_img|5469_img|4523_img|4783_img|5064_img|5315_img|5268_img|4989_img|4773_img
5009,CHAIR,AmazonBasics,"Metall, Sperrholz, PU, Schaumstoff","AmazonBasics Chefsessel mit hoher Ruckenlehne, geripptes PURESOFT PU, Renewed Chefsessel High Back ziegelrot",B07W4442VB.jpg,"a photo of a AmazonBasics Chefsessel mit hoher Ruckenlehne, geripptes PURESOFT PU, Renewed Chefsessel High Back ziegelrot",1,10,4664_img|4487_img|4760_img|5123_img|4903_img|4703_img|5008_img|5064_img|5151_img|5204_img|5009_img|4855_img|4873_img|4793_img|5544_img|5153_img|4483_img|5434_img|4774_img|4732_img
5010,RUG,Rivet,wool,"Amazon Brand - Rivet Geometric Wool Area Rug, 5 x 8 Foot, Dark Grey, Ivory",B07B4ZR624.jpg,"a photo of a Amazon Brand - Rivet Geometric Wool Area Rug, 5 x 8 Foot, Dark Grey, Ivory",1,0,5010_img|5261_img|5464_img|4672_img|5227_img|5415_img|5096_img|4937_img|4770_img|4957_img|5333_img|5260_img|5265_img|5360_img|5135_img|4713_img|5024_img|5256_img|4930_img|4721_img
5011,KITCHEN,Amazon Brand - Solimo,Silicone,"(Renewed) Amazon Brand - Solimo Silicone Baking Glove Set, 2-Pieces, Orange",B07Z5BV41Y.jpg,"a photo of a (Renewed) Amazon Brand - Solimo Silicone Baking Glove Set, 2-Pieces, Orange",1,0,5011_img|4489_img|5362_img|5110_img|5128_img|5513_img|5141_img|4563_img|5519_img|5349_img|5594_img|5102_img|5006_img|5329_img|5599_img|5269_img|4641_img|4791_img|5236_img|5359_img
5012,KITCHEN,Amazon Brand - Solimo,Aluminium,"(Renewed) Amazon Brand - Solimo Die Cast Aluminium Non Stick Wok/Kadhai (25cm, 5 layer coating)",B08BWXPS9F.jpg,"a photo of a (Renewed) Amazon Brand - Solimo Die Cast Aluminium Non Stick Wok/Kadhai (25cm, 5 layer coating)",1,0,5012_img|4898_img|4725_img|5139_img|4971_img|5358_img|5422_img|4626_img|5494_img|4582_img|5518_img|5340_img|5526_img|5395_img|5286_img|4852_img|4836_img|4989_img|4585_img|4545_img
5013,TABLE,Rivet,Oak,"Amazon Brand - Rivet Mid-Century Modern Oak Dining Table, 63""L, Walnut Finish",B075YMXWZC.jpg,"a photo of a Amazon Brand - Rivet Mid-Century Modern Oak Dining Table, 63""L, Walnut Finish",1,0,5013_img|5541_img|5053_img|5170_img|5396_img|5368_img|5152_img|4549_img|4513_img|4977_img|5186_img|4834_img|4718_img|4727_img|4542_img|5470_img|5600_img|5255_img|4907_img|4588_img
5014,HOME,Amazon Brand - Solimo,Fabric,"Amazon Brand - Solimo Fabric Storage Box with Lid, Medium, Set of 3, Multicolor",B081FHCMXX.jpg,"a photo of a Amazon Brand - Solimo Fabric Storage Box with Lid, Medium, Set of 3, Multicolor",1,0,5014_img|5456_img|5532_img|5386_img|5245_img|5585_img|4929_img|5560_img|5102_img|5253_img|4921_img|5107_img|5375_img|4967_img|5236_img|5323_img|5552_img|4491_img|4776_img|5372_img
5015,RUG,Rivet,Cotton,"Amazon Brand - Rivet Handtufted Diamond-Patterned Cotton and Wool Rug Runner, 2'6"" x 8', Cream with Orange and Blue",B07QFB1JJB.jpg,"a photo of a Amazon Brand - Rivet Handtufted Diamond-Patterned Cotton and Wool Rug Runner, 2'6"" x 8', Cream with Orange and Blue",1,0,5015_img|5406_img|5370_img|5387_img|4580_img|5162_img|5265_img|5504_img|4952_img|4721_img|4751_img|5326_img|5232_img|4934_img|4525_img|4801_img|4723_img|4650_img|4895_img|4776_img
5016,FINEEARRING,Amazon Essentials,Metal,"Amazon Essentials - Pendientes de tuerca de plata de ley con piedra de nacimiento genuina o de corte redondo ,Amarillo",B01HD7XBX0.jpg,"a photo of a Amazon Essentials - Pendientes de tuerca de plata de ley con piedra de nacimiento genuina o de corte redondo ,Amarillo",1,0,5016_img|4637_img|4519_img|5048_img|5373_img|5469_img|4967_img|4561_img|4747_img|4828_img|4559_img|4677_img|5599_img|5455_img|4532_img|5275_img|5517_img|4902_img|4590_img|4829_img
5017,TABLE,Movian,Vidrio,"Amazon Brand - Movian Somes - Consola, 40 x 110 x 76 cm, vidrio templado",B07PMJ1G2P.jpg,"a photo of a Amazon Brand - Movian Somes - Consola, 40 x 110 x 76 cm, vidrio templado",0,-1,4768_img|5178_img|5299_img|4756_img|4948_img|5072_img|5490_img|5435_img|4761_img|4837_img|5240_img|5428_img|5005_img|5344_img|4830_img|4868_img|4950_img|4804_img|4532_img|5049_img
5018,FINEEARRING,Amazon Collection,Metal,Sterling Silver Hard Wire Threader Earrings,B00HYYRBUM.jpg,a photo of a Sterling Silver Hard Wire Threader Earrings,0,-1,4924_img|5567_img|4595_img|5440_img|5385_img|5378_img|5196_img|5248_img|5556_img|4755_img|4850_img|4981_img|5113_img|4610_img|4748_img|5447_img|4922_img|5519_img|4926_img|4936_img
5019,HOME_FURNITURE_AND_DECOR,Movian,Legno,Movian GW-Malou Shoe Cabinet 3966,B0851ZXS2S.jpg,a photo of a Movian GW-Malou Shoe Cabinet 3966,1,8,4761_img|4925_img|4746_img|5205_img|5149_img|4733_img|5325_img|5092_img|5019_img|5057_img|5282_img|5484_img|4685_img|5582_img|4505_img|4751_img|5460_img|5263_img|5545_img|5372_img
5020,KITCHEN,AmazonBasics,edelstahl,AmazonBasics 5 Piece Stainless Steel Serving Set,B0736T53G6.jpg,a photo of a AmazonBasics 5 Piece Stainless Steel Serving Set,1,1,5470_img|5020_img|4774_img|5285_img|4781_img|4641_img|4671_img|5088_img|4489_img|5323_img|5236_img|5358_img|5235_img|5594_img|4911_img|5367_img|5087_img|4526_img|4786_img|4780_img
5021,KITCHEN,AmazonBasics,Stainless Steel,"AmazonBasics Stainless Steel Dinner Knives with Square Edge, Pack of 12",B0736T6DCC.jpg,"a photo of a AmazonBasics Stainless Steel Dinner Knives with Square Edge, Pack of 12",1,1,5393_img|5021_img|5470_img|5266_img|4774_img|4641_img|5088_img|5467_img|5020_img|5201_img|5219_img|5493_img|5414_img|5429_img|4535_img|5474_img|5599_img|4754_img|4821_img|4850_img
5022,HOME,Pinzon by Amazon,Cotton-Blend,"Pinzon Heather Flannel Yarn-Dyed 5.4-Ounce Sheet Set, King, Dark Grey Heather Windowpane",B00BTDC1S6.jpg,"a photo of a Pinzon Heather Flannel Yarn-Dyed 5.4-Ounce Sheet Set, King, Dark Grey Heather Windowpane",1,2,4791_img|5509_img|5022_img|4626_img|5201_img|4949_img|4928_img|4672_img|5313_img|5188_img|4736_img|5294_img|5115_img|5317_img|5077_img|4563_img|5200_img|5588_img|4737_img|5124_img
5023,TABLE,Movian,Bois,"Marque Amazon - Movian Taro - Table basse, 89 x 89 x 30.5 cm (longueur x profondeur x hauteur), Blanc",B07S37JPW6.jpg,"a photo of a Marque Amazon - Movian Taro - Table basse, 89 x 89 x 30.5 cm (longueur x profondeur x hauteur), Blanc",1,0,5023_img|5271_img|5106_img|4535_img|5534_img|5432_img|5282_img|5586_img|5068_img|5251_img|5582_img|5205_img|4770_img|4674_img|5471_img|5263_img|5024_img|4917_img|5017_img|5152_img
5024,RUG,Rivet,"Pile: 100% Polypropylene, Backing: 100% Jute","Amazon Brand - Rivet Muted Boho Rug, 7'6 x 9'6, Off-white",B071J4SDZZ.jpg,"a photo of a Amazon Brand - Rivet Muted Boho Rug, 7'6 x 9'6, Off-white",0,-1,4770_img|5135_img|4596_img|5198_img|5237_img|5260_img|5232_img|5406_img|5360_img|5261_img|4605_img|5164_img|5127_img|5415_img|5342_img|5070_img|4704_img|5290_img|4676_img|5238_img
5025,CELLULAR_PHONE_CASE,Amazon Brand - Solimo,Silicone,Amazon Brand - Solimo Designer Head Phone UV Printed Soft Back Case Mobile Cover for Mi Redmi 8A,B0854FR3ZD.jpg,a photo of a Amazon Brand - Solimo Designer Head Phone UV Printed Soft Back Case Mobile Cover for Mi Redmi 8A,1,0,5025_img|4947_img|5033_img|5334_img|5177_img|4645_img|5216_img|5029_img|4927_img|5481_img|4604_img|4919_img|4972_img|4661_img|4769_img|5111_img|4755_img|4905_img|5230_img|4939_img
5026,FINENECKLACEBRACELETANKLET,Amazon Collection,metal,"10k White Gold Garnet and Diamond Accent Heart-Shape Pendant Necklace, 18""",B00L7PIR3Y.jpg,"a photo of a 10k White Gold Garnet and Diamond Accent Heart-Shape Pendant Necklace, 18""",1,1,5384_img|5026_img|5537_img|5229_img|4991_img|5354_img|5165_img|4794_img|5303_img|4839_img|4648_img|5172_img|5353_img|4610_img|5090_img|5562_img|5458_img|5524_img|5084_img|5046_img
5027,WALL_ART,Rivet,canvas,Amazon Brand - Rivet Mid Century Modern Abstract Mountain Landscape Wall Art Decor on Canvas - 30 x 60 Inches,B075HXJ6P4.jpg,a photo of a Amazon Brand - Rivet Mid Century Modern Abstract Mountain Landscape Wall Art Decor on Canvas - 30 x 60 Inches,1,0,5027_img|4631_img|4625_img|4715_img|5197_img|4485_img|5099_img|5338_img|5421_img|4740_img|4533_img|4730_img|4673_img|4551_img|4942_img|4999_img|4741_img|5225_img|4674_img|4976_img
5028,SOFA,Amazon Brand - Solimo,Fabric,Solimo - 3 Seater Sofa Cum Bed with Storage,B086B5MRFB.jpg,a photo of a Solimo - 3 Seater Sofa Cum Bed with Storage,1,7,5592_img|4617_img|4870_img|5344_img|4804_img|4864_img|5326_img|5028_img|5058_img|5015_img|5381_img|5528_img|4723_img|5478_img|4667_img|5433_img|5288_img|5406_img|4571_img|5244_img
5029,CELLULAR_PHONE_CASE,Amazon Brand - Solimo,Silicon,Amazon Brand - Solimo Designer Red Moon UV Printed Soft Back Case Mobile Cover for Samsung Galaxy J2 (2016),B08569NB62.jpg,a photo of a Amazon Brand - Solimo Designer Red Moon UV Printed Soft Back Case Mobile Cover for Samsung Galaxy J2 (2016),1,0,5029_img|5308_img|4825_img|5033_img|4827_img|4747_img|4894_img|5354_img|5161_img|4858_img|4587_img|4988_img|4820_img|5478_img|5270_img|4546_img|4678_img|4589_img|4537_img|5121_img
5030,KITCHEN,Amazon Brand - Solimo,Stainless Steel,"Solimo Stainless Steel Sauce Pan, 12 cm, Silver",B07VD43GFP.jpg,"a photo of a Solimo Stainless Steel Sauce Pan, 12 cm, Silver",1,1,4821_img|5030_img|4500_img|5021_img|5393_img|4611_img|4754_img|4835_img|4553_img|4535_img|4671_img|5493_img|4543_img|5088_img|5518_img|4494_img|5292_img|5164_img|4839_img|5266_img
5031,CHAIR,Movian,laderimitation,"Ett marke fran Amazon - Movian Tisza - kontorsstol/vridstol basic med justerbar sitthojd 57 x 60 x 95 cm, svart",B07TC2NYYX.jpg,"a photo of a Ett marke fran Amazon - Movian Tisza - kontorsstol/vridstol basic med justerbar sitthojd 57 x 60 x 95 cm, svart",0,-1,4868_img|4756_img|5072_img|5490_img|5178_img|5116_img|4510_img|5064_img|5515_img|5428_img|4837_img|5435_img|5268_img|4855_img|4482_img|5299_img|5568_img|4823_img|4523_img|5344_img
5032,TABLE,Amazon Brand - Solimo,Engineered Wood,Amazon Brand - Solimo Quess Engineered Wood Coffee Table (Wenge Finish),B07RG7H1BB.jpg,a photo of a Amazon Brand - Solimo Quess Engineered Wood Coffee Table (Wenge Finish),1,0,5032_img|5368_img|5152_img|4977_img|5255_img|5184_img|4513_img|5488_img|5181_img|4899_img|5496_img|4974_img|5401_img|4718_img|4971_img|5486_img|4864_img|4544_img|5170_img|5481_img
5033,CELLULAR_PHONE_CASE,Amazon Brand - Solimo,Silicone,Amazon Brand - Solimo Mobile Cover (Soft & Flexible Back case) for Samsung Galaxy A10s (Transparent),B083PFQZCW.jpg,a photo of a Amazon Brand - Solimo Mobile Cover (Soft & Flexible Back case) for Samsung Galaxy A10s (Transparent),1,10,4947_img|4691_img|5481_img|4883_img|5230_img|5262_img|5029_img|4645_img|4769_img|4927_img|5033_img|4864_img|4972_img|5206_img|5450_img|4622_img|4870_img|4528_img|5500_img|5177_img
5034,SHOES,Amazon Brand - Symbol,Polyester,Amazon Brand - Symbol Men's White Sneakers-10 UK/India (44 EU) (AZ-YS-186 B),B07BDX9S13.jpg,a photo of a Amazon Brand - Symbol Men's White Sneakers-10 UK/India (44 EU) (AZ-YS-186 B),1,0,5034_img|4888_img|4766_img|4890_img|4720_img|5379_img|4824_img|5047_img|4613_img|5312_img|5324_img|4616_img|4565_img|4859_img|4770_img|4619_img|5112_img|4597_img|4562_img|5489_img
5035,SHOES,find.,Suede,"Amazon Brand - find. Men's Arland Driver Loafer, Blue (Navy), US 8",B06XCH13KQ.jpg,"a photo of a Amazon Brand - find. Men's Arland Driver Loafer, Blue (Navy), US 8",1,1,5105_img|5035_img|4708_img|4684_img|5284_img|5220_img|5466_img|5309_img|4817_img|5114_img|5146_img|5539_img|5093_img|5314_img|4681_img|4636_img|4606_img|5584_img|4789_img|5514_img
5036,FINEEARRING,Amazon Collection,Not applicable,"AGS Certified 14k Yellow Gold Round-Cut Diamond Stud Earrings (2cttw, K-L Color, I1-I2 Clarity)",B075XTHRH1.jpg,"a photo of a AGS Certified 14k Yellow Gold Round-Cut Diamond Stud Earrings (2cttw, K-L Color, I1-I2 Clarity)",1,1,4944_img|5036_img|5405_img|5048_img|4931_img|4842_img|4508_img|4637_img|5275_img|5371_img|5452_img|5597_img|4716_img|4905_img|5044_img|5394_img|5576_img|4799_img|4818_img|4675_img
5037,CHAIR,Ravenna Home,Faux leather; Wooden frame and legs,"Amazon Brand - Ravenna Home Club Faux Leather Accent Chair and Ottoman, 29""W, Brown",B07DB8XFC6.jpg,"a photo of a Amazon Brand - Ravenna Home Club Faux Leather Accent Chair and Ottoman, 29""W, Brown",1,0,5037_img|5346_img|4980_img|4531_img|4814_img|5067_img|5300_img|4650_img|5553_img|4864_img|5152_img|5124_img|4727_img|5079_img|5258_img|4795_img|5208_img|4719_img|4748_img|5032_img
5038,HOME_FURNITURE_AND_DECOR,Stone & Beam,iron,"Amazon Brand - Stone & Beam Katama Slipcover Queen Headboard, 66""W, Spinnsol Iron",B07B4W2H9B.jpg,"a photo of a Amazon Brand - Stone & Beam Katama Slipcover Queen Headboard, 66""W, Spinnsol Iron",1,2,5083_img|5530_img|5038_img|4765_img|5459_img|5304_img|4695_img|4583_img|5226_img|5348_img|4686_img|4529_img|4599_img|5252_img|5439_img|5491_img|4616_img|5455_img|5278_img|4577_img
5039,CELLULAR_PHONE_CASE,Amazon Brand - Solimo,Silicone,Amazon Brand - Solimo Designer Love Couples Pattern UV Printed Soft Back Case Mobile Cover for Mi Redmi Note 4,B0856BL6HF.jpg,a photo of a Amazon Brand - Solimo Designer Love Couples Pattern UV Printed Soft Back Case Mobile Cover for Mi Redmi Note 4,1,2,5075_img|5542_img|5039_img|4876_img|5086_img|5500_img|4743_img|5561_img|4610_img|4668_img|5339_img|5098_img|4748_img|5130_img|4584_img|4566_img|5353_img|5388_img|4634_img|5214_img
5040,FINERING,Amazon Collection,Metal,"Platinum-Plated Sterling Silver Swarovski Zirconia Round Cut Ring Set, Size 6",B00FRIJL8W.jpg,"a photo of a Platinum-Plated Sterling Silver Swarovski Zirconia Round Cut Ring Set, Size 6",1,0,5040_img|4910_img|5593_img|4911_img|4649_img|5438_img|4515_img|4710_img|5543_img|4742_img|5581_img|4536_img|5409_img|4738_img|5213_img|4845_img|4683_img|5183_img|5367_img|4945_img
5041,FINEEARRING,Amazon Collection,synthetic-resin,Sterling Silver Purple Pressed Flower Circle Drop Earrings,B00M0O47XK.jpg,a photo of a Sterling Silver Purple Pressed Flower Circle Drop Earrings,1,1,4556_img|5041_img|4792_img|4995_img|5482_img|5317_img|5280_img|5556_img|4981_img|5248_img|5535_img|4926_img|5194_img|4933_img|5590_img|5108_img|5296_img|5567_img|4595_img|5402_img
5042,WALL_ART,Rivet,canvas,"Amazon Brand - Rivet Up Close Black and White Elephant Photo Canvas Print Wall Art Decor, 36"" x 24""",B073NZPPC9.jpg,"a photo of a Amazon Brand - Rivet Up Close Black and White Elephant Photo Canvas Print Wall Art Decor, 36"" x 24""",1,0,5042_img|4913_img|5099_img|5338_img|5448_img|5222_img|4722_img|4815_img|4740_img|4999_img|4679_img|4904_img|4508_img|5597_img|5277_img|4654_img|4624_img|5563_img|5328_img|4812_img
5043,RUG,Stone & Beam,stone,"Amazon Brand - Stone & Beam Modern Distressed Vintage Persian Area Rug, 5 x 8 Foot, Multicolor",B07HSNFJNG.jpg,"a photo of a Amazon Brand - Stone & Beam Modern Distressed Vintage Persian Area Rug, 5 x 8 Foot, Multicolor",1,1,5566_img|5043_img|5108_img|5400_img|5237_img|5370_img|5387_img|4933_img|5127_img|5194_img|4798_img|5238_img|5078_img|5342_img|4846_img|4596_img|5015_img|5438_img|4884_img|4580_img
5044,FINEEARRING,Amazon Collection,metal,"Amazon CollectionIGI Certified 14k White Gold Lab Created Diamond Stud Earrings (1 1/2 cttw, I-J Color, SI1-SI2 Clarity)",B017XDD04Y.jpg,"a photo of a Amazon CollectionIGI Certified 14k White Gold Lab Created Diamond Stud Earrings (1 1/2 cttw, I-J Color, SI1-SI2 Clarity)",1,0,5044_img|4818_img|4508_img|5597_img|4675_img|5371_img|5452_img|4816_img|4931_img|5073_img|5292_img|4697_img|4891_img|5443_img|4767_img|5048_img|4637_img|5543_img|4685_img|5307_img
5045,HOME,Pinzon by Amazon.com,Cotton,Pinzon 300 Thread Count Sateen Sheet Set,B07CDQWPWF.jpg,a photo of a Pinzon 300 Thread Count Sateen Sheet Set,1,4,4762_img|5454_img|4633_img|5569_img|5045_img|5527_img|5217_img|5022_img|4509_img|5474_img|4831_img|4835_img|4680_img|4791_img|4973_img|5195_img|4871_img|5201_img|4495_img|4896_img
5046,FINENECKLACEBRACELETANKLET,Amazon Collection,metal,"Sterling Silver Stationed Mini State Iowa Pendant Necklace, 16""+2"" Extender",B00N1PDJ5E.jpg,"a photo of a Sterling Silver Stationed Mini State Iowa Pendant Necklace, 16""+2"" Extender",1,1,4690_img|5046_img|5084_img|5267_img|5303_img|4785_img|4908_img|4648_img|5090_img|5295_img|4752_img|4679_img|5257_img|4508_img|5305_img|5577_img|4875_img|5251_img|5597_img|4839_img
5047,SHOES,Amazon Brand - Symbol,Canvas,Amazon Brand - Symbol Men's Black Canvas Sneakers-9 UK/India (43 EU) (AZ-GI-364C),B07DJM6W92.jpg,a photo of a Amazon Brand - Symbol Men's Black Canvas Sneakers-9 UK/India (43 EU) (AZ-GI-364C),1,0,5047_img|4859_img|4720_img|4890_img|4766_img|5034_img|4888_img|4565_img|5379_img|5220_img|4613_img|4619_img|4597_img|4699_img|5309_img|5234_img|5158_img|4653_img|5056_img|5463_img
5048,FINEEARRING,Amazon Collection,Metal,"IGI Certified 14k Yellow Gold Round-Cut Diamond Stud Earrings (1 cttw, H-I Color, I1 Clarity)",B006A0732C.jpg,"a photo of a IGI Certified 14k Yellow Gold Round-Cut Diamond Stud Earrings (1 cttw, H-I Color, I1 Clarity)",1,3,4944_img|5036_img|5405_img|5048_img|4931_img|5371_img|4637_img|4508_img|4842_img|5597_img|4561_img|5044_img|5275_img|5452_img|4905_img|4675_img|5394_img|4818_img|4505_img|4716_img
5049,HOME_FURNITURE_AND_DECOR,Movian,Faux Leather,"Amazon Brand - Movian Galga - Poggiapiedi, 53 x 53 x 42 cm (Lu x La x A), pelle nera/crosta",B07VRWM773.jpg,"a photo of a Amazon Brand - Movian Galga - Poggiapiedi, 53 x 53 x 42 cm (Lu x La x A), pelle nera/crosta",1,0,5049_img|5313_img|4837_img|5398_img|5399_img|5072_img|5490_img|5488_img|4823_img|5031_img|5595_img|4868_img|5224_img|4768_img|4737_img|5123_img|4899_img|5315_img|5496_img|5526_img
5050,CHAIR,Stone & Beam,Textile,"Amazon Brand - Stone & Beam Fischer Sleeper Chair, 51""W, Charcoal Fabric",B07HZ65LLW.jpg,"a photo of a Amazon Brand - Stone & Beam Fischer Sleeper Chair, 51""W, Charcoal Fabric",1,0,5050_img|5403_img|4840_img|4628_img|4767_img|5052_img|4978_img|5495_img|4950_img|4695_img|4568_img|5115_img|4791_img|4800_img|4765_img|5483_img|5555_img|5575_img|5419_img|4964_img
5051,RUG,Stone & Beam,Polypropylene,"Amazon Brand - Stone & Beam Traditional Royal Area Rug, 7' 10"" x 10', Teal",B071ZJ6CDG.jpg,"a photo of a Amazon Brand - Stone & Beam Traditional Royal Area Rug, 7' 10"" x 10', Teal",1,0,5051_img|5400_img|5237_img|4569_img|5202_img|4618_img|4863_img|4848_img|5002_img|5566_img|5501_img|4717_img|5342_img|5469_img|4800_img|4978_img|4670_img|4605_img|5419_img|4932_img
5052,CHAIR,Ravenna Home,"Hardwood frame, microfiber upholstery","Amazon Brand - Ravenna Home Pull Recliner with 360 Rotating Swivel Glider, Living Room Chair, 39""W, Dark Grey",B07P5LNMMJ.jpg,"a photo of a Amazon Brand - Ravenna Home Pull Recliner with 360 Rotating Swivel Glider, Living Room Chair, 39""W, Dark Grey",1,1,5315_img|5052_img|4568_img|5300_img|5298_img|4964_img|4657_img|4873_img|5511_img|4837_img|5246_img|4790_img|5037_img|5553_img|4490_img|4760_img|4840_img|5346_img|4807_img|4948_img
5053,TABLE,Rivet,Walnut,"Amazon Brand - Rivet Federal Mid-Century Modern Medium Wood Dining Table, 60-82""L, Brown",B07B86VTX4.jpg,"a photo of a Amazon Brand - Rivet Federal Mid-Century Modern Medium Wood Dining Table, 60-82""L, Brown",1,2,5013_img|5541_img|5053_img|5170_img|4834_img|5396_img|4836_img|5204_img|4549_img|4727_img|5422_img|4718_img|5186_img|4856_img|5175_img|5351_img|4513_img|5192_img|4588_img|5069_img
5054,HOME,Pinzon by Amazon,Cotton,"Pinzon 200-Thread Count Percale Printed Kids Butterfly, Full/Queen Quilted Coverlet",B003S3RF3Q.jpg,"a photo of a Pinzon 200-Thread Count Percale Printed Kids Butterfly, Full/Queen Quilted Coverlet",1,4,5058_img|5288_img|5144_img|5326_img|5054_img|5233_img|5591_img|4723_img|4617_img|4502_img|5455_img|4525_img|5296_img|4776_img|4626_img|5569_img|4650_img|4965_img|4956_img|5509_img
5055,FINENECKLACEBRACELETANKLET,Amazon Collection,metal,"925 Sterling Silver Small Round AAA Cubic Zirconia Station Necklace, 30"" (1.19 cttw)",B0092J1FC2.jpg,"a photo of a 925 Sterling Silver Small Round AAA Cubic Zirconia Station Necklace, 30"" (1.19 cttw)",1,1,4728_img|5055_img|5090_img|5577_img|5453_img|5084_img|4648_img|5473_img|5295_img|4810_img|5395_img|5562_img|5434_img|5286_img|4853_img|4875_img|5494_img|4547_img|5303_img|5319_img
5056,KITCHEN,Amazon Brand - Solimo,Aluminium,Amazon Brand - Solimo Inner Pressure Cooker Gasket (5L cookers),B07P5YTKV2.jpg,a photo of a Amazon Brand - Solimo Inner Pressure Cooker Gasket (5L cookers),1,0,5056_img|5216_img|5018_img|4764_img|5526_img|4726_img|4895_img|4831_img|5201_img|5170_img|4522_img|5361_img|4667_img|4499_img|4650_img|5055_img|5523_img|4737_img|4672_img|5533_img
5057,HOME_FURNITURE_AND_DECOR,Movian,Legno,"Marchio Amazon - Movian - Libreria 1 anta e 5 ripiani, 80 x 218 x 35 cm, effetto quercia/grigio scuro",B084S7ZGNT.jpg,"a photo of a Marchio Amazon - Movian - Libreria 1 anta e 5 ripiani, 80 x 218 x 35 cm, effetto quercia/grigio scuro",0,-1,5299_img|4535_img|5263_img|4674_img|4955_img|4862_img|5023_img|5595_img|4942_img|5178_img|4834_img|5396_img|4830_img|4811_img|4835_img|5320_img|4594_img|4495_img|5017_img|4772_img
5058,HOME_BED_AND_BATH,Amazon Brand - Solimo,Polyester,"Amazon Brand - Solimo Arendale Microfibre Printed Quilt Blanket, Double, 120 GSM, Yellow and Red",B076BSCFHT.jpg,"a photo of a Amazon Brand - Solimo Arendale Microfibre Printed Quilt Blanket, Double, 120 GSM, Yellow and Red",1,0,5058_img|4846_img|5054_img|5381_img|4559_img|5247_img|5326_img|5455_img|5504_img|4525_img|5566_img|4617_img|5592_img|5475_img|5433_img|5288_img|5477_img|5215_img|4820_img|4776_img
5059,FINERING,Amazon Collection,metal,"Platinum-Plated Sterling Silver Round 3-Stone Ring made with Swarovski Zirconia (2 cttw), Size 9",B012SZYXQQ.jpg,"a photo of a Platinum-Plated Sterling Silver Round 3-Stone Ring made with Swarovski Zirconia (2 cttw), Size 9",1,2,4536_img|5409_img|5059_img|4738_img|5213_img|4590_img|4829_img|4649_img|4963_img|4828_img|5040_img|5074_img|4945_img|4845_img|5438_img|4683_img|4932_img|4627_img|4710_img|5207_img
5060,SOFA,Stone & Beam,Nylon,"Amazon Brand - Stone & Beam Bagley Sectional Component, Left-Facing Sofa Chaise, Fabric, 41""W, Stone",B07HZ4NG1G.jpg,"a photo of a Amazon Brand - Stone & Beam Bagley Sectional Component, Left-Facing Sofa Chaise, Fabric, 41""W, Stone",1,0,5060_img|4644_img|4660_img|4954_img|4911_img|5203_img|4956_img|4889_img|4490_img|4629_img|4910_img|5065_img|4776_img|5079_img|5052_img|4790_img|5419_img|5543_img|4817_img|5349_img
5061,HOME,UMI,cotton-blend,"UMI Cotton Blend Cushion Pads (2, 45x45cm)",B07J5FM8RB.jpg,"a photo of a UMI Cotton Blend Cushion Pads (2, 45x45cm)",0,-1,5359_img|5014_img|5456_img|5570_img|5288_img|5404_img|5245_img|4921_img|5509_img|5399_img|4791_img|4929_img|4662_img|5006_img|5022_img|5375_img|5304_img|5474_img|4522_img|5110_img
5062,FINERING,Amazon Collection,metal,"Amazon CollectionRose-Gold-Plated Sterling Silver Swarovski Zirconia Round-Cut Tennis Bracelet, 7.25""",B00NFSCWOG.jpg,"a photo of a Amazon CollectionRose-Gold-Plated Sterling Silver Swarovski Zirconia Round-Cut Tennis Bracelet, 7.25""",1,0,5062_img|4909_img|4493_img|4771_img|4853_img|4847_img|5521_img|5578_img|5551_img|5418_img|4742_img|4841_img|5557_img|5438_img|4810_img|5558_img|5329_img|5174_img|4822_img|4710_img
5063,FINEEARRING,Amazon Collection,Metal,14k Rose Gold Plated Sterling Silver Cubic Zirconia Halo Set Leverback Drop Earrings,B00TDNZV4A.jpg,a photo of a 14k Rose Gold Plated Sterling Silver Cubic Zirconia Halo Set Leverback Drop Earrings,1,0,5063_img|4926_img|4642_img|4986_img|4797_img|4922_img|5395_img|5556_img|4803_img|5473_img|5340_img|5443_img|5208_img|4595_img|4981_img|4700_img|5523_img|4692_img|4683_img|5447_img
5064,CHAIR,Movian,Oak,Movian Wendy Dining Chair,B08G1YWN8L.jpg,a photo of a Movian Wendy Dining Chair,1,0,5064_img|5008_img|5351_img|4793_img|4855_img|5151_img|5598_img|4542_img|5204_img|5583_img|4737_img|4923_img|4880_img|4524_img|4748_img|5121_img|5541_img|4531_img|4774_img|4713_img
5065,SHOES,Amazon Brand - Symbol,Synthetic,Amazon Brand - Symbol Men's Navy Sandals-9 (AZ-KY-339B),B079PTBMS1.jpg,a photo of a Amazon Brand - Symbol Men's Navy Sandals-9 (AZ-KY-339B),1,0,5065_img|5511_img|5220_img|4880_img|5349_img|5105_img|5584_img|5284_img|5114_img|4619_img|5203_img|4708_img|5546_img|5035_img|5309_img|4706_img|5093_img|5314_img|4817_img|4895_img
5066,HOME_FURNITURE_AND_DECOR,Amazon Brand - Solimo,Plastic,"Amazon Brand - Solimo 12-inch Wall Clock - Desginer (Silent Movement, Black Frame), SC-1043",B08GKXV366.jpg,"a photo of a Amazon Brand - Solimo 12-inch Wall Clock - Desginer (Silent Movement, Black Frame), SC-1043",1,0,5066_img|5180_img|5301_img|5507_img|5138_img|5441_img|5273_img|5254_img|4651_img|4826_img|5488_img|5056_img|4726_img|5216_img|5116_img|4552_img|4482_img|4624_img|4782_img|4630_img
5067,SOFA,Stone & Beam,Hardwood,"Amazon Brand - Stone & Beam Fischer Full-Sized Sleeper Sofa, 72""W, Chestnut Leather",B07HZ73SBM.jpg,"a photo of a Amazon Brand - Stone & Beam Fischer Full-Sized Sleeper Sofa, 72""W, Chestnut Leather",1,0,5067_img|5278_img|5329_img|5050_img|4950_img|4696_img|4795_img|4686_img|4678_img|4864_img|5495_img|4599_img|5416_img|5368_img|5459_img|5195_img|5514_img|4503_img|4832_img|5483_img
5068,HOME_FURNITURE_AND_DECOR,Movian,Wood,"Amazon Brand - Movian 3-Drawer Desk, 120 x 74 x 60 cm, Oak/High Gloss White",B082YNC9R8.jpg,"a photo of a Amazon Brand - Movian 3-Drawer Desk, 120 x 74 x 60 cm, Oak/High Gloss White",1,0,5068_img|5432_img|5282_img|5205_img|5023_img|5263_img|4535_img|5480_img|5106_img|5484_img|5582_img|5189_img|5005_img|5320_img|4761_img|4917_img|5032_img|4664_img|5271_img|4770_img
5069,SOFA,Stone & Beam,Linen,"Amazon Brand - Stone & Beam Andover Modern Right U-Sectional Sofa, 134""W, Grey Linen",B07BWJC1GS.jpg,"a photo of a Amazon Brand - Stone & Beam Andover Modern Right U-Sectional Sofa, 134""W, Grey Linen",1,1,5136_img|5069_img|5112_img|4906_img|5525_img|5175_img|4856_img|4562_img|5505_img|4955_img|4529_img|5163_img|4660_img|4545_img|5510_img|4629_img|4889_img|4834_img|4830_img|5491_img
5070,RUG,Rivet,"47% Polypropelene, 29% Polyester, 17% Jute, 7% Cotton","Amazon Brand - Rivet Distressed Medallion Area Rug, 8 x 11 Foot, Steel",B0732DDNKH.jpg,"a photo of a Amazon Brand - Rivet Distressed Medallion Area Rug, 8 x 11 Foot, Steel",1,3,4596_img|5135_img|5360_img|5070_img|4704_img|5194_img|4955_img|5415_img|5342_img|5175_img|4770_img|5164_img|4856_img|4901_img|5237_img|5299_img|5127_img|5232_img|5260_img|5043_img
5071,KITCHEN,AmazonBasics,Plastic+Metal,AmazonBasics Electric Rice Cooker 1 L (500 W) Grey,B082FLN1JJ.jpg,a photo of a AmazonBasics Electric Rice Cooker 1 L (500 W) Grey,1,0,5071_img|5437_img|4869_img|4553_img|5518_img|4734_img|5049_img|4872_img|4958_img|4500_img|4543_img|4939_img|4921_img|5399_img|5575_img|5313_img|5246_img|4577_img|5356_img|5166_img
5072,SOFA,Movian,Polyester,"Marque Amazon - Movian Buran - Fauteuil, 77 x 92 x 86 cm, Gris",B075NRBB8V.jpg,"a photo of a Marque Amazon - Movian Buran - Fauteuil, 77 x 92 x 86 cm, Gris",1,0,5072_img|5490_img|4703_img|5064_img|4855_img|4768_img|5123_img|5241_img|4837_img|5315_img|5246_img|4487_img|5515_img|5298_img|4948_img|5258_img|4960_img|5313_img|5166_img|5009_img
5073,FINEEARRING,Amazon Collection,platinum,"IGI-Certified Platinum Princess-Cut Diamond Stud Earrings (1 1/2 cttw, G-H Color, VS2 Clarity)",B0000BVF1Z.jpg,"a photo of a IGI-Certified Platinum Princess-Cut Diamond Stud Earrings (1 1/2 cttw, G-H Color, VS2 Clarity)",1,1,5292_img|5073_img|4697_img|4816_img|4818_img|4896_img|4508_img|5044_img|4954_img|5319_img|4875_img|5183_img|5452_img|4601_img|4891_img|4729_img|4644_img|5597_img|4675_img|4592_img
5074,FINERING,Amazon Collection,metall,"Ring Sterling-Silber 925 platiniert Tropfenform 3 Steine Swarovski Zirkonia,farblos",B01ERB5XTU.jpg,"a photo of a Ring Sterling-Silber 925 platiniert Tropfenform 3 Steine Swarovski Zirkonia,farblos",0,-1,4738_img|5213_img|4932_img|5089_img|4486_img|4897_img|4536_img|5409_img|5182_img|4670_img|5557_img|5382_img|4838_img|4822_img|4627_img|5272_img|5392_img|4711_img|4820_img|4963_img
5075,CELLULAR_PHONE_CASE,Amazon Brand - Solimo,Silicone,Amazon Brand - Solimo Designer Love Couples Pattern UV Printed Soft Back Case Mobile Cover for Lenovo K10 Plus,B0854LMB29.jpg,a photo of a Amazon Brand - Solimo Designer Love Couples Pattern UV Printed Soft Back Case Mobile Cover for Lenovo K10 Plus,1,0,5075_img|5542_img|5039_img|4876_img|5086_img|5500_img|4743_img|4668_img|5561_img|5098_img|4610_img|4748_img|5339_img|4584_img|5130_img|4566_img|4634_img|5388_img|5353_img|5214_img
5076,HOME_FURNITURE_AND_DECOR,Amazon Brand - Solimo,PVC Vinyl,"Amazon Brand - Solimo Wall Sticker for Living Room (Flower Delivery, Ideal Size on Wall, 148 cm x 96.5 cm)",B073RLTHN3.jpg,"a photo of a Amazon Brand - Solimo Wall Sticker for Living Room (Flower Delivery, Ideal Size on Wall, 148 cm x 96.5 cm)",1,1,5428_img|5076_img|5240_img|5311_img|5129_img|4884_img|4566_img|5207_img|5296_img|4525_img|5054_img|4623_img|5425_img|5571_img|4676_img|4617_img|5574_img|5330_img|4970_img|4965_img
5077,FINEEARRING,Amazon Collection,sterling-silver,Amazon CollectionSterling Silver Cushion Checkerboard Cut Smoky Quartz Studs (8mm),B00UYGOHHC.jpg,a photo of a Amazon CollectionSterling Silver Cushion Checkerboard Cut Smoky Quartz Studs (8mm),1,1,5157_img|5077_img|5016_img|4693_img|5141_img|4687_img|5485_img|5172_img|4561_img|5373_img|4995_img|5193_img|5548_img|4816_img|4967_img|5458_img|5479_img|4557_img|4573_img|4936_img
5078,FINENECKLACEBRACELETANKLET,Amazon Collection,Glas,"Silverplaterad kristallbla enhorning hange halsband, 18 tum, colore: Pastel Rainbow Unicorn, cod. 24679601",B072WW8FPZ.jpg,"a photo of a Silverplaterad kristallbla enhorning hange halsband, 18 tum, colore: Pastel Rainbow Unicorn, cod. 24679601",1,0,5078_img|4967_img|4783_img|5190_img|4679_img|4728_img|5448_img|5319_img|5291_img|4533_img|5167_img|4909_img|5280_img|5276_img|4938_img|5262_img|5240_img|4603_img|4875_img|4810_img
5079,CHAIR,Stone & Beam,Leather,"Amazon Brand - Stone & Beam Andover Leather Left-Facing Sofa-Chaise Sectional, 126""W, Saddle Brown",B07BWK7FXW.jpg,"a photo of a Amazon Brand - Stone & Beam Andover Leather Left-Facing Sofa-Chaise Sectional, 126""W, Saddle Brown",1,0,5079_img|4696_img|5067_img|5203_img|5329_img|5281_img|4727_img|5037_img|5349_img|5278_img|4864_img|5584_img|5505_img|4946_img|4650_img|5579_img|4817_img|4660_img|5466_img|4980_img
5080,TABLE,Rivet,"Platte aus massivem Ulmenholz, Gestell aus schwarzem, pulverbeschichtetem Metall",Amazon Brand Rivet Console with Metal Shelf 110 x 35 cm Elme/Black Metal Frame,B07W563NHG.jpg,a photo of a Amazon Brand Rivet Console with Metal Shelf 110 x 35 cm Elme/Black Metal Frame,1,0,5080_img|5496_img|5094_img|5092_img|4685_img|5003_img|5488_img|5460_img|4860_img|5017_img|5279_img|4635_img|4655_img|4530_img|5184_img|4907_img|4899_img|5137_img|4570_img|4801_img
5081,FINERING,Amazon Collection,metal,"Sterling Silver Citrine and Diamond Accent Open Halo Heart Ring, Size 6",B015FWUBYM.jpg,"a photo of a Sterling Silver Citrine and Diamond Accent Open Halo Heart Ring, Size 6",1,0,5081_img|4519_img|4753_img|5016_img|4799_img|5519_img|5330_img|4694_img|5275_img|5559_img|5392_img|4612_img|5089_img|5173_img|5141_img|5322_img|4828_img|4683_img|4852_img|5128_img
5082,KITCHEN,Pinzon by Amazon,Alloy,Pinzon Matte Chrome-Plated Corkscrew and Foil Cutter Set,B001DXZHVA.jpg,a photo of a Pinzon Matte Chrome-Plated Corkscrew and Foil Cutter Set,0,-1,5088_img|4641_img|5021_img|4671_img|4850_img|5493_img|5599_img|5393_img|4758_img|5416_img|5266_img|5467_img|5216_img|5337_img|4489_img|4754_img|5470_img|5452_img|4839_img|5018_img
5083,HOME_FURNITURE_AND_DECOR,Stone & Beam,"Polyster/linen blend fabric, plywood frame","Amazon Brand - Stone & Beam Katama Slipcover King Headboard, 83""W, Fresh Dune",B07B4W5WJ4.jpg,"a photo of a Amazon Brand - Stone & Beam Katama Slipcover King Headboard, 83""W, Fresh Dune",1,1,5530_img|5083_img|4765_img|5038_img|5304_img|5226_img|5348_img|5459_img|4583_img|4529_img|4686_img|4616_img|4712_img|4695_img|5252_img|4961_img|5489_img|5439_img|5390_img|5144_img
5084,FINENECKLACEBRACELETANKLET,Amazon Collection,sterling-silver,Sterling Silver Cushion-Cut Checkerboard Aquamarine Pendant Necklace (6mm),B00UYGODTO.jpg,a photo of a Sterling Silver Cushion-Cut Checkerboard Aquamarine Pendant Necklace (6mm),1,1,4572_img|5084_img|4891_img|5267_img|5165_img|5295_img|5564_img|5090_img|5303_img|5286_img|4962_img|4618_img|5469_img|4639_img|5046_img|4690_img|4693_img|4648_img|4952_img|4488_img
5085,CELLULAR_PHONE_CASE,Amazon Brand - Solimo,Silicone,Amazon Brand - Solimo Designer Dark Night View UV Printed Soft Back Case Mobile Cover for Vivo Z10,B08541S9N8.jpg,a photo of a Amazon Brand - Solimo Designer Dark Night View UV Printed Soft Back Case Mobile Cover for Vivo Z10,1,2,4589_img|4537_img|5085_img|5230_img|5334_img|4645_img|5029_img|5339_img|4941_img|4540_img|5481_img|5101_img|4763_img|4883_img|4951_img|4988_img|4877_img|5561_img|5033_img|4775_img
5086,CELLULAR_PHONE_CASE,Amazon Brand - Solimo,Silicone,Amazon Brand - Solimo Designer Couples Standing in Rain UV Printed Soft Back Case Mobile Cover for Huawei Honor 5c,B0857L11DB.jpg,a photo of a Amazon Brand - Solimo Designer Couples Standing in Rain UV Printed Soft Back Case Mobile Cover for Huawei Honor 5c,1,0,5086_img|4876_img|4709_img|5039_img|5075_img|5542_img|4919_img|4630_img|5440_img|4743_img|5500_img|5177_img|4668_img|4722_img|5208_img|5561_img|5452_img|5098_img|4496_img|5228_img
5087,KITCHEN,Amazon Brand - Solimo,Plastic,"Amazon Brand - Solimo 200-Watt 3-in-1 Hand Blender with Blending Jar, Chopper Bowl, Whisking Attachment",B071GKY7HW.jpg,"a photo of a Amazon Brand - Solimo 200-Watt 3-in-1 Hand Blender with Blending Jar, Chopper Bowl, Whisking Attachment",1,4,4872_img|4869_img|5154_img|5437_img|5087_img|4984_img|4553_img|5269_img|4821_img|4939_img|4488_img|4489_img|4669_img|4500_img|5266_img|4734_img|4865_img|5552_img|5071_img|5467_img
5088,KITCHEN,Pinzon by Amazon,stainless_steel,Pinzon 3-Piece Tongs,B000UD728U.jpg,a photo of a Pinzon 3-Piece Tongs,1,4,4641_img|5393_img|5021_img|5599_img|5088_img|5470_img|5266_img|4489_img|5020_img|4774_img|4671_img|4850_img|5006_img|5236_img|4839_img|5467_img|5065_img|5082_img|5090_img|4758_img
5089,FINERING,Amazon Collection,Non applicabile,"10k Gold Round Cut Birthstone anello realizzato con cristallo Swarovski,Marzo,7",B079KD3G4P.jpg,"a photo of a 10k Gold Round Cut Birthstone anello realizzato con cristallo Swarovski,Marzo,7",1,2,4820_img|5392_img|5089_img|4990_img|4546_img|4771_img|5308_img|4747_img|5537_img|5121_img|4858_img|4492_img|4932_img|5354_img|5229_img|4694_img|4897_img|4846_img|5161_img|4627_img
5090,FINENECKLACEBRACELETANKLET,Amazon Collection,platinum-plated-silver,"Platinum-Plated Sterling Silver Trillion-Shape Solitaire Pendant Neckalce made with Swarovski Zirconia, 16""",B00G0M48ZK.jpg,"a photo of a Platinum-Plated Sterling Silver Trillion-Shape Solitaire Pendant Neckalce made with Swarovski Zirconia, 16""",1,0,5090_img|5295_img|4648_img|5577_img|5286_img|5084_img|4875_img|5395_img|5165_img|5319_img|5473_img|5303_img|4797_img|4728_img|5562_img|5280_img|4547_img|5055_img|4991_img|4783_img
5091,CELLULAR_PHONE_CASE,Amazon Brand - Solimo,Plastic,Amazon Brand - Solimo Designer Punisher Skull 3D Printed Hard Back Case Mobile Cover for Asus Zenfone Max Pro M1 ZB601KL,B0853WTC4Y.jpg,a photo of a Amazon Brand - Solimo Designer Punisher Skull 3D Printed Hard Back Case Mobile Cover for Asus Zenfone Max Pro M1 ZB601KL,1,1,5221_img|5091_img|5029_img|5334_img|5177_img|4654_img|4634_img|5098_img|4604_img|5561_img|4975_img|4927_img|5207_img|4825_img|5025_img|4580_img|4919_img|4528_img|5596_img|4972_img
5092,HOME_FURNITURE_AND_DECOR,Amazon Brand - Solimo,Plastic,"Amazon Brand - Solimo 2-Door Foldable Wardrobe, 6 Racks, Black",B07QWLD2ML.jpg,"a photo of a Amazon Brand - Solimo 2-Door Foldable Wardrobe, 6 Racks, Black",1,0,5092_img|4685_img|5496_img|4530_img|5149_img|5460_img|4761_img|4733_img|5094_img|5488_img|4925_img|5057_img|5582_img|4552_img|5080_img|5398_img|5484_img|4917_img|4482_img|5282_img
5093,SHOES,Klepe,Mesh,Klepe Men's D.Navy Flyknit with Memory Foam Running Shoes-11 UK (45 EU) (12 US) (A00/NVY),B07XFVQ3G9.jpg,a photo of a Klepe Men's D.Navy Flyknit with Memory Foam Running Shoes-11 UK (45 EU) (12 US) (A00/NVY),1,0,5093_img|5314_img|5199_img|4802_img|5239_img|5125_img|5587_img|4879_img|5004_img|5114_img|4681_img|5143_img|4789_img|4564_img|4861_img|5284_img|5220_img|5487_img|4708_img|4666_img
5094,TABLE,Movian,Holzwerkstoff,Movian Martin Bookshelf,B07QVRTT6J.jpg,a photo of a Movian Martin Bookshelf,1,4,4733_img|5460_img|5149_img|5582_img|5094_img|4925_img|5092_img|4860_img|4917_img|5057_img|5549_img|5484_img|4761_img|5372_img|4685_img|4530_img|5568_img|5110_img|4524_img|4954_img
5095,RUG,Rivet,wool,"Rivet Pink Global Floral Wool Rug, 4' x 6', Pink",B0719STF99.jpg,"a photo of a Rivet Pink Global Floral Wool Rug, 4' x 6', Pink",1,0,5095_img|5425_img|5370_img|5387_img|4970_img|4779_img|4809_img|4887_img|4521_img|5465_img|4933_img|5129_img|5402_img|5428_img|5446_img|4525_img|5043_img|5054_img|5492_img|4700_img
5096,RUG,Rivet,polyester,"Amazon Brand - Rivet Contemporary Runner Rug, 2' 10"" x 7' 10"", Taupe and Grey",B07HSHKHHB.jpg,"a photo of a Amazon Brand - Rivet Contemporary Runner Rug, 2' 10"" x 7' 10"", Taupe and Grey",1,0,5096_img|4937_img|4934_img|5164_img|5261_img|4588_img|5415_img|5256_img|5135_img|5218_img|4596_img|5464_img|4594_img|5397_img|5194_img|5453_img|5306_img|5505_img|5589_img|4702_img
5097,SOFA,Alkove,Leather,"Amazon Brand - Alkove Elvas Hand-Crafted Leather Sofa, 2 Seater Maxi, 102 x 193 x 93cm, Taupe",B07HPQ7HB5.jpg,"a photo of a Amazon Brand - Alkove Elvas Hand-Crafted Leather Sofa, 2 Seater Maxi, 102 x 193 x 93cm, Taupe",1,0,5097_img|4864_img|4686_img|4832_img|5067_img|4696_img|5329_img|4870_img|5459_img|5344_img|4808_img|5506_img|5007_img|5579_img|5278_img|5203_img|4987_img|4807_img|4950_img|5417_img
5098,CELLULAR_PHONE_CASE,Amazon Brand - Solimo,Plastic,Amazon Brand - Solimo Designer Auto Pattern 3D Printed Hard Back Case Mobile Cover for Samsung Galaxy A20s,B081HNN7M8.jpg,a photo of a Amazon Brand - Solimo Designer Auto Pattern 3D Printed Hard Back Case Mobile Cover for Samsung Galaxy A20s,1,7,4580_img|4743_img|4584_img|4634_img|5548_img|5561_img|5500_img|5098_img|5477_img|4691_img|5230_img|4522_img|4883_img|5207_img|5446_img|5210_img|5177_img|4603_img|4975_img|5334_img
5099,WALL_ART,Rivet,canvas,"Amazon Brand - Rivet Canvas Print Wall Art of Horses Grazing in Desert Southwest Desert, 45"" x 30""",B073P117XZ.jpg,"a photo of a Amazon Brand - Rivet Canvas Print Wall Art of Horses Grazing in Desert Southwest Desert, 45"" x 30""",1,0,5099_img|5338_img|4812_img|4740_img|5448_img|4815_img|5042_img|4730_img|5222_img|4631_img|4913_img|5449_img|5436_img|4985_img|4904_img|4679_img|4551_img|5307_img|4976_img|4485_img
5100,WALL_ART,Rivet,canvas,"Amazon Brand - Rivet Abstract Black, Silver, Pink Canvas Print, 24"" x 36""",B073P1H7JQ.jpg,"a photo of a Amazon Brand - Rivet Abstract Black, Silver, Pink Canvas Print, 24"" x 36""",1,0,5100_img|4731_img|4567_img|5476_img|5425_img|5117_img|4485_img|4887_img|5129_img|4976_img|5197_img|4847_img|4909_img|5464_img|5159_img|4999_img|5388_img|5135_img|4521_img|4942_img
5101,CELLULAR_PHONE_CASE,Amazon Brand - Solimo,Silicon,Amazon Brand - Solimo Designer Sperking Stars UV Printed Soft Back Case Mobile Cover for Oppo A5s,B0856BCBKZ.jpg,a photo of a Amazon Brand - Solimo Designer Sperking Stars UV Printed Soft Back Case Mobile Cover for Oppo A5s,1,3,4877_img|4941_img|4496_img|5101_img|4514_img|4537_img|5085_img|4743_img|5230_img|5210_img|5494_img|4589_img|4645_img|4901_img|5548_img|4988_img|5422_img|4634_img|5012_img|5473_img
5102,KITCHEN,Amazon Brand - Solimo,Plastic,"(Renewed) Amazon Brand - Solimo Plastic Lunch Box Set, 3-Pieces, Blue",B085NXLFLD.jpg,"a photo of a (Renewed) Amazon Brand - Solimo Plastic Lunch Box Set, 3-Pieces, Blue",1,0,5102_img|4491_img|5594_img|5532_img|4538_img|4780_img|5513_img|4489_img|5014_img|5456_img|5386_img|5585_img|5147_img|4843_img|4786_img|5560_img|5253_img|5285_img|4497_img|4526_img
5103,HOME_FURNITURE_AND_DECOR,Movian,Madera,Marca Amazon - Movian Natura - Cajonera (gris),B07GFL6R96.jpg,a photo of a Marca Amazon - Movian Natura - Cajonera (gris),0,-1,5399_img|4532_img|5375_img|4751_img|5313_img|5407_img|4768_img|4962_img|5049_img|5251_img|4585_img|5072_img|5490_img|4855_img|5528_img|4734_img|5219_img|4849_img|4862_img|5123_img
5104,TABLE,Strathwood by Amazon.com,Aluminum,Strathwood Rhodes Rectangular Dining Table,B008U4QG2E.jpg,a photo of a Strathwood Rhodes Rectangular Dining Table,1,5,5541_img|5053_img|5013_img|4718_img|5255_img|5104_img|4549_img|5396_img|4737_img|4774_img|5017_img|4834_img|5251_img|5285_img|4506_img|4641_img|4780_img|4513_img|5186_img|4580_img
5105,SHOES,Amazon Brand - Symbol,Leather,Amazon Brand - Symbol Men's Leather Casual Loafers,B075T4HFM3.jpg,a photo of a Amazon Brand - Symbol Men's Leather Casual Loafers,1,3,5466_img|4684_img|4817_img|5105_img|5309_img|5035_img|4708_img|4946_img|5579_img|5281_img|5445_img|5584_img|5203_img|5349_img|5065_img|5158_img|4504_img|5463_img|4613_img|5379_img
5106,TABLE,Movian,Furniture board,Movian Seat with Box,B07S62N14K.jpg,a photo of a Movian Seat with Box,0,-1,5315_img|4793_img|4855_img|5072_img|5490_img|5268_img|5153_img|5064_img|5123_img|4760_img|4964_img|5009_img|4539_img|4873_img|4880_img|4657_img|5478_img|5008_img|5145_img|5361_img
5107,TABLE,Stone & Beam,Wood & Metal,"Amazon Brand - Stone & Beam Weston Wood & Metal Nesting Tables, Set of 2, Brown",B0768STTR7.jpg,"a photo of a Amazon Brand - Stone & Beam Weston Wood & Metal Nesting Tables, Set of 2, Brown",1,0,5107_img|5192_img|4524_img|4748_img|4718_img|5341_img|5323_img|5115_img|5124_img|5053_img|4585_img|5170_img|4671_img|4791_img|4542_img|5113_img|5185_img|5208_img|4954_img|4504_img
5108,RUG,Rivet,Wool pile,"Amazon Brand - Rivet Motion Modern Patterned Wool Runner Rug, 2' 3"" x 7' 6"", Multi",B075Z9QR4V.jpg,"a photo of a Amazon Brand - Rivet Motion Modern Patterned Wool Runner Rug, 2' 3"" x 7' 6"", Multi",1,2,5194_img|4934_img|5108_img|5370_img|5387_img|5015_img|5164_img|5265_img|5096_img|4522_img|5492_img|4596_img|5406_img|5572_img|4580_img|4663_img|5509_img|4525_img|5043_img|4798_img
5109,WALL_ART,Rivet,Wood,"Amazon Brand - Rivet Pop Art Print of Paris Map in Primary Colors Modern Wall Art, 26"" x 18""",B073P1HZY6.jpg,"a photo of a Amazon Brand - Rivet Pop Art Print of Paris Map in Primary Colors Modern Wall Art, 26"" x 18""",1,0,5109_img|4698_img|5347_img|4498_img|5117_img|4867_img|4682_img|5027_img|5563_img|4615_img|5076_img|4918_img|4567_img|5058_img|5360_img|4999_img|5197_img|5159_img|4996_img|5476_img
5110,HOME_BED_AND_BATH,AmazonBasics,100% Cotone,"AmazonBasics 'Everyday' Bettwascheset aus 100% Baumwolle, Dunkelrot 200x200 cm & 2 Kissenbezuge 50x80 cm",B00UZ6JOFQ.jpg,"a photo of a AmazonBasics 'Everyday' Bettwascheset aus 100% Baumwolle, Dunkelrot 200x200 cm & 2 Kissenbezuge 50x80 cm",1,16,4623_img|4965_img|5296_img|4617_img|4667_img|5058_img|5288_img|4689_img|5283_img|5554_img|4928_img|4736_img|4745_img|5429_img|4800_img|4723_img|5110_img|5326_img|5381_img|5240_img
5111,CELLULAR_PHONE_CASE,Amazon Brand - Solimo,Silicon,Amazon Brand - Solimo Designer Love and Peace UV Printed Soft Back Case Mobile Cover for Samsung Galaxy A70,B0854GYYKD.jpg,a photo of a Amazon Brand - Solimo Designer Love and Peace UV Printed Soft Back Case Mobile Cover for Samsung Galaxy A70,1,0,5111_img|4919_img|5033_img|5500_img|5533_img|4604_img|5025_img|5524_img|5207_img|5098_img|4603_img|5262_img|5122_img|5461_img|5130_img|4739_img|4598_img|4927_img|4753_img|5177_img
5112,SOFA,Stone & Beam,stone,"Amazon Brand - Stone & Beam Andover Modern Left L-Sectional Sofa, 124""W, Cream",B07BW8PZ28.jpg,"a photo of a Amazon Brand - Stone & Beam Andover Modern Left L-Sectional Sofa, 124""W, Cream",1,0,5112_img|4562_img|4906_img|5136_img|5525_img|5069_img|4856_img|5175_img|5163_img|4616_img|5489_img|4770_img|5505_img|4571_img|4604_img|5560_img|5379_img|5034_img|4955_img|5023_img
5113,FINEEARRING,Amazon Collection,Fein-anderes Material;,"Ohrringe Sterling-Silber 925 offenes Herz,rose gold",B073HW6VWG.jpg,"a photo of a Ohrringe Sterling-Silber 925 offenes Herz,rose gold",1,19,5179_img|4987_img|4841_img|4885_img|4857_img|5160_img|5506_img|5007_img|4803_img|4687_img|5128_img|5556_img|4677_img|5557_img|4853_img|4922_img|5522_img|4897_img|5242_img|5113_img
5114,SHOES,Amazon Brand - Symbol,Mesh,Amazon Brand - Symbol Men's Navy Sneakers - 8 UK/India (42 EU)(AZ-YS-47B),B074F16RK2.jpg,a photo of a Amazon Brand - Symbol Men's Navy Sneakers - 8 UK/India (42 EU)(AZ-YS-47B),1,9,5220_img|5284_img|4619_img|5125_img|5239_img|4789_img|4766_img|4681_img|4720_img|5114_img|4879_img|5047_img|4859_img|4565_img|4796_img|4890_img|5034_img|5093_img|5314_img|4708_img
5115,TABLE,Stone & Beam,Stone,"Amazon Brand - Stone & Beam Industrial Nesting Tables, Set of 2, 19.69""W and 14.96""W, Antique Natural and Black",B07QC85X8Y.jpg,"a photo of a Amazon Brand - Stone & Beam Industrial Nesting Tables, Set of 2, 19.69""W and 14.96""W, Antique Natural and Black",1,1,5107_img|5115_img|5192_img|4748_img|5549_img|4791_img|5255_img|4718_img|5419_img|4954_img|5186_img|4526_img|4563_img|5022_img|4628_img|4911_img|5053_img|4726_img|5526_img|5486_img
5116,HOME,UMI,Tela,UMI by Amazon Tende Oscuranti Termiche Isolanti Tinta Unita con Passanti per Camera da Letto 117x183cm Nero 2 Pezzi,B07KNKCY72.jpg,a photo of a UMI by Amazon Tende Oscuranti Termiche Isolanti Tinta Unita con Passanti per Camera da Letto 117x183cm Nero 2 Pezzi,1,0,5116_img|4482_img|4782_img|5200_img|5321_img|5268_img|4773_img|5133_img|5201_img|5488_img|4624_img|4868_img|4899_img|4977_img|4736_img|4928_img|4552_img|5568_img|4837_img|5481_img
5117,WALL_ART,Stone & Beam,canvas,"Amazon Brand - Stone & Beam Abstract Red and Blue Print on Canvas Wall Art, Silver Frame, 17.75"" x 21.75""",B073P19T9C.jpg,"a photo of a Amazon Brand - Stone & Beam Abstract Red and Blue Print on Canvas Wall Art, Silver Frame, 17.75"" x 21.75""",1,0,5117_img|5197_img|4533_img|4567_img|4983_img|4759_img|4996_img|5109_img|5159_img|5476_img|4621_img|5225_img|4614_img|4678_img|5354_img|5328_img|4904_img|5027_img|4630_img|5475_img
5118,WALL_ART,Stone & Beam,Wood,"Amazon Brand - Stone & Beam Modern 9-Piece Mural of Golden Gate Bridge Wall Art on Wood, 60"" x 60""",B073P5MPW3.jpg,"a photo of a Amazon Brand - Stone & Beam Modern 9-Piece Mural of Golden Gate Bridge Wall Art on Wood, 60"" x 60""",1,0,5118_img|4918_img|5347_img|5563_img|4631_img|4740_img|4999_img|4985_img|5599_img|4682_img|4485_img|4904_img|5277_img|4624_img|5497_img|4848_img|5002_img|4741_img|4541_img|5421_img
5119,RUG,Stone & Beam,stone,"Amazon Brand - Stone & Beam Contemporary Speckle Wool Area Rug, 4 x 6 Foot, Seafoam",B072LY32T7.jpg,"a photo of a Amazon Brand - Stone & Beam Contemporary Speckle Wool Area Rug, 4 x 6 Foot, Seafoam",1,0,5119_img|4605_img|4579_img|4555_img|5237_img|4901_img|4978_img|5510_img|5243_img|4838_img|5156_img|5182_img|4569_img|4699_img|5260_img|4848_img|5002_img|4952_img|4711_img|5501_img
5120,CHAIR,Rivet,"Velvet, Hardwood frame, Metal legs","Amazon Brand - Rivet Eva Mid-Century Modern Tufted Velvet Down-Filled Accent Chair, 33.5""W, Dark Grey",B075X4J15G.jpg,"a photo of a Amazon Brand - Rivet Eva Mid-Century Modern Tufted Velvet Down-Filled Accent Chair, 33.5""W, Dark Grey",1,0,5120_img|5133_img|4868_img|4980_img|4510_img|4914_img|5241_img|4482_img|5064_img|5116_img|4608_img|4886_img|4591_img|4672_img|5121_img|4550_img|4923_img|5366_img|5351_img|5268_img
5121,CHAIR,Rivet,Polyester,"Amazon Brand - Rivet Theresa Modern Upholstered Accent Chair, 30""W, Berry",B082QC7YKR.jpg,"a photo of a Amazon Brand - Rivet Theresa Modern Upholstered Accent Chair, 30""W, Berry",1,0,5121_img|5146_img|5241_img|5166_img|5204_img|4656_img|5308_img|4732_img|4990_img|4587_img|5515_img|4960_img|5538_img|4923_img|5366_img|5095_img|5458_img|4546_img|5489_img|5259_img
5122,CELLULAR_PHONE_CASE,Amazon Brand - Solimo,Silicone,Amazon Brand - Solimo Designer Butterflies Neon Light UV Printed Soft Back Case Mobile Cover for Nokia 7.1,B08541R54M.jpg,a photo of a Amazon Brand - Solimo Designer Butterflies Neon Light UV Printed Soft Back Case Mobile Cover for Nokia 7.1,1,3,5369_img|5446_img|4603_img|5122_img|4580_img|5548_img|4743_img|5098_img|5000_img|5262_img|4584_img|5207_img|5240_img|5406_img|4554_img|5311_img|5129_img|5571_img|4639_img|5596_img
5123,CHAIR,AmazonBasics,Leather,"AmazonBasics Modern, Low-Back, Adjustable, Swivel, Armless Office Task Desk Chair with Casters, Gray",B07MNYTYR4.jpg,"a photo of a AmazonBasics Modern, Low-Back, Adjustable, Swivel, Armless Office Task Desk Chair with Casters, Gray",1,4,4657_img|4964_img|4873_img|4703_img|5123_img|4968_img|4760_img|4664_img|5031_img|4487_img|4823_img|5009_img|5258_img|5346_img|4523_img|5300_img|4903_img|5068_img|4773_img|5246_img
5124,KITCHEN,AmazonBasics,carbon steel,AmazonBasics 3-Piece Baking Sheet Set,B00XBC3T6Q.jpg,a photo of a AmazonBasics 3-Piece Baking Sheet Set,1,0,5124_img|4506_img|5235_img|4641_img|5236_img|4934_img|5245_img|5110_img|5375_img|4791_img|5509_img|4671_img|4762_img|5006_img|4522_img|5005_img|5594_img|4781_img|5014_img|5456_img
5125,SHOES,Klepe,Mesh,Klepe Men's Navy Flyknit with Memory Foam Running Shoes-8 UK (40 EU) (7 US) (KP0361/NVY),B07X1R6L1N.jpg,a photo of a Klepe Men's Navy Flyknit with Memory Foam Running Shoes-8 UK (40 EU) (7 US) (KP0361/NVY),1,7,5199_img|5093_img|5314_img|4802_img|5239_img|5587_img|4879_img|5125_img|5143_img|5114_img|5004_img|4789_img|4681_img|4564_img|4861_img|4708_img|5284_img|5487_img|5220_img|4666_img
5126,WALL_ART,Rivet,Cotton,"Amazon Brand - Rivet Wooden Door to an Old City Photo Print with Oak Hanger, 18"" x 24""",B073P5Y9SH.jpg,"a photo of a Amazon Brand - Rivet Wooden Door to an Old City Photo Print with Oak Hanger, 18"" x 24""",1,0,5126_img|4920_img|4588_img|5149_img|5306_img|4560_img|4516_img|4541_img|5328_img|4505_img|5325_img|5092_img|4498_img|4622_img|5545_img|5019_img|4746_img|4798_img|4630_img|4733_img
5127,RUG,Stone & Beam,stone,"Stone & Beam Mid-Century Modern Blooming Medallion Rug, 4' x 6', Dark Grey",B071777YN3.jpg,"a photo of a Stone & Beam Mid-Century Modern Blooming Medallion Rug, 4' x 6', Dark Grey",1,10,4704_img|5342_img|5207_img|5194_img|4676_img|4596_img|4569_img|4901_img|5400_img|4884_img|5127_img|5322_img|5330_img|5164_img|5510_img|4525_img|4970_img|5465_img|5572_img|4779_img
5128,FINERING,Amazon Collection,metal,"10k Rose Gold Woven Diamond Ring (0.14 cttw, I-J Color, I2-I3 Clarity), Size 6",B004FTOU12.jpg,"a photo of a 10k Rose Gold Woven Diamond Ring (0.14 cttw, I-J Color, I2-I3 Clarity), Size 6",1,7,5506_img|4885_img|5160_img|4897_img|5007_img|5557_img|4987_img|5128_img|4627_img|5540_img|4700_img|4493_img|4492_img|4895_img|5077_img|5179_img|5242_img|4576_img|5392_img|4716_img
5129,HOME_FURNITURE_AND_DECOR,Amazon Brand - Solimo,PVC Vinyl,"Amazon Brand - Solimo Wall Sticker for Living Room (Floral Confetti, Ideal Size on Wall - 70 cm x 50 cm)",B076VFXNZH.jpg,"a photo of a Amazon Brand - Solimo Wall Sticker for Living Room (Floral Confetti, Ideal Size on Wall - 70 cm x 50 cm)",1,0,5129_img|5428_img|5076_img|5240_img|5425_img|4884_img|5311_img|4566_img|5054_img|5446_img|5207_img|4970_img|4809_img|4779_img|4676_img|5574_img|5465_img|4731_img|4525_img|5571_img
5130,CELLULAR_PHONE_CASE,Amazon Brand - Solimo,Plastic,Amazon Brand - Solimo Designer Heart Pattern Alphabet-C 3D Printed Hard Back Case Mobile Cover for Apple iPhone 6s,B081HMQ6QL.jpg,a photo of a Amazon Brand - Solimo Designer Heart Pattern Alphabet-C 3D Printed Hard Back Case Mobile Cover for Apple iPhone 6s,1,0,5130_img|5565_img|5214_img|4598_img|4584_img|4743_img|4580_img|5171_img|5548_img|4522_img|4634_img|5561_img|4665_img|5122_img|4650_img|5075_img|4603_img|5446_img|5223_img|4975_img
5131,FINERING,Amazon Collection,Not applicable,"Amazon CollectionPlatinum Plated Sterling Silver Swarovski Zirconia Emerald Cut Solitaire Ring, Yellow gold,Size 6",B01MZDW8UF.jpg,"a photo of a Amazon CollectionPlatinum Plated Sterling Silver Swarovski Zirconia Emerald Cut Solitaire Ring, Yellow gold,Size 6",1,1,4486_img|5131_img|5394_img|4787_img|5355_img|4729_img|5559_img|4878_img|4932_img|4711_img|4822_img|5554_img|4555_img|5598_img|4592_img|5247_img|5576_img|4716_img|5512_img|5450_img
5132,FINERING,Amazon Collection,Metal,"Amazon CollectionSterling Silver Diamond 3 Row Band Ring (1/2 cttw), Size 8",B00G9T0U7Y.jpg,"a photo of a Amazon CollectionSterling Silver Diamond 3 Row Band Ring (1/2 cttw), Size 8",0,-1,5533_img|5363_img|5444_img|5581_img|4716_img|4895_img|4710_img|5543_img|4515_img|5056_img|5018_img|5558_img|4799_img|4842_img|5160_img|5128_img|4494_img|4801_img|4910_img|4753_img
5133,CHAIR,Ravenna Home,Polyester,"Amazon Brand - Ravenna Home Classic Tufted Chaise Lounge, 58.3"" Length, Slate Grey",B07M7MMPWY.jpg,"a photo of a Amazon Brand - Ravenna Home Classic Tufted Chaise Lounge, 58.3"" Length, Slate Grey",1,5,4628_img|4790_img|4956_img|5412_img|4591_img|5133_img|4767_img|4776_img|5120_img|4737_img|5211_img|4980_img|5509_img|4801_img|4768_img|4583_img|5052_img|4663_img|5065_img|4695_img
5134,FINEEARRING,Amazon Collection,metal,Sterling Silver Round Checkerboard Cut Created Blue Sapphire Leverback Earrings (8mm),B01GPY6PT4.jpg,a photo of a Sterling Silver Round Checkerboard Cut Created Blue Sapphire Leverback Earrings (8mm),1,0,5134_img|4912_img|4557_img|4573_img|4936_img|4693_img|5447_img|5385_img|5482_img|4548_img|4926_img|4556_img|5248_img|5458_img|5102_img|5532_img|4874_img|4930_img|4717_img|5227_img
5135,RUG,Rivet,"47% Polypropelene, 29% Polyester, 17% Jute, 7% Cotton","Amazon Brand - Rivet Distressed Medallion Area Rug, 5 x 8 Foot, Steel",B0732HV63Q.jpg,"a photo of a Amazon Brand - Rivet Distressed Medallion Area Rug, 5 x 8 Foot, Steel",1,1,4596_img|5135_img|5360_img|5070_img|5415_img|4955_img|5194_img|4704_img|4770_img|5164_img|5175_img|5237_img|5232_img|5342_img|5299_img|4934_img|5043_img|5127_img|4856_img|4901_img
5136,SOFA,Stone & Beam,Linen,"Amazon Brand - Stone & Beam Andover Modern Left U-Sectional Sofa, 134""W, Grey Linen",B07BWMQQ3W.jpg,"a photo of a Amazon Brand - Stone & Beam Andover Modern Left U-Sectional Sofa, 134""W, Grey Linen",1,0,5136_img|5069_img|5112_img|4906_img|5525_img|5175_img|4562_img|5505_img|4856_img|4955_img|4529_img|5163_img|4660_img|4545_img|4629_img|4889_img|4834_img|5510_img|4830_img|5396_img
5137,SOFA,Rivet,Madera Noble,"Amazon Brand - Rivet Lawson Modern Angled Sofa, 78""W, Blue Eclipse",B075X4F5DG.jpg,"a photo of a Amazon Brand - Rivet Lawson Modern Angled Sofa, 78""W, Blue Eclipse",1,1,4636_img|5137_img|4796_img|4507_img|4804_img|5514_img|4806_img|5178_img|4757_img|4678_img|4606_img|4830_img|4599_img|5344_img|5383_img|4518_img|4866_img|4914_img|4548_img|4529_img
5138,HOME_FURNITURE_AND_DECOR,Amazon Brand - Solimo,Plastic,"Amazon Brand - Solimo 12-inch Wall Clock - Desginer (Silent Movement, Black Frame), SC-1044",B08GKZX5H1.jpg,"a photo of a Amazon Brand - Solimo 12-inch Wall Clock - Desginer (Silent Movement, Black Frame), SC-1044",1,4,5066_img|5180_img|5301_img|5507_img|5138_img|5441_img|5273_img|5254_img|4651_img|4826_img|5488_img|5056_img|4726_img|5216_img|5116_img|4552_img|4482_img|4624_img|4782_img|4630_img
5139,TABLE,Stone & Beam,wood,"Amazon Brand - Stone & Beam Aire Rustic Octagonal&nbsp;Fir Wood Coffee Table, 39.5""W, Black & Natural",B07B7DFM2G.jpg,"a photo of a Amazon Brand - Stone & Beam Aire Rustic Octagonal&nbsp;Fir Wood Coffee Table, 39.5""W, Black & Natural",1,0,5139_img|4971_img|5600_img|4974_img|5255_img|5422_img|4545_img|5526_img|4718_img|5053_img|5486_img|4836_img|4737_img|4585_img|4726_img|5419_img|5170_img|5401_img|5104_img|5184_img
5140,SHOES,Amazon Brand - Symactive,Mesh,Amazon Brand - Symactive Men's Light Grey Running Shoes-9 UK (SYM-SS-036A),B07TMNVPBN.jpg,a photo of a Amazon Brand - Symactive Men's Light Grey Running Shoes-9 UK (SYM-SS-036A),1,0,5140_img|5312_img|5420_img|4824_img|4575_img|4511_img|4649_img|5379_img|4861_img|4890_img|5251_img|4564_img|4487_img|5487_img|4770_img|4963_img|5586_img|4833_img|4586_img|5143_img
5141,FINEEARRING,Amazon Collection,metal,Sterling Silver Genuine Garnet Butterfly Stud Earrings,B000MFIFO6.jpg,a photo of a Sterling Silver Genuine Garnet Butterfly Stud Earrings,1,0,5141_img|4640_img|4850_img|5311_img|4747_img|4587_img|5292_img|4816_img|5369_img|5354_img|5082_img|5088_img|4508_img|5307_img|5073_img|4818_img|4792_img|5475_img|5044_img|5479_img
5142,HOME,Eono,Madera,Eono by Amazon - Marco de Fotos de Madera Maciza y Cristal de Alta Definicion para Pared Fotos de 10x15 cm con paspartu y de 13x18 cm sin paspartu Negro,B07XDNMQZL.jpg,a photo of a Eono by Amazon - Marco de Fotos de Madera Maciza y Cristal de Alta Definicion para Pared Fotos de 10x15 cm con paspartu y de 13x18 cm sin paspartu Negro,1,1,4570_img|5142_img|5516_img|4635_img|5003_img|4630_img|5377_img|5279_img|4600_img|4763_img|4688_img|5488_img|5481_img|4737_img|5184_img|4773_img|4501_img|4805_img|5116_img|4624_img
5143,SHOES,Amazon Brand - Symactive,Textile,Amazon Brand - Symactive Men's Navy Walking Shoes-10 UK (44 EU) (11 US) (SYM-SS-035B),B07S4KRCTR.jpg,a photo of a Amazon Brand - Symactive Men's Navy Walking Shoes-10 UK (44 EU) (11 US) (SYM-SS-035B),1,11,5125_img|5220_img|5239_img|5284_img|4879_img|4681_img|5093_img|5314_img|5199_img|4802_img|4789_img|5143_img|5114_img|5004_img|4619_img|4564_img|5587_img|4912_img|5445_img|4708_img
5144,HOME,Pinzon by Amazon,Cotton,"Pinzon 100-Percent Stone Washed Cotton Diamond Matelasse Coverlet, Twin, Ivory",B00IAHQEB4.jpg,"a photo of a Pinzon 100-Percent Stone Washed Cotton Diamond Matelasse Coverlet, Twin, Ivory",1,6,5238_img|5527_img|5529_img|5569_img|5335_img|5390_img|5144_img|4626_img|5191_img|5083_img|5166_img|5022_img|5555_img|4750_img|5530_img|5256_img|5492_img|5233_img|5260_img|5462_img
5145,CHAIR,AmazonBasics,Poliuretano,"AmazonBasics, Sedia da ufficio, stile sportivo, con altezza e braccioli regolabili",B07QS3M9BS.jpg,"a photo of a AmazonBasics, Sedia da ufficio, stile sportivo, con altezza e braccioli regolabili",0,-1,4823_img|5123_img|4487_img|4657_img|5009_img|5031_img|4873_img|4968_img|4964_img|4760_img|4663_img|4703_img|4664_img|4837_img|5082_img|4737_img|5266_img|4855_img|4751_img|4490_img
5146,CHAIR,Stone & Beam,Textile,"Amazon Brand - Stone & Beam Blaine Modern Upholstered Living Room Accent Chair, 32.3""W, Navy Blue",B07HZ782D9.jpg,"a photo of a Amazon Brand - Stone & Beam Blaine Modern Upholstered Living Room Accent Chair, 32.3""W, Navy Blue",1,0,5146_img|4886_img|5403_img|4840_img|4796_img|5390_img|4993_img|5166_img|4806_img|5125_img|4497_img|4923_img|4681_img|5239_img|5555_img|4518_img|5336_img|4656_img|5093_img|5314_img
5147,KITCHEN,Amazon Brand - Solimo,Plastic,Amazon Brand - Solimo 16 Piece Porcelain Dinnerware Set (Blue Floral),B07P82MMQ6.jpg,a photo of a Amazon Brand - Solimo 16 Piece Porcelain Dinnerware Set (Blue Floral),1,1,4843_img|5147_img|5285_img|4538_img|4786_img|4491_img|5594_img|4780_img|4781_img|4774_img|5020_img|5571_img|5102_img|5400_img|5596_img|4884_img|5336_img|5470_img|5482_img|4723_img
5148,HOME_BED_AND_BATH,Pinzon by Amazon,Poliester,"Pinzon by Amazon - Sabana bajera ajustable (microfibra, 200 x 200 x 20 cm), color beige",B00M92KF7U.jpg,"a photo of a Pinzon by Amazon - Sabana bajera ajustable (microfibra, 200 x 200 x 20 cm), color beige",1,4,5168_img|4484_img|5417_img|5471_img|5148_img|5427_img|4674_img|5219_img|4871_img|4965_img|4623_img|5429_img|4750_img|4851_img|5097_img|4539_img|5515_img|4982_img|5274_img|5324_img
5149,HOME_FURNITURE_AND_DECOR,Amazon Brand - Solimo,Plastic,"Amazon Brand - Solimo 2-Door Foldable Wardrobe, 6 Racks, Beige",B07QVL4P9X.jpg,"a photo of a Amazon Brand - Solimo 2-Door Foldable Wardrobe, 6 Racks, Beige",1,0,5149_img|5460_img|4925_img|5582_img|4733_img|5092_img|4516_img|5057_img|4917_img|5484_img|4560_img|5282_img|5126_img|4761_img|5320_img|5325_img|5113_img|5306_img|4851_img|4844_img
5150,FINENECKLACEBRACELETANKLET,Amazon Collection,metal,"Sterling Silver Round Saint Anthony Pendant Necklace with Rhodium Plated Stainless Steel Chain, 20""",B005INCTYO.jpg,"a photo of a Sterling Silver Round Saint Anthony Pendant Necklace with Rhodium Plated Stainless Steel Chain, 20""",1,2,5305_img|4735_img|5150_img|5473_img|5395_img|4661_img|4638_img|5202_img|5524_img|5577_img|5512_img|5055_img|5562_img|5090_img|5580_img|5190_img|4797_img|5494_img|5167_img|4839_img
5151,CHAIR,Rivet,polyester. Hardwood,"Amazon Brand - Rivet Malida Mid-Century Modern Open Back Kitchen Dining Room Accent Chair, 33""H, Aqua",B075YN3HB3.jpg,"a photo of a Amazon Brand - Rivet Malida Mid-Century Modern Open Back Kitchen Dining Room Accent Chair, 33""H, Aqua",1,0,5151_img|5204_img|5008_img|4923_img|5182_img|4497_img|4855_img|5598_img|4670_img|5241_img|5232_img|5469_img|4786_img|5064_img|4481_img|4714_img|4639_img|4952_img|5121_img|4523_img
5152,TABLE,Amazon Brand - Solimo,Engineered Wood,Amazon Brand - Solimo Slim Engineered Wood Corner Table (Acacia Dark Finish),B07RWD36Q6.jpg,a photo of a Amazon Brand - Solimo Slim Engineered Wood Corner Table (Acacia Dark Finish),1,2,4513_img|5368_img|5152_img|4977_img|5032_img|5170_img|4549_img|4940_img|5013_img|5024_img|5186_img|5053_img|4718_img|4864_img|5481_img|4966_img|5169_img|5271_img|4947_img|4719_img
5153,CHAIR,AmazonBasics,Cotton,AmazonBasics Padded Zero Gravity Chair- Tan (Renewed),B07YVJ4ZJF.jpg,a photo of a AmazonBasics Padded Zero Gravity Chair- Tan (Renewed),1,0,5153_img|4793_img|4790_img|4880_img|5315_img|5528_img|4539_img|5037_img|5564_img|5349_img|5203_img|5011_img|5052_img|4807_img|5009_img|4916_img|4855_img|5300_img|4873_img|5242_img
5154,KITCHEN,AmazonBasics,Plastic,AmazonBasics Blend and Go Smoothie Blender 600ml - Green - UK-Plug,B013R5TNPC.jpg,a photo of a AmazonBasics Blend and Go Smoothie Blender 600ml - Green - UK-Plug,1,0,5154_img|5243_img|4869_img|4553_img|4734_img|5437_img|4800_img|4872_img|4699_img|4559_img|4848_img|5002_img|5269_img|4711_img|4903_img|4984_img|5247_img|5071_img|4878_img|4892_img
5155,SHOES,Amazon Brand - Symbol,Synthetic,Amazon Brand - Symbol Men's Tan PU Formal Shoes - 9 UK (AZ-SY-439),B07WN69VXQ.jpg,a photo of a Amazon Brand - Symbol Men's Tan PU Formal Shoes - 9 UK (AZ-SY-439),1,0,5155_img|5423_img|4632_img|5281_img|5349_img|4613_img|4593_img|5457_img|4817_img|5485_img|5528_img|4539_img|5466_img|4629_img|4853_img|4889_img|4946_img|5506_img|5579_img|5410_img
5156,RUG,Stone & Beam,stone,"Amazon Brand - Stone & Beam Contemporary Striped Area Rug, 5 x 8 Foot, Neutral",B0735S6CYM.jpg,"a photo of a Amazon Brand - Stone & Beam Contemporary Striped Area Rug, 5 x 8 Foot, Neutral",1,1,4719_img|5156_img|5501_img|5464_img|4702_img|4705_img|5096_img|4672_img|5127_img|5260_img|5323_img|4930_img|4555_img|5389_img|5164_img|4957_img|5010_img|4937_img|5218_img|5227_img
5157,FINEEARRING,Amazon Collection,yellow-gold,14k Yellow Gold Cushion-Cut Checkerboard Smoky Quartz Stud Earrings (8mm),B00UYIHC0E.jpg,a photo of a 14k Yellow Gold Cushion-Cut Checkerboard Smoky Quartz Stud Earrings (8mm),1,0,5157_img|5077_img|5016_img|5485_img|4561_img|5373_img|4693_img|5371_img|5548_img|4816_img|4557_img|4573_img|4936_img|4687_img|5141_img|4647_img|4844_img|5134_img|4519_img|4584_img
5158,SHOES,Amazon Brand - Symbol,Leather,Symbol Amazon Brand Men's Leather Formal Monk Shoes- 10 UK/India (44 EU)(AZ-WS-117B),B075T3MRC7.jpg,a photo of a Symbol Amazon Brand Men's Leather Formal Monk Shoes- 10 UK/India (44 EU)(AZ-WS-117B),1,0,5158_img|4558_img|5309_img|5234_img|4684_img|4597_img|5281_img|5466_img|5423_img|5188_img|4817_img|4946_img|4593_img|5410_img|5588_img|5001_img|5231_img|5294_img|5445_img|5579_img
5159,WALL_ART,Rivet,canvas,"Amazon Brand - Rivet Roaring 20s with Modern Yellow, Blue, and Purple Accent Canvas Print Wall Art, White Frame, 17.75"" x 21.75""",B073NZGLJX.jpg,"a photo of a Amazon Brand - Rivet Roaring 20s with Modern Yellow, Blue, and Purple Accent Canvas Print Wall Art, White Frame, 17.75"" x 21.75""",1,12,4983_img|4533_img|5197_img|4759_img|5117_img|4485_img|4918_img|4615_img|5535_img|4741_img|4621_img|5162_img|5159_img|5328_img|5538_img|5280_img|4556_img|5389_img|5232_img|4744_img
5160,FINERING,Amazon Collection,metall,"Ring 10 Karat Gold Diamant,rose",B01LX6UYPR.jpg,"a photo of a Ring 10 Karat Gold Diamant,rose",1,2,4987_img|5128_img|5160_img|4885_img|4897_img|4700_img|5506_img|5007_img|5557_img|4521_img|5540_img|4627_img|5370_img|5387_img|4493_img|4990_img|5215_img|4683_img|5329_img|5242_img
5161,HOME_BED_AND_BATH,Amazon Brand - Solimo,Cotton,"Amazon Brand - Solimo Water Resistant Cotton Mattress Protector 75""x72"" - King Size, Maroon",B07PWFKBXJ.jpg,"a photo of a Amazon Brand - Solimo Water Resistant Cotton Mattress Protector 75""x72"" - King Size, Maroon",1,0,5161_img|5270_img|4858_img|4966_img|5169_img|4678_img|5592_img|5478_img|5414_img|5095_img|4546_img|4712_img|5308_img|4990_img|4640_img|5029_img|5368_img|5362_img|4747_img|5458_img
5162,WALL_ART,Stone & Beam,Paper,"Amazon Brand - Stone & Beam Boho Blue 3-Tile Wall Art Tryptych II, Beige Frame, 25.5"" x 57.5""",B073P5V3BJ.jpg,"a photo of a Amazon Brand - Stone & Beam Boho Blue 3-Tile Wall Art Tryptych II, Beige Frame, 25.5"" x 57.5""",1,0,5162_img|4983_img|4759_img|5198_img|4533_img|4920_img|5232_img|5238_img|4904_img|4843_img|5389_img|4501_img|4805_img|5147_img|4600_img|5503_img|5499_img|5482_img|5159_img|4708_img
5163,SOFA,Rivet,Polyester,"Amazon Brand - Rivet Edgewest Low Back Modern Left L-Sectional, 116""W, Rouge Red",B07B4N28JV.jpg,"a photo of a Amazon Brand - Rivet Edgewest Low Back Modern Left L-Sectional, 116""W, Rouge Red",1,0,5163_img|4856_img|5175_img|4906_img|4587_img|4727_img|4678_img|5069_img|5112_img|5136_img|4955_img|4562_img|5568_img|5079_img|4565_img|5354_img|5308_img|4858_img|4640_img|5525_img
5164,RUG,Rivet,wool,"Amazon Brand - Rivet Wool Runner Rug, 2' 6"" x 8', Grey, White",B07HSL8XCH.jpg,"a photo of a Amazon Brand - Rivet Wool Runner Rug, 2' 6"" x 8', Grey, White",1,0,5164_img|4702_img|5096_img|5260_img|4596_img|4535_img|4934_img|4770_img|4801_img|5088_img|5492_img|5135_img|5006_img|5261_img|5572_img|5263_img|5194_img|5106_img|5370_img|5387_img
5165,FINENECKLACEBRACELETANKLET,Amazon Collection,metall,"Sterling Silver Two Tone Heart Pendant Necklace 18 inch Made with Swarovski Elements, Sterling Silver, blue",B019F4N3QE.jpg,"a photo of a Sterling Silver Two Tone Heart Pendant Necklace 18 inch Made with Swarovski Elements, Sterling Silver, blue",1,0,5165_img|4572_img|5026_img|4991_img|5229_img|4874_img|4938_img|5384_img|4783_img|4639_img|5499_img|4794_img|5190_img|5537_img|4618_img|5286_img|4548_img|5267_img|5280_img|4993_img
5166,CHAIR,Stone & Beam,Wood,"Amazon Brand - Stone & Beam Grover Modern Living Room Accent Chair, 30""W, Grey",B07J2R88YB.jpg,"a photo of a Amazon Brand - Stone & Beam Grover Modern Living Room Accent Chair, 30""W, Grey",1,0,5166_img|5241_img|4969_img|5491_img|5529_img|5246_img|4656_img|5555_img|5390_img|5252_img|5211_img|4703_img|5403_img|4755_img|5146_img|5115_img|5382_img|4550_img|4948_img|4568_img
5167,FINENECKLACEBRACELETANKLET,Amazon Collection,metal,"14k Yellow Gold-Filled Letter ""T"" Charm Pendant Necklace, 18""",B016RNUIN2.jpg,"a photo of a 14k Yellow Gold-Filled Letter ""T"" Charm Pendant Necklace, 18""",1,1,4658_img|5167_img|4979_img|4638_img|4785_img|4574_img|4842_img|4839_img|4944_img|5036_img|5405_img|5187_img|4520_img|4908_img|5279_img|4938_img|4841_img|5190_img|5305_img|5153_img
5168,KITCHEN,AmazonBasics,Unknown Material,AmazonBasics Drying Mat - 18x24,B07Y4RVMCL.jpg,a photo of a AmazonBasics Drying Mat - 18x24,0,-1,5509_img|4992_img|4522_img|5124_img|5527_img|5219_img|5201_img|5462_img|4962_img|4663_img|5056_img|4626_img|5429_img|4997_img|5528_img|5474_img|4831_img|5375_img|4751_img|4791_img
5169,HOME_BED_AND_BATH,Amazon Brand - Solimo,Cotton,"Amazon Brand - Solimo Water Resistant Cotton Mattress Protector 72""x60"" - Queen Size, Grey",B07PVHMTZM.jpg,"a photo of a Amazon Brand - Solimo Water Resistant Cotton Mattress Protector 72""x60"" - Queen Size, Grey",1,1,4966_img|5169_img|4712_img|4596_img|5038_img|4978_img|5270_img|5589_img|4949_img|4997_img|5321_img|5161_img|5005_img|5028_img|5530_img|4765_img|4813_img|5103_img|5059_img|5260_img
5170,TABLE,Rivet,wood,"Amazon Brand - Rivet Mid-Century Round Wood Dining Table, 42""W, Chestnut",B075YV7SKC.jpg,"a photo of a Amazon Brand - Rivet Mid-Century Round Wood Dining Table, 42""W, Chestnut",1,0,5170_img|5013_img|5541_img|5422_img|5053_img|4836_img|5600_img|5204_img|4545_img|4834_img|5526_img|4643_img|5151_img|4576_img|4971_img|4923_img|4497_img|5366_img|4612_img|5064_img
5171,CELLULAR_PHONE_CASE,Amazon Brand - Solimo,Plastic,Amazon Brand - Solimo Designer Multicolor Black Pattern Alphabet-K Printed Soft Back Case Mobile Cover for Xiaomi Redmi Note 5 Pro,B084BHNNSR.jpg,a photo of a Amazon Brand - Solimo Designer Multicolor Black Pattern Alphabet-K Printed Soft Back Case Mobile Cover for Xiaomi Redmi Note 5 Pro,1,0,5171_img|4580_img|5130_img|4603_img|4598_img|5000_img|4584_img|4620_img|4522_img|5548_img|5210_img|5477_img|5565_img|4554_img|4691_img|5561_img|5406_img|5214_img|4776_img|5098_img
5172,FINENECKLACEBRACELETANKLET,Amazon Collection,sterling-silver,Amazon CollectionSterling Silver Cushion Checkerboard Cut Garnet Pendant Necklace (8mm),B00UYGOG00.jpg,a photo of a Amazon CollectionSterling Silver Cushion Checkerboard Cut Garnet Pendant Necklace (8mm),1,0,5172_img|5354_img|5303_img|5458_img|5308_img|5537_img|4752_img|5026_img|5046_img|4690_img|4858_img|4640_img|5090_img|5267_img|5414_img|5381_img|5475_img|4572_img|5134_img|5384_img
5173,FINERING,Amazon Collection,Metal,"Bandas de plata de ley chapada en oro amarillo de 18 quilates y circonitas cubicas, tamano 6",B00GUZ5UHC.jpg,"a photo of a Bandas de plata de ley chapada en oro amarillo de 18 quilates y circonitas cubicas, tamano 6",0,-1,4519_img|5373_img|5433_img|4844_img|4643_img|4788_img|5113_img|4902_img|5341_img|4716_img|5517_img|5016_img|5391_img|5291_img|5559_img|5455_img|4881_img|4828_img|5275_img|4724_img
5174,FINENECKLACEBRACELETANKLET,Amazon Collection,Metal,"Men's Sterling Silver Italian 4.60mm Solid Figaro Link-Chain Necklace, 24""",B005DJCANI.jpg,"a photo of a Men's Sterling Silver Italian 4.60mm Solid Figaro Link-Chain Necklace, 24""",1,0,5174_img|5453_img|4728_img|4839_img|5090_img|4810_img|4711_img|4853_img|5055_img|4895_img|5305_img|5364_img|4679_img|4924_img|5080_img|5521_img|5551_img|4574_img|4771_img|4785_img
5175,SOFA,Rivet,Polyester,"Amazon Brand - Rivet Edgewest Low Back Modern Left U-Sectional, 117""W, Charcoal Grey",B07B4G47XW.jpg,"a photo of a Amazon Brand - Rivet Edgewest Low Back Modern Left U-Sectional, 117""W, Charcoal Grey",1,0,5175_img|4856_img|4955_img|5299_img|4727_img|4660_img|5163_img|4644_img|5115_img|4942_img|4591_img|4906_img|5069_img|5060_img|5136_img|4836_img|4562_img|4866_img|4606_img|4830_img
5176,HOME_FURNITURE_AND_DECOR,Stone & Beam,Wolle,Stone & Beam Kelsea Ubergangs-Wollteppich,B07JDTXRGG.jpg,a photo of a Stone & Beam Kelsea Ubergangs-Wollteppich,0,-1,4695_img|5382_img|4969_img|5356_img|5529_img|4577_img|5491_img|4749_img|5350_img|4599_img|5483_img|5549_img|4932_img|4692_img|5555_img|5166_img|4948_img|5211_img|4694_img|4911_img
5177,CELLULAR_PHONE_CASE,Amazon Brand - Solimo,Plastic,Amazon Brand - Solimo Designer Photography Design 3D Printed Hard Back Case Mobile Cover for Samsung Galaxy J3 Pro,B0853X1VLH.jpg,a photo of a Amazon Brand - Solimo Designer Photography Design 3D Printed Hard Back Case Mobile Cover for Samsung Galaxy J3 Pro,1,0,5177_img|4769_img|5029_img|4883_img|4691_img|4634_img|4947_img|4972_img|4528_img|5334_img|5481_img|4927_img|5098_img|5500_img|5230_img|4645_img|4919_img|4668_img|5033_img|5025_img
5178,SOFA,Movian,Tela,"Amazon Brand - Movian Ribe - Divano a 3 posti, 92 x 200 x 85 cm (Lu x La x A), grigio/blu",B07VQSWMXP.jpg,"a photo of a Amazon Brand - Movian Ribe - Divano a 3 posti, 92 x 200 x 85 cm (Lu x La x A), grigio/blu",1,0,5178_img|5299_img|4507_img|4804_img|5137_img|5564_img|4948_img|4756_img|4768_img|5514_img|5344_img|4796_img|4636_img|4830_img|4806_img|5502_img|4548_img|5244_img|5008_img|4868_img
5179,FINENECKLACEBRACELETANKLET,Amazon Collection,metal,"14k Rose Gold Plated Sterling Silver Wishbone Pendant Necklace, 18""",B00E1XAHVE.jpg,"a photo of a 14k Rose Gold Plated Sterling Silver Wishbone Pendant Necklace, 18""",1,0,5179_img|4841_img|5167_img|5190_img|4853_img|4839_img|4987_img|4885_img|5160_img|4803_img|5506_img|4908_img|5556_img|5007_img|5303_img|4785_img|4938_img|4658_img|4638_img|4576_img
5180,HOME_FURNITURE_AND_DECOR,Amazon Brand - Solimo,Plastic,"Amazon Brand - Solimo 12-inch Wall Clock - Desginer (Silent Movement, Black Frame), SC-1027",B08GL16RDS.jpg,"a photo of a Amazon Brand - Solimo 12-inch Wall Clock - Desginer (Silent Movement, Black Frame), SC-1027",1,1,5066_img|5180_img|5301_img|5507_img|5138_img|5441_img|5273_img|5254_img|4651_img|4826_img|5488_img|5056_img|4726_img|5216_img|5116_img|4552_img|4482_img|4782_img|4624_img|4630_img
5181,TABLE,Movian,Engineered Wood,"Amazon Brand - Movian Ljungan, Walnut Top Dining Table, 160 x 90 x 75 cm",B07VCD2QCF.jpg,"a photo of a Amazon Brand - Movian Ljungan, Walnut Top Dining Table, 160 x 90 x 75 cm",1,4,5013_img|5541_img|5152_img|5368_img|5181_img|4513_img|5053_img|4549_img|5396_img|4977_img|4864_img|5032_img|5170_img|5017_img|4718_img|4870_img|4576_img|4588_img|4646_img|4946_img
5182,FINERING,Amazon Collection,Not Applicable,"Platinum-Plated Sterling Silver Freshwater Pearl Open with Frosty Mint Swarovski Zirconia Accents Ring, Size 6",B0756L1LSQ.jpg,"a photo of a Platinum-Plated Sterling Silver Freshwater Pearl Open with Frosty Mint Swarovski Zirconia Accents Ring, Size 6",1,0,5182_img|4670_img|5272_img|5544_img|4784_img|4932_img|4711_img|5237_img|4483_img|5212_img|4959_img|5402_img|4878_img|4822_img|4903_img|4605_img|4963_img|5503_img|5119_img|5248_img
5183,FINERING,Amazon Collection,metal,"Platinum-Plated Sterling Silver Princess-Cut 3-Stone Ring made with Swarovski Zirconia (4 cttw), Size 9",B012SZZMEI.jpg,"a photo of a Platinum-Plated Sterling Silver Princess-Cut 3-Stone Ring made with Swarovski Zirconia (4 cttw), Size 9",1,1,4601_img|5183_img|4494_img|4592_img|4875_img|5206_img|5450_img|5573_img|4945_img|5506_img|5292_img|4729_img|5369_img|5073_img|5319_img|4816_img|5498_img|4493_img|5131_img|5485_img
5184,TABLE,Alkove,Chene sauvage et metal,"Marque Amazon - Alkove Hayes - Table basse au style contemporain, 140 x 70 x 35 cm, Chene sauvage a la finition huilee Naturel",B07SJ771NG.jpg,"a photo of a Marque Amazon - Alkove Hayes - Table basse au style contemporain, 140 x 70 x 35 cm, Chene sauvage a la finition huilee Naturel",1,9,5396_img|5401_img|5345_img|4862_img|4652_img|4544_img|4834_img|4602_img|4646_img|5184_img|5218_img|4974_img|5320_img|5023_img|4576_img|5219_img|5471_img|4772_img|5463_img|5017_img
5185,CHAIR,Alkove,Chene sauvage,"Marque Amazon - Alkove - Hayes - Set de 2 fauteuils classiques en bois avec siege tapisse, Chene sauvage",B07K84GT56.jpg,"a photo of a Marque Amazon - Alkove - Hayes - Set de 2 fauteuils classiques en bois avec siege tapisse, Chene sauvage",1,0,5185_img|4748_img|4542_img|4524_img|4980_img|4776_img|4531_img|4539_img|4954_img|4956_img|4844_img|5390_img|4814_img|4986_img|4643_img|5063_img|5285_img|5385_img|5598_img|5447_img
5186,TABLE,Ravenna Home,Wood,"Ravenna Home Classic Plank-Top End Table with Large Drawer, 42""W, Espresso Wood",B07MJL4ZMC.jpg,"a photo of a Ravenna Home Classic Plank-Top End Table with Large Drawer, 42""W, Espresso Wood",1,0,5186_img|5575_img|5545_img|5451_img|4940_img|5424_img|5224_img|4513_img|5480_img|5368_img|4685_img|5255_img|4552_img|5488_img|5192_img|5398_img|5107_img|5115_img|4718_img|5189_img
5187,FINENECKLACEBRACELETANKLET,Amazon Collection,metal,"Amazon Collection14k Yellow Gold-Filled Letter""G"" Charm Pendant Necklace, 18""",B016RNUGX4.jpg,"a photo of a Amazon Collection14k Yellow Gold-Filled Letter""G"" Charm Pendant Necklace, 18""",1,0,5187_img|4893_img|4574_img|5214_img|4658_img|4979_img|5167_img|4785_img|4638_img|4520_img|4842_img|4944_img|5036_img|5405_img|4908_img|5153_img|4938_img|4839_img|5394_img|5305_img
5188,SHOES,Amazon Brand - Symbol,Synthetic,Amazon Brand - Symbol Men's Black 1 Formal Shoes-10 UK (44 EU) (11 US),B07QCN7LRB.jpg,a photo of a Amazon Brand - Symbol Men's Black 1 Formal Shoes-10 UK (44 EU) (11 US),1,1,5001_img|5188_img|5231_img|5234_img|5410_img|5588_img|5294_img|4597_img|5158_img|4593_img|5309_img|5264_img|5511_img|4684_img|4632_img|4861_img|5488_img|5481_img|5047_img|5133_img
5189,TABLE,Ravenna Home,Wood,"Amazon Brand - Ravenna Home Classic Console End Table with Side Cutouts, 42""W, White Wood",B07MQF8SG7.jpg,"a photo of a Amazon Brand - Ravenna Home Classic Console End Table with Side Cutouts, 42""W, White Wood",1,0,5189_img|5327_img|4935_img|5582_img|4925_img|5484_img|4586_img|5104_img|5480_img|4552_img|5147_img|5534_img|5560_img|4777_img|5316_img|5489_img|4843_img|5367_img|5006_img|4824_img
5190,FINENECKLACEBRACELETANKLET,Amazon Collection,Metal,"Two-Tone Sterling Silver and Rose Gold Over Sterling Silver Angel with Heart Pendant Necklace, 18""",B008WYDSAK.jpg,"a photo of a Two-Tone Sterling Silver and Rose Gold Over Sterling Silver Angel with Heart Pendant Necklace, 18""",1,0,5190_img|4938_img|5179_img|5384_img|5229_img|4841_img|4648_img|5353_img|5026_img|4991_img|5167_img|5562_img|5524_img|5319_img|5295_img|4638_img|4610_img|4803_img|5305_img|5556_img
5191,KITCHEN,AmazonBasics,Unknown Material,"AmazonBasics Disposable Bowl, Eco-Friendly Compostable and Biodegradable, Kraft, 946 ml, Pack of 100",B07ZQVM4HV.jpg,"a photo of a AmazonBasics Disposable Bowl, Eco-Friendly Compostable and Biodegradable, Kraft, 946 ml, Pack of 100",1,5,4734_img|4662_img|4484_img|5168_img|5219_img|5191_img|5235_img|5408_img|4921_img|5253_img|5404_img|5071_img|4939_img|5444_img|4669_img|5005_img|5474_img|4532_img|5594_img|4781_img
5192,TABLE,Movian,Madera,"Marca Amazon - Movian Mesa auxiliar / Extremo del sofa / Mobile mesita de noche de madera MDF y metal - C-Shape Side Table SDT-L - Marron y negro, 45 x 25,4 x 63,7 cm",B07TT2G9YT.jpg,"a photo of a Marca Amazon - Movian Mesa auxiliar / Extremo del sofa / Mobile mesita de noche de madera MDF y metal - C-Shape Side Table SDT-L - Marron y negro, 45 x 25,4 x 63,7 cm",0,-1,4977_img|4788_img|5152_img|5170_img|5268_img|4899_img|4726_img|4923_img|5398_img|4773_img|5113_img|4576_img|5032_img|5271_img|4937_img|4841_img|5064_img|5224_img|4552_img|4481_img
5193,FINEEARRING,Amazon Collection,metal,Sterling Silver Cushion-Cut Checkerboard Amethyst Stud Earrings (6mm),B00UYGVYQY.jpg,a photo of a Sterling Silver Cushion-Cut Checkerboard Amethyst Stud Earrings (6mm),1,0,5193_img|4995_img|4752_img|5157_img|4792_img|4556_img|5479_img|5077_img|5535_img|5134_img|4693_img|4928_img|4736_img|5296_img|5016_img|5049_img|5485_img|4982_img|5274_img|5280_img
5194,RUG,Rivet,wool,"Amazon Brand - Rivet Motion Modern Patterned Wool Runner Rug, 2' 3"" x 7' 6"", Heathered Grey",B075ZCXWDC.jpg,"a photo of a Amazon Brand - Rivet Motion Modern Patterned Wool Runner Rug, 2' 3"" x 7' 6"", Heathered Grey",1,1,4934_img|5194_img|4596_img|5164_img|5572_img|5096_img|5265_img|4663_img|4522_img|5108_img|5509_img|4672_img|5492_img|5070_img|5415_img|5464_img|5135_img|4702_img|4704_img|4901_img
5195,HOME,Pinzon by Amazon.com,Flannel,"Pinzon 160-Gram Solid Flannel King Duvet Cover, Camel",B0013TXDE2.jpg,"a photo of a Pinzon 160-Gram Solid Flannel King Duvet Cover, Camel",1,0,5195_img|4795_img|4633_img|5455_img|4503_img|5589_img|5495_img|4680_img|4762_img|4512_img|5242_img|5283_img|4749_img|5397_img|5243_img|4889_img|4807_img|4629_img|4813_img|5061_img
5196,FINEEARRING,Amazon Collection,Metal,Sterling Silver Filigree Oval Hoop Earrings,B00S5VKNGM.jpg,a photo of a Sterling Silver Filigree Oval Hoop Earrings,1,0,5196_img|5567_img|5556_img|4924_img|5378_img|4764_img|5248_img|4595_img|4642_img|5482_img|4755_img|5018_img|4981_img|4692_img|4714_img|4610_img|4954_img|5385_img|5356_img|4737_img
5197,WALL_ART,Rivet,Cotton,"Amazon Brand - Rivet Aqua and Turquoise Abstract Waters Print with Oak Hanger, 40"" x 60""",B073P5MPTL.jpg,"a photo of a Amazon Brand - Rivet Aqua and Turquoise Abstract Waters Print with Oak Hanger, 40"" x 60""",1,0,5197_img|4983_img|4625_img|4715_img|4741_img|5232_img|5469_img|4759_img|5237_img|5117_img|4618_img|4952_img|4485_img|5182_img|4567_img|4533_img|4904_img|5254_img|4670_img|4711_img
5198,WALL_ART,Stone & Beam,canvas,"Amazon Brand - Stone & Beam Contemporary Blue and White Mandala Print Wall Art on Canvas, 36"" x 24""",B073P1JNL5.jpg,"a photo of a Amazon Brand - Stone & Beam Contemporary Blue and White Mandala Print Wall Art on Canvas, 36"" x 24""",1,0,5198_img|5232_img|4843_img|5162_img|4983_img|5290_img|4759_img|4884_img|5147_img|5503_img|4989_img|4717_img|4683_img|5336_img|5406_img|5330_img|5499_img|5494_img|5425_img|4538_img
5199,SHOES,Klepe,Mesh,Klepe Men's Navy Flyknit with Memory Foam Running Shoes-7 UK (41 EU) (8 US) (BX-025/NVY),B07X8MT2GQ.jpg,a photo of a Klepe Men's Navy Flyknit with Memory Foam Running Shoes-7 UK (41 EU) (8 US) (BX-025/NVY),1,0,5199_img|5093_img|5314_img|4802_img|5239_img|4879_img|5587_img|5125_img|5114_img|5143_img|5004_img|4789_img|4681_img|4564_img|4861_img|5284_img|4708_img|5220_img|5487_img|4706_img
5200,HOME,UMI,Stoff,UMI by Amazon Vorhange Verdunkelung Osengardinen mit Schaumbeschichtung 245x140 cm Dunkelgrau 2er set,B07L1PVK1C.jpg,a photo of a UMI by Amazon Vorhange Verdunkelung Osengardinen mit Schaumbeschichtung 245x140 cm Dunkelgrau 2er set,1,10,4623_img|4965_img|4851_img|4629_img|5316_img|4889_img|5429_img|5417_img|5568_img|5283_img|5200_img|4484_img|4667_img|5168_img|5116_img|4674_img|5428_img|4512_img|4762_img|4795_img
5201,HOME_BED_AND_BATH,Pinzon by Amazon,100% cotton,"Pinzon by Amazon Egyptian Cotton Sateen Flat Sheet, Double - Light Gray",B00MPOEGVS.jpg,"a photo of a Pinzon by Amazon Egyptian Cotton Sateen Flat Sheet, Double - Light Gray",1,6,5454_img|5527_img|4835_img|4942_img|4495_img|4831_img|5201_img|5217_img|5569_img|4596_img|5502_img|4762_img|5589_img|5045_img|4992_img|4509_img|5595_img|4649_img|5283_img|5169_img
5202,FINENECKLACEBRACELETANKLET,Amazon Collection,metal,"Men's Sterling Silver Round St. Christopher Pendant with Blue Background and Rhodium Plated Stainless Steel Chain, 20""",B00HA6C7KI.jpg,"a photo of a Men's Sterling Silver Round St. Christopher Pendant with Blue Background and Rhodium Plated Stainless Steel Chain, 20""",1,0,5202_img|5150_img|4989_img|5291_img|5499_img|4783_img|5305_img|4735_img|5336_img|5286_img|4998_img|4926_img|4912_img|5114_img|5395_img|5051_img|4717_img|5524_img|4639_img|5248_img
5203,SHOES,Amazon Brand - Symbol,Synthetic,Amazon Brand - Symbol Men's Tan Sandals-7 UK/India (41 EU) (AZ-KY-336A),B07B6C5F3S.jpg,a photo of a Amazon Brand - Symbol Men's Tan Sandals-7 UK/India (41 EU) (AZ-KY-336A),1,0,5203_img|5349_img|5065_img|5584_img|5281_img|4817_img|4504_img|4946_img|5466_img|5579_img|5546_img|5511_img|5457_img|5105_img|5079_img|5528_img|4647_img|5309_img|4613_img|5431_img
5204,CHAIR,Rivet,Polyester,"Amazon Brand - Rivet Malida Mid-Century Modern Open Back Kitchen Dining Room Accent Chair, 33""H, Chalk",B07TZRKLXL.jpg,"a photo of a Amazon Brand - Rivet Malida Mid-Century Modern Open Back Kitchen Dining Room Accent Chair, 33""H, Chalk",1,0,5204_img|5151_img|5241_img|4714_img|5166_img|5064_img|4923_img|5366_img|4497_img|5586_img|5541_img|4586_img|5534_img|5538_img|4542_img|4656_img|5351_img|5298_img|4643_img|4969_img
5205,HOME_FURNITURE_AND_DECOR,Movian,Wood,Movian GW-Adana Chest of Drawers 3581,B085217ZCH.jpg,a photo of a Movian GW-Adana Chest of Drawers 3581,1,18,4761_img|5057_img|5103_img|4925_img|5282_img|4746_img|4685_img|5263_img|5245_img|5372_img|5149_img|5484_img|5019_img|5460_img|5375_img|4751_img|5325_img|5320_img|5205_img|4733_img
5206,FINERING,Amazon Collection,Strasssteine;,"Damen-Ring Sterling-Silber 925 platiniert oder vergoldet Swarovski-Kristall Prinzessschliff,Platiniertes Silber,Size 8",B01N23N619.jpg,"a photo of a Damen-Ring Sterling-Silber 925 platiniert oder vergoldet Swarovski-Kristall Prinzessschliff,Platiniertes Silber,Size 8",0,-1,4738_img|5213_img|5183_img|4515_img|4945_img|4710_img|4649_img|4601_img|5543_img|5040_img|4536_img|5409_img|5593_img|5581_img|4753_img|4897_img|5438_img|4910_img|4683_img|5059_img
5207,CELLULAR_PHONE_CASE,Amazon Brand - Solimo,Plastic,Amazon Brand - Solimo Designer Flower 3D Printed Hard Back Case Mobile Cover for Samsung Galaxy M31,B08511K2CS.jpg,a photo of a Amazon Brand - Solimo Designer Flower 3D Printed Hard Back Case Mobile Cover for Samsung Galaxy M31,1,0,5207_img|5446_img|5465_img|4970_img|5571_img|5596_img|4779_img|5122_img|4894_img|4827_img|5428_img|4825_img|5054_img|5330_img|5041_img|5210_img|4525_img|4884_img|5369_img|4883_img
5208,KITCHEN,Amazon Brand - Solimo,Copper,"(Renewed) Amazon Brand - Solimo Set of 2 Copper Water Bottles (Hammered, 700ml)",B08BR8WRN2.jpg,"a photo of a (Renewed) Amazon Brand - Solimo Set of 2 Copper Water Bottles (Hammered, 700ml)",1,0,5208_img|4669_img|4489_img|5113_img|5030_img|4984_img|5556_img|5102_img|4557_img|4573_img|4936_img|4857_img|4754_img|5269_img|5063_img|5323_img|5594_img|4922_img|5087_img|4841_img
5209,HOME_BED_AND_BATH,Rivet,100% cotton,Amazon Brand - Rivet High Contrast Black and White Global Geometric 100% Cotton Throw Blanket,B075X5B8CQ.jpg,a photo of a Amazon Brand - Rivet High Contrast Black and White Global Geometric 100% Cotton Throw Blanket,1,0,5209_img|5464_img|5144_img|5233_img|5569_img|5288_img|4620_img|5509_img|4672_img|4957_img|5003_img|4534_img|5054_img|4522_img|5474_img|4580_img|5547_img|5527_img|5359_img|4713_img
5210,CELLULAR_PHONE_CASE,Amazon Brand - Solimo,Canvas,Amazon Brand - Solimo Designer Multicolor Stone 3D Printed Hard Back Case Mobile Cover for Micromax Canvas Selfie 2 Q340,B07TG4RXKZ.jpg,a photo of a Amazon Brand - Solimo Designer Multicolor Stone 3D Printed Hard Back Case Mobile Cover for Micromax Canvas Selfie 2 Q340,1,1,5230_img|5210_img|5098_img|5262_img|4603_img|4988_img|5089_img|4967_img|4580_img|4919_img|4645_img|5000_img|5177_img|5247_img|5334_img|5548_img|4634_img|5029_img|5033_img|4820_img
5211,HOME_FURNITURE_AND_DECOR,Stone & Beam,pewter,"Amazon Brand - Stone & Beam Marin Studded Chair, 33""W, Pewter",B075X2WP64.jpg,"a photo of a Amazon Brand - Stone & Beam Marin Studded Chair, 33""W, Pewter",1,0,5211_img|4628_img|5529_img|4969_img|5555_img|4695_img|5166_img|5356_img|5246_img|4568_img|5403_img|5258_img|4703_img|5407_img|5419_img|5052_img|4626_img|5241_img|4911_img|4767_img
5212,FINERING,Amazon Collection,No aplica,"Amazon CollectionPlatinum Plated Sterling Silver Freshwater Pearl with Pear Shaped Fancy Pink Swarovski Zirconia Accents Ring, Size 6",B0756HCJ63.jpg,"a photo of a Amazon CollectionPlatinum Plated Sterling Silver Freshwater Pearl with Pear Shaped Fancy Pink Swarovski Zirconia Accents Ring, Size 6",1,3,5402_img|5272_img|4784_img|5212_img|4990_img|5544_img|5182_img|4987_img|4492_img|5392_img|5430_img|4670_img|4677_img|5557_img|4511_img|4857_img|4700_img|5007_img|4847_img|4833_img
5213,FINERING,Amazon Collection,METALLO,"Anello in argento Sterling placcato platino o oro con 7 pietre e zirconi Swarovski,Argento placcato platino,Size 6",B00FXW7ASA.jpg,"a photo of a Anello in argento Sterling placcato platino o oro con 7 pietre e zirconi Swarovski,Argento placcato platino,Size 6",1,5,5438_img|4710_img|5543_img|4649_img|4738_img|5213_img|4932_img|4945_img|5593_img|4683_img|5211_img|4742_img|4594_img|5183_img|5089_img|5578_img|4694_img|4536_img|5409_img|4628_img
5214,CELLULAR_PHONE_CASE,Amazon Brand - Solimo,Plastic,Amazon Brand - Solimo Designer Heart Pattern Alphabet-G 3D Printed Hard Back Case Mobile Cover for Samsung Galaxy A50s,B081HN6Z5V.jpg,a photo of a Amazon Brand - Solimo Designer Heart Pattern Alphabet-G 3D Printed Hard Back Case Mobile Cover for Samsung Galaxy A50s,1,0,5214_img|4893_img|5130_img|5187_img|4584_img|4598_img|5561_img|5548_img|4580_img|4522_img|5565_img|4743_img|5500_img|4876_img|4634_img|5210_img|4665_img|5207_img|5223_img|5524_img
5215,HOME_BED_AND_BATH,Amazon Brand - Solimo,Polyester,"Amazon Brand - Solimo Microfibre Reversible Comforter, Double (Strawberry Pink and Candy Pink, 200 GSM)",B076BS8F71.jpg,"a photo of a Amazon Brand - Solimo Microfibre Reversible Comforter, Double (Strawberry Pink and Candy Pink, 200 GSM)",1,0,5215_img|4521_img|5522_img|5426_img|4849_img|5058_img|4700_img|5242_img|5591_img|5095_img|5592_img|5402_img|5061_img|5270_img|4987_img|4885_img|5161_img|5455_img|5557_img|5329_img
5216,KITCHEN,Amazon Brand - Solimo,Aluminium,"Amazon Brand - Solimo Inner Lid Pressure Cooker Spare Parts set for 2, 3L (1 Gasket, 1 Regulator, 1 Vent Tube with Nut and washer)",B07P6X3KCV.jpg,"a photo of a Amazon Brand - Solimo Inner Lid Pressure Cooker Spare Parts set for 2, 3L (1 Gasket, 1 Regulator, 1 Vent Tube with Nut and washer)",1,0,5216_img|5018_img|5056_img|4773_img|5599_img|4526_img|5337_img|5110_img|5006_img|4490_img|4758_img|4489_img|5088_img|4764_img|5268_img|5236_img|4791_img|4481_img|5416_img|4850_img
5217,HOME,Pinzon by Amazon,Cotton,"Pinzon 400-Thread-Count Hotel Stitch Sham - King, Black Stripes",B005CGK9CQ.jpg,"a photo of a Pinzon 400-Thread-Count Hotel Stitch Sham - King, Black Stripes",0,-1,5509_img|4672_img|4626_img|5209_img|4737_img|5464_img|4895_img|4482_img|5588_img|5407_img|5547_img|5003_img|5294_img|4620_img|5133_img|4628_img|4534_img|4956_img|4767_img|5496_img
5218,RUG,Rivet,jute,"Amazon Brand - Rivet Contemporary Striated Jute Runner Rug, 7' 6"" x 2' 3"", Linen",B07B4ZR4QK.jpg,"a photo of a Amazon Brand - Rivet Contemporary Striated Jute Runner Rug, 7' 6"" x 2' 3"", Linen",1,0,5218_img|5357_img|5256_img|5096_img|5464_img|5492_img|4952_img|5365_img|4702_img|5164_img|4957_img|5306_img|5156_img|4937_img|4719_img|4672_img|5415_img|4588_img|4560_img|5389_img
5219,HOME_BED_AND_BATH,Pinzon by Amazon,Poliester,"Pinzon by Amazon Spannbetttuch, Mikrofaser, Elfenbein, 135 x 190 x 38 cm",B00M92MXOS.jpg,"a photo of a Pinzon by Amazon Spannbetttuch, Mikrofaser, Elfenbein, 135 x 190 x 38 cm",1,0,5219_img|5148_img|5427_img|4674_img|5471_img|5595_img|5417_img|4982_img|5274_img|4962_img|4838_img|4942_img|4772_img|5168_img|4871_img|4787_img|5355_img|4484_img|5228_img|5414_img
5220,SHOES,Amazon Brand - Symbol,PU,Amazon Brand - Symbol Men's Navy Synthetic Sneakers-8 UK/India (42 EU) (AZ-YS-192 A),B079145Y2R.jpg,a photo of a Amazon Brand - Symbol Men's Navy Synthetic Sneakers-8 UK/India (42 EU) (AZ-YS-192 A),1,0,5220_img|5284_img|4619_img|4720_img|4766_img|5125_img|5239_img|5114_img|4789_img|4681_img|5047_img|5034_img|4859_img|4565_img|4879_img|4890_img|4796_img|4708_img|5093_img|5314_img
5221,CELLULAR_PHONE_CASE,Amazon Brand - Solimo,Silicone,Amazon Brand - Solimo Designer Punisher Skull UV Printed Soft Back Case Mobile Cover for HTC Wildfire X,B0854BVRPM.jpg,a photo of a Amazon Brand - Solimo Designer Punisher Skull UV Printed Soft Back Case Mobile Cover for HTC Wildfire X,1,0,5221_img|5091_img|5029_img|4654_img|5334_img|5207_img|5177_img|4634_img|4604_img|5098_img|4975_img|4927_img|5561_img|4743_img|4710_img|5025_img|5543_img|4528_img|5571_img|5210_img
5222,WALL_ART,Rivet,canvas,"Amazon Brand - Rivet Black and White Canvas Wall Art Print of Male Deer, 24"" x 16""",B073P1LPNL.jpg,"a photo of a Amazon Brand - Rivet Black and White Canvas Wall Art Print of Male Deer, 24"" x 16""",1,0,5222_img|4815_img|4913_img|5042_img|5099_img|5338_img|5448_img|4740_img|4812_img|4540_img|4673_img|4679_img|4904_img|4551_img|5078_img|5436_img|5307_img|5167_img|5461_img|4615_img
5223,CELLULAR_PHONE_CASE,Amazon Brand - Solimo,Plastic,Amazon Brand - Solimo Designer Queen On Red Glitter 3D Printed Hard Back Case Mobile Cover for Realme C3,B0853WXN4Q.jpg,a photo of a Amazon Brand - Solimo Designer Queen On Red Glitter 3D Printed Hard Back Case Mobile Cover for Realme C3,1,0,5223_img|5308_img|5121_img|4580_img|5319_img|4525_img|5259_img|4875_img|4894_img|5073_img|4694_img|5287_img|5537_img|4640_img|5475_img|5295_img|5561_img|4587_img|4659_img|4858_img
5224,TABLE,AmazonBasics,Wood,"AmazonBasics - 1-Drawer 1-Shelf Bedside Table, 45 x 38 x 53 cm, Beige with Grey Drawer",B07RPZSM4W.jpg,"a photo of a AmazonBasics - 1-Drawer 1-Shelf Bedside Table, 45 x 38 x 53 cm, Beige with Grey Drawer",1,4,5103_img|4902_img|5545_img|5480_img|5224_img|5168_img|5582_img|4925_img|5575_img|5484_img|4577_img|4733_img|5057_img|4484_img|5149_img|5320_img|5460_img|4860_img|5424_img|4851_img
5225,WALL_ART,Stone & Beam,wood,"Amazon Brand - Stone & Beam Abstract Topographic Print in Grey Wood Frame, 30"" x 30""",B073P5QJ5S.jpg,"a photo of a Amazon Brand - Stone & Beam Abstract Topographic Print in Grey Wood Frame, 30"" x 30""",1,0,5225_img|4533_img|5421_img|5117_img|4501_img|4805_img|4983_img|5497_img|4631_img|4730_img|5449_img|5197_img|4621_img|5328_img|5027_img|5331_img|4759_img|4904_img|5159_img|4996_img
5226,SOFA,Ravenna Home,polyester upholstery,"Amazon Brand - Ravenna Home Randall Rolled Arm Sofa, 83""W, Cream",B07DBD9W9X.jpg,"a photo of a Amazon Brand - Ravenna Home Randall Rolled Arm Sofa, 83""W, Cream",1,2,4616_img|4777_img|5226_img|4832_img|5459_img|5348_img|4950_img|5489_img|5474_img|4960_img|5263_img|5514_img|4824_img|5288_img|4571_img|4529_img|5412_img|4696_img|5411_img|5569_img
5227,HOME_FURNITURE_AND_DECOR,Rivet,wool,"Amazon Brand - Rivet Modern Geometric Wool Area Rug, 8 x 10 Foot, Blue, Grey, Brown",B07B4WGHF2.jpg,"a photo of a Amazon Brand - Rivet Modern Geometric Wool Area Rug, 8 x 10 Foot, Blue, Grey, Brown",1,0,5227_img|4937_img|4672_img|5265_img|5010_img|5464_img|4721_img|5415_img|4549_img|5096_img|4713_img|5261_img|4930_img|5152_img|5365_img|5170_img|4548_img|5333_img|4705_img|4534_img
5228,HOME_BED_AND_BATH,Pinzon by Amazon,jarse,"Pinzon Heather Jersey Fitted Sheet, Light Gri Eflatun, jarse, ack gri alacal, 175x190x40",B00MHUZYX4.jpg,"a photo of a Pinzon Heather Jersey Fitted Sheet, Light Gri Eflatun, jarse, ack gri alacal, 175x190x40",1,0,5228_img|5310_img|5335_img|4942_img|5022_img|5241_img|5430_img|5166_img|5595_img|5148_img|5427_img|5502_img|5366_img|5246_img|5491_img|5259_img|5600_img|4882_img|5256_img|5357_img
5229,FINENECKLACEBRACELETANKLET,Amazon Collection,metal,"10k Yellow Gold Heart Garnet and Diamond Pendant Necklace, 18""",B00S64D6BC.jpg,"a photo of a 10k Yellow Gold Heart Garnet and Diamond Pendant Necklace, 18""",1,0,5229_img|5026_img|5384_img|5537_img|5354_img|4938_img|4991_img|5165_img|5308_img|5562_img|5172_img|4794_img|5353_img|5512_img|5580_img|4820_img|4519_img|4827_img|4825_img|4894_img
5230,CELLULAR_PHONE_CASE,Amazon Brand - Solimo,Plastic,Amazon Brand - Solimo Designer Marble Pices 3D Printed Hard Back Case Mobile Cover for Samsung Galaxy M21,B08511RJ38.jpg,a photo of a Amazon Brand - Solimo Designer Marble Pices 3D Printed Hard Back Case Mobile Cover for Samsung Galaxy M21,1,0,5230_img|4634_img|5210_img|4645_img|5334_img|5561_img|5548_img|4596_img|4743_img|5260_img|4947_img|5177_img|5207_img|5029_img|4545_img|4514_img|4876_img|4972_img|4997_img|5500_img
5231,SHOES,Amazon Brand - Symbol,Synthetic,Amazon Brand - Symbol Men's Black Synthetic Formal Shoes - 9 UK (AZ-KY-84A),B075Z54188.jpg,a photo of a Amazon Brand - Symbol Men's Black Synthetic Formal Shoes - 9 UK (AZ-KY-84A),1,4,5234_img|5001_img|4597_img|5158_img|5231_img|5188_img|5410_img|5294_img|5588_img|5309_img|4684_img|5264_img|4593_img|5481_img|5511_img|4773_img|5488_img|5268_img|5047_img|4657_img
5232,RUG,Rivet,wool,"Amazon Brand - Rivet Modern Handtufted Cotton and Wool Area Rug, 5' x 8', Distressed Blue and Ivory",B07QB8JXQX.jpg,"a photo of a Amazon Brand - Rivet Modern Handtufted Cotton and Wool Area Rug, 5' x 8', Distressed Blue and Ivory",1,0,5232_img|5135_img|5070_img|4770_img|5415_img|5265_img|5261_img|5360_img|5406_img|5237_img|5198_img|4717_img|4702_img|4579_img|5164_img|4721_img|5365_img|5260_img|4952_img|4713_img
5233,HOME,Pinzon by Amazon,Cotton,"Pinzon 100-Percent Stone Washed Cotton Diamond Matelasse Coverlet, Twin, White",B00IAHQC5C.jpg,"a photo of a Pinzon 100-Percent Stone Washed Cotton Diamond Matelasse Coverlet, Twin, White",1,3,5569_img|5527_img|5144_img|5233_img|5238_img|4626_img|5390_img|5335_img|5593_img|5260_img|5022_img|5166_img|5492_img|5198_img|4957_img|5217_img|5529_img|5509_img|5530_img|5567_img
5234,SHOES,Amazon Brand - Symbol,Leather,Amazon Brand - Symbol Men's Black Formal Derby Shoes with Handmade Sole - 7 UK/India (41 EU)(AZ-KY-76A),B075Z57DQJ.jpg,a photo of a Amazon Brand - Symbol Men's Black Formal Derby Shoes with Handmade Sole - 7 UK/India (41 EU)(AZ-KY-76A),1,0,5234_img|4597_img|5158_img|5231_img|5001_img|5410_img|5188_img|5588_img|5294_img|4684_img|5309_img|5264_img|4593_img|5423_img|5047_img|4859_img|5133_img|4701_img|4657_img|4558_img
5235,KITCHEN,AmazonBasics,Unknown Material,"AmazonBasics 18-Piece Dinnerware Set, Service for 6 and Rubbermaid No-Slip Silverware Organizer Cutlery Tray, Large, Black, 1.9 x 11.9 x 15.1 Bundle",B01MEEBCHA.jpg,"a photo of a AmazonBasics 18-Piece Dinnerware Set, Service for 6 and Rubbermaid No-Slip Silverware Organizer Cutlery Tray, Large, Black, 1.9 x 11.9 x 15.1 Bundle",1,1,4781_img|5235_img|4526_img|5488_img|4552_img|5285_img|5594_img|5496_img|4780_img|4782_img|4482_img|4774_img|5001_img|4685_img|4506_img|4491_img|5481_img|4726_img|4624_img|4921_img
5236,KITCHEN,Amazon Brand - Solimo,Plastic,"Amazon Brand - Solimo Plastic Drainers, 3-Pieces, Multicolour",B07GXN9FL7.jpg,"a photo of a Amazon Brand - Solimo Plastic Drainers, 3-Pieces, Multicolour",1,0,5236_img|4967_img|5599_img|5077_img|5269_img|5006_img|5088_img|4984_img|4776_img|5141_img|5547_img|5245_img|5288_img|5014_img|5456_img|5157_img|4481_img|4524_img|5479_img|5519_img
5237,RUG,Rivet,fiber,"Amazon Brand - Rivet Distressed Floral Medallion Rug, 5'3"" x 7'7"", Aqua",B072PW7DXQ.jpg,"a photo of a Amazon Brand - Rivet Distressed Floral Medallion Rug, 5'3"" x 7'7"", Aqua",1,0,5237_img|5406_img|5232_img|4884_img|5070_img|4901_img|4605_img|5400_img|5135_img|5425_img|5119_img|5265_img|5571_img|5207_img|5503_img|4989_img|4569_img|4579_img|4704_img|5596_img
5238,RUG,Stone & Beam,wool,"Amazon Brand - Stone & Beam Barnstead Floral Wool Area Rug, 5 x 8 Foot, Charcoal and Beige",B0735V67S5.jpg,"a photo of a Amazon Brand - Stone & Beam Barnstead Floral Wool Area Rug, 5 x 8 Foot, Charcoal and Beige",0,-1,5322_img|4676_img|5176_img|5510_img|5397_img|4704_img|4569_img|5342_img|5517_img|4750_img|5330_img|5400_img|5207_img|4590_img|4829_img|5127_img|4828_img|4852_img|5566_img|4901_img
5239,SHOES,Klepe,Mesh,Klepe Men's Navy Running Shoes-9 UK (43 EU) (10 US) (KP77/NVY),B07WTP325N.jpg,a photo of a Klepe Men's Navy Running Shoes-9 UK (43 EU) (10 US) (KP77/NVY),1,1,5125_img|5239_img|5143_img|4802_img|4879_img|5199_img|4681_img|5004_img|5093_img|5314_img|5587_img|4564_img|5114_img|4789_img|4861_img|5487_img|5284_img|5220_img|5475_img|4912_img
5240,HOME_FURNITURE_AND_DECOR,Amazon Brand - Solimo,PVC Vinyl,"Amazon Brand - Solimo Wall Sticker for Living Room (Blue Floral Picket Fence with Butterflies, Ideal Size on Wall: 136 cm x 40 cm)",B073RN9TY3.jpg,"a photo of a Amazon Brand - Solimo Wall Sticker for Living Room (Blue Floral Picket Fence with Butterflies, Ideal Size on Wall: 136 cm x 40 cm)",1,0,5240_img|5369_img|5428_img|5076_img|5311_img|5129_img|5574_img|5406_img|4884_img|4723_img|4713_img|5054_img|4639_img|5296_img|5571_img|4751_img|4843_img|4721_img|4525_img|5326_img
5241,CHAIR,Rivet,"Polyester fabric, sturdy hardwood frame and solid beech wood legs","Amazon Brand - Rivet Revolve Modern Upholstered Armchair with Tapered Legs, 33""W, Grey Weave",B071J7Q6KD.jpg,"a photo of a Amazon Brand - Rivet Revolve Modern Upholstered Armchair with Tapered Legs, 33""W, Grey Weave",1,2,5072_img|5490_img|5241_img|4703_img|5064_img|5166_img|5515_img|5123_img|4855_img|4960_img|5246_img|4768_img|5211_img|5529_img|5010_img|5258_img|4620_img|4594_img|5366_img|4969_img
5242,HOME_BED_AND_BATH,Amazon Basics,100% poliester,Amazon Basics College Dorm Bed-in-a-Bag with Elastic Storage Pockets - Full/Queen - Blush Dotted Stripe,B0835FJWGS.jpg,a photo of a Amazon Basics College Dorm Bed-in-a-Bag with Elastic Storage Pockets - Full/Queen - Blush Dotted Stripe,1,1,5591_img|5242_img|4521_img|4723_img|5288_img|5326_img|5058_img|5372_img|5592_img|5522_img|5110_img|4566_img|5233_img|4502_img|5455_img|5296_img|4510_img|5547_img|4929_img|5054_img
5243,HOME_BED_AND_BATH,AmazonBasics,100%_Polyester/Microfibre/Polyester,"AmazonBasics Deluxe Microfiber Duvet Cover Set with pillow case(s) - 240x220cm, Dark Grey",B079QCLQ1Y.jpg,"a photo of a AmazonBasics Deluxe Microfiber Duvet Cover Set with pillow case(s) - 240x220cm, Dark Grey",1,9,4949_img|4782_img|4736_img|5589_img|4966_img|5169_img|4928_img|4795_img|4680_img|5243_img|4791_img|4813_img|4666_img|4762_img|4704_img|5442_img|5283_img|5195_img|5110_img|5050_img
5244,SOFA,Movian,Polyester,"Amazon Brand - Movian Kemi 3-Seater Gestoffeerde L-Shaped Hoekbank met Linkerzijde, 266 x 86 x 73 cm, Vlekbestendig Polyester, Grijs",B07L8XW8V6.jpg,"a photo of a Amazon Brand - Movian Kemi 3-Seater Gestoffeerde L-Shaped Hoekbank met Linkerzijde, 266 x 86 x 73 cm, Vlekbestendig Polyester, Grijs",1,2,5344_img|4617_img|5244_img|4804_img|4776_img|4768_img|5296_img|5381_img|5178_img|5515_img|5072_img|5490_img|4510_img|4811_img|5326_img|4723_img|4855_img|4956_img|4870_img|5240_img
5245,HOME,AmazonBasics,Fabric,"AmazonBasics Collapsible Fabric Storage Cubes with Oval Grommets - 6-Pack, Light Grey",B07TXL7CPQ.jpg,"a photo of a AmazonBasics Collapsible Fabric Storage Cubes with Oval Grommets - 6-Pack, Light Grey",1,0,5245_img|5375_img|4921_img|5014_img|5456_img|5532_img|4768_img|5404_img|4997_img|5103_img|4734_img|5253_img|5399_img|5594_img|4955_img|4703_img|4506_img|4594_img|4929_img|5323_img
5246,CHAIR,Stone & Beam,pewter,"Amazon Brand - Stone & Beam Edmunds Traditional Recliner, 30""W, Pewter",B07B4M5BYY.jpg,"a photo of a Amazon Brand - Stone & Beam Edmunds Traditional Recliner, 30""W, Pewter",1,3,4568_img|4969_img|5052_img|5246_img|5356_img|5211_img|4628_img|5346_img|5037_img|4980_img|4531_img|5060_img|5403_img|5315_img|4873_img|4968_img|5529_img|4644_img|4916_img|5300_img
5247,CELLULAR_PHONE_CASE,Amazon Brand - Solimo,Plastic,Amazon Brand - Solimo Designer Multicolor Plastic Paint 3D Printed Hard Back Case Mobile Cover for Lenovo K4 Note,B07T2KBLLL.jpg,a photo of a Amazon Brand - Solimo Designer Multicolor Plastic Paint 3D Printed Hard Back Case Mobile Cover for Lenovo K4 Note,1,2,5262_img|5098_img|5247_img|4603_img|4691_img|4567_img|5000_img|4919_img|5476_img|4580_img|4528_img|4988_img|4972_img|5033_img|5117_img|5210_img|4967_img|4651_img|4485_img|4554_img
5248,FINEEARRING,Amazon Collection,metal,Amazon CollectionSterling Silver Celtic Knot Blue Topaz Linear Drop Earrings,B002EQ9U22.jpg,a photo of a Amazon CollectionSterling Silver Celtic Knot Blue Topaz Linear Drop Earrings,1,0,5248_img|4912_img|5482_img|4639_img|4618_img|4924_img|4572_img|4595_img|4717_img|5378_img|5499_img|4557_img|4573_img|4936_img|4548_img|4989_img|5469_img|4693_img|5385_img|5567_img
5249,HOME,UMI,100%_Cotton,"UMI. by Amazon 100% Cotton Plain Sateen Super King Size Fitted Sheet, 300 Thread Count, Pumice Stone, Super Soft and Comfortable with All Round Elastic Extra Deep Pockets, Machine Washable",B088T17YNF.jpg,"a photo of a UMI. by Amazon 100% Cotton Plain Sateen Super King Size Fitted Sheet, 300 Thread Count, Pumice Stone, Super Soft and Comfortable with All Round Elastic Extra Deep Pockets, Machine Washable",1,0,5249_img|4871_img|4835_img|5454_img|4772_img|4509_img|4545_img|4495_img|5502_img|5525_img|4942_img|5217_img|5324_img|5335_img|5112_img|4605_img|5531_img|4953_img|4674_img|5061_img
5250,WALL_ART,Stone & Beam,Paper,"Amazon Brand - Stone & Beam Modern Metallic Ink Reprint of Sailing Ship Patent Wall Art, Black Frame, 15"" x 21""",B073P1BKSR.jpg,"a photo of a Amazon Brand - Stone & Beam Modern Metallic Ink Reprint of Sailing Ship Patent Wall Art, Black Frame, 15"" x 21""",1,0,5250_img|5003_img|4920_img|4541_img|4707_img|4635_img|5289_img|5413_img|5162_img|4867_img|5550_img|4600_img|4498_img|4501_img|4805_img|4744_img|4759_img|4630_img|5328_img|4904_img
5251,TABLE,Strathwood,Aluminum,Strathwood Brook Square Bistro Table,B005T605GE.jpg,a photo of a Strathwood Brook Square Bistro Table,1,15,5541_img|4718_img|5053_img|5583_img|5013_img|5104_img|5192_img|5255_img|4737_img|4549_img|5017_img|5008_img|4834_img|5526_img|4513_img|5251_img|4748_img|5396_img|4542_img|5285_img
5252,CHAIR,Stone & Beam,Polyester,"Amazon Brand - Stone & Beam Lyon Upholstered Chair-and-a-Half, 55""W, Linen",B0831Y1G6Y.jpg,"a photo of a Amazon Brand - Stone & Beam Lyon Upholstered Chair-and-a-Half, 55""W, Linen",1,9,5390_img|5555_img|5529_img|4732_img|4656_img|4960_img|4916_img|5166_img|5491_img|5252_img|5538_img|5356_img|4749_img|5366_img|4969_img|5489_img|5246_img|5191_img|5238_img|4750_img
5253,HOME,Amazon Brand - Solimo,Fabric,"Amazon Brand - Solimo Fabric Storage Box, Large, Medical Blue",B081FHGZRV.jpg,"a photo of a Amazon Brand - Solimo Fabric Storage Box, Large, Medical Blue",1,0,5253_img|5532_img|4921_img|5014_img|5456_img|5103_img|5102_img|5224_img|5399_img|4734_img|4962_img|4548_img|5469_img|5375_img|5545_img|4925_img|5245_img|4680_img|4813_img|4929_img
5254,HOME_FURNITURE_AND_DECOR,Amazon Brand - Solimo,Plastic,"Amazon Brand - Solimo 12-inch Wall Clock - Desginer (Silent Movement, Black Frame), SC-1033",B08GL2S36V.jpg,"a photo of a Amazon Brand - Solimo 12-inch Wall Clock - Desginer (Silent Movement, Black Frame), SC-1033",1,7,5066_img|5180_img|5301_img|5507_img|5138_img|5441_img|5273_img|5254_img|4651_img|4826_img|5488_img|5056_img|4726_img|5216_img|5116_img|4552_img|4624_img|4482_img|4782_img|4630_img
5255,TABLE,Strathwood by Amazon.com,wood,Strathwood Blakely Extending Dining Table,B007RJYJE0.jpg,a photo of a Strathwood Blakely Extending Dining Table,1,2,5541_img|5053_img|5255_img|5013_img|5104_img|5186_img|4718_img|4977_img|5152_img|4513_img|4549_img|4737_img|5396_img|5526_img|5017_img|5351_img|5008_img|5170_img|4641_img|5032_img
5256,RUG,Rivet,sisal,"Amazon Brand - Rivet Woven Bordered Sisal Area Rug, 8 x 10 Foot, Ivory",B072LY342X.jpg,"a photo of a Amazon Brand - Rivet Woven Bordered Sisal Area Rug, 8 x 10 Foot, Ivory",1,0,5256_img|5357_img|5218_img|4957_img|5492_img|5464_img|5260_img|5010_img|5261_img|5376_img|5096_img|5415_img|5570_img|4997_img|5462_img|5404_img|4672_img|5407_img|4770_img|5510_img
5257,WALL_ART,Rivet,canvas,"Amazon Brand - Rivet Be a Little Wild Black and White Word Wall Art in Black Frame, 31.75"" x 41.75""",B073NZWZ94.jpg,"a photo of a Amazon Brand - Rivet Be a Little Wild Black and White Word Wall Art in Black Frame, 31.75"" x 41.75""",1,1,4635_img|5257_img|5328_img|5377_img|5042_img|5003_img|5100_img|4501_img|4805_img|4624_img|4630_img|5563_img|4815_img|5279_img|5436_img|4673_img|4498_img|4570_img|4707_img|5533_img
5258,HOME_FURNITURE_AND_DECOR,Rivet,Piel,"Rivet Silla de Oficina giratoria de Piel de Grano Superior, 60,96 cm de Ancho, Color Gris Niebla",B076MZTKK6.jpg,"a photo of a Rivet Silla de Oficina giratoria de Piel de Grano Superior, 60,96 cm de Ancho, Color Gris Niebla",1,3,4703_img|5123_img|5256_img|5258_img|5070_img|5520_img|5120_img|4997_img|4811_img|5366_img|4626_img|5228_img|5357_img|4487_img|4522_img|4834_img|5453_img|5198_img|4672_img|5218_img
5259,SHOES,Sixth & Love,Leather,"Sixth & Love Women's Quilted Ankle Bootie, Wine, 5 M US",B0142RWN7Y.jpg,"a photo of a Sixth & Love Women's Quilted Ankle Bootie, Wine, 5 M US",1,0,5259_img|5590_img|4546_img|5264_img|5430_img|4593_img|5537_img|5121_img|4882_img|4640_img|4833_img|5458_img|5384_img|5539_img|5353_img|5035_img|5457_img|5479_img|5095_img|5431_img
5260,RUG,Stone & Beam,wool,"Amazon Brand - Stone & Beam Tassled Criss-Cross Wool Area Rug, 4 x 6 Foot, Blue and White",B0735W9DGZ.jpg,"a photo of a Amazon Brand - Stone & Beam Tassled Criss-Cross Wool Area Rug, 4 x 6 Foot, Blue and White",1,5,4717_img|4548_img|5232_img|4721_img|5501_img|5260_img|4843_img|4713_img|4930_img|5162_img|4957_img|5389_img|4952_img|4555_img|5147_img|4605_img|5365_img|4770_img|4534_img|5114_img
5261,RUG,Rivet,Polyester,"Amazon Brand - Rivet Modern Moroccan Inspired Area Rug, 4 x 6 Foot, Multicolor Yellow Accent",B07HSJXGDW.jpg,"a photo of a Amazon Brand - Rivet Modern Moroccan Inspired Area Rug, 4 x 6 Foot, Multicolor Yellow Accent",1,4,5433_img|5332_img|4937_img|4902_img|5261_img|5376_img|4799_img|5237_img|5468_img|5504_img|5015_img|5519_img|4724_img|5247_img|5392_img|5517_img|4846_img|5232_img|5381_img|5076_img
5262,CELLULAR_PHONE_CASE,Amazon Brand - Solimo,Silicone,"Amazon Brand - Solimo Mobile Cover for Samsung Galaxy M21 / M30s (Soft & Shockproof Back Case with inbuilt Cushioned Edges), Transparent",B07XYD8ZRL.jpg,"a photo of a Amazon Brand - Solimo Mobile Cover for Samsung Galaxy M21 / M30s (Soft & Shockproof Back Case with inbuilt Cushioned Edges), Transparent",1,5,4947_img|4691_img|5230_img|5029_img|5481_img|5262_img|5033_img|4883_img|4645_img|5334_img|5177_img|4972_img|4927_img|4580_img|4528_img|4634_img|4712_img|4622_img|4769_img|4709_img
5263,TABLE,Movian,Wood,"Amazon Brand - Movian Natura Chest of Drawers, White",B07GFRWJZK.jpg,"a photo of a Amazon Brand - Movian Natura Chest of Drawers, White",1,0,5263_img|5484_img|4535_img|5432_img|5103_img|5282_img|5106_img|5582_img|5205_img|4925_img|4761_img|5320_img|5489_img|5480_img|4824_img|5189_img|4801_img|4777_img|5023_img|5068_img
5264,SHOES,The Fix,Leather,"Amazon Brand - The Fix Women's Amaya Scrunched Pump, Black Leather, 6.5 B US",B078985DWY.jpg,"a photo of a Amazon Brand - The Fix Women's Amaya Scrunched Pump, Black Leather, 6.5 B US",1,0,5264_img|5546_img|5539_img|5001_img|5234_img|5158_img|4597_img|4552_img|5431_img|5231_img|5488_img|5590_img|5351_img|4726_img|4701_img|5049_img|5293_img|5188_img|5398_img|5553_img
5265,RUG,Rivet,wool,"Amazon Brand - Rivet Modern Geometric Wool Area Rug, 4 x 6 Foot, Blue",B0735W9DMT.jpg,"a photo of a Amazon Brand - Rivet Modern Geometric Wool Area Rug, 4 x 6 Foot, Blue",1,3,5227_img|4548_img|4721_img|5265_img|4717_img|4693_img|5232_img|5365_img|4937_img|4806_img|4713_img|5134_img|5572_img|4534_img|4952_img|4923_img|5464_img|4606_img|5015_img|5261_img
5266,KITCHEN,AmazonBasics,Unknown Material,"AmazonBasics Grattugia per scorza di agrumi, con ampia superficie in acciaio inox e manico morbido, colore grigio e verde",B07W35MDYY.jpg,"a photo of a AmazonBasics Grattugia per scorza di agrumi, con ampia superficie in acciaio inox e manico morbido, colore grigio e verde",1,2,5599_img|5243_img|5266_img|4848_img|5002_img|5435_img|5467_img|4959_img|4800_img|4903_img|4711_img|4878_img|5236_img|4865_img|4699_img|5508_img|4483_img|4481_img|4773_img|5512_img
5267,FINENECKLACEBRACELETANKLET,Amazon Collection,metal,"Sterling Silver Stationed Mini State Mississippi Pendant Necklace, 16""+2"" Extender",B00N1PDHSS.jpg,"a photo of a Sterling Silver Stationed Mini State Mississippi Pendant Necklace, 16""+2"" Extender",1,3,5046_img|4690_img|5303_img|5267_img|5084_img|5090_img|4648_img|5295_img|4839_img|4785_img|4875_img|4908_img|5174_img|5305_img|4728_img|4991_img|4535_img|5021_img|4752_img|5319_img
5268,HOME_FURNITURE_AND_DECOR,Movian,Plastic,"Amazon Brand - Movian Arendsee, Set of 2 Dining chairs, 55 x 48.5 x 85 cm (L x W x H), Black",B084T7Q7ND.jpg,"a photo of a Amazon Brand - Movian Arendsee, Set of 2 Dining chairs, 55 x 48.5 x 85 cm (L x W x H), Black",1,0,5268_img|4773_img|4523_img|4481_img|5351_img|4587_img|5064_img|4497_img|5534_img|5586_img|4977_img|5116_img|4542_img|4482_img|4526_img|4657_img|5185_img|4748_img|5552_img|5152_img
5269,KITCHEN,Amazon Brand - Solimo,Plastic,"Amazon Brand - Solimo Plastic Water Bottle Set with Flip Cap (Set of 3, 1L, Circular Pattern)",B07HCJPP17.jpg,"a photo of a Amazon Brand - Solimo Plastic Water Bottle Set with Flip Cap (Set of 3, 1L, Circular Pattern)",1,0,5269_img|5087_img|4984_img|5208_img|4669_img|5147_img|5154_img|5285_img|5236_img|5547_img|5437_img|4872_img|4734_img|5323_img|5014_img|5456_img|4563_img|4869_img|4709_img|5560_img
5270,HOME_BED_AND_BATH,Amazon Brand - Solimo,Cotton,"Amazon Brand - Solimo Water Resistant Cotton Single Mattress Protector 75""x36"" - Maroon",B07Q1XYLB3.jpg,"a photo of a Amazon Brand - Solimo Water Resistant Cotton Single Mattress Protector 75""x36"" - Maroon",1,1,5161_img|5270_img|4858_img|4678_img|5478_img|5592_img|4966_img|5169_img|5414_img|5308_img|5095_img|4546_img|4712_img|5362_img|5368_img|5029_img|4990_img|4640_img|4864_img|4565_img
5271,HOME_FURNITURE_AND_DECOR,Movian,Madera contrachapada,"Marca Amazon - Movian Bed Side Table, High Gloss White, Trumpet Foot Chrome",B07PPMB5F4.jpg,"a photo of a Marca Amazon - Movian Bed Side Table, High Gloss White, Trumpet Foot Chrome",1,2,5484_img|5327_img|5271_img|5189_img|5582_img|4770_img|4824_img|5282_img|5106_img|5534_img|5023_img|5583_img|4655_img|5261_img|5263_img|4761_img|5068_img|4917_img|5104_img|5205_img
5272,FINERING,Amazon Collection,pearl,"Sterling Silver Freshwater Cultured White Pearl and White Topaz Ring (9-9.5 mm), Size 7",B005J9K7E6.jpg,"a photo of a Sterling Silver Freshwater Cultured White Pearl and White Topaz Ring (9-9.5 mm), Size 7",1,0,5272_img|5544_img|4784_img|5182_img|5212_img|5434_img|4963_img|5106_img|5074_img|5392_img|5586_img|5489_img|4484_img|4616_img|4670_img|4664_img|4604_img|4590_img|4829_img|5168_img
5273,HOME_FURNITURE_AND_DECOR,Amazon Brand - Solimo,Plastic,"Amazon Brand - Solimo 12-inch Wall Clock - Delicate carvy (Silent Movement, Black Frame)",B08GKXQRHY.jpg,"a photo of a Amazon Brand - Solimo 12-inch Wall Clock - Delicate carvy (Silent Movement, Black Frame)",1,4,5441_img|5066_img|5180_img|5507_img|5273_img|5138_img|5301_img|5254_img|4826_img|4651_img|5056_img|5290_img|5526_img|4797_img|4726_img|4737_img|5340_img|4764_img|4867_img|5207_img
5274,HOME_BED_AND_BATH,Pinzon by Amazon,100% cotton,"Pinzon by Amazon 'Everyday' Drap-housse en coton, Lilas, 90 x 190 x 40 cm",B00MGSKC4S.jpg,"a photo of a Pinzon by Amazon 'Everyday' Drap-housse en coton, Lilas, 90 x 190 x 40 cm",1,1,4982_img|5274_img|4792_img|5595_img|5193_img|4995_img|4847_img|5148_img|5427_img|4928_img|5479_img|4838_img|4752_img|4962_img|4736_img|5095_img|5276_img|5296_img|4933_img|5317_img
5275,FINERING,Amazon Collection,Not applicableNot applicableNot applicableNot applicable,"Steeltime Men's 18k Gold Plated Our Father Prayer Spinner Band Ring, Size 10",B074HDJBB3.jpg,"a photo of a Steeltime Men's 18k Gold Plated Our Father Prayer Spinner Band Ring, Size 10",1,0,5275_img|5540_img|4842_img|4716_img|5444_img|4799_img|4735_img|5418_img|4551_img|4897_img|4892_img|4749_img|5576_img|4788_img|5173_img|4845_img|5160_img|5330_img|5559_img|4504_img
5276,HOME,UMI,100% Seide,"UMI Seide Kissenbezug 65x65cm aus 100% Maulbeerseide 25 Momme Kissenhulle fur Haar und Haut Hellblau, Reiverschluss, Doppelseitiger Seide",B08F9HDW6P.jpg,"a photo of a UMI Seide Kissenbezug 65x65cm aus 100% Maulbeerseide 25 Momme Kissenhulle fur Haar und Haut Hellblau, Reiverschluss, Doppelseitiger Seide",1,0,5276_img|4993_img|5302_img|4509_img|5201_img|4572_img|4953_img|5531_img|4962_img|4689_img|5267_img|5217_img|5286_img|5411_img|5469_img|4693_img|4831_img|4639_img|4967_img|5502_img
5277,WALL_ART,Stone & Beam,canvas,"Amazon Brand - Stone & Beam Modern Green on White Botanical Canvas Print Wall Art, 16"" x 24""",B073P17T9X.jpg,"a photo of a Amazon Brand - Stone & Beam Modern Green on White Botanical Canvas Print Wall Art, 16"" x 24""",1,0,5277_img|5536_img|4517_img|5328_img|4863_img|4699_img|5331_img|4959_img|4555_img|5503_img|5382_img|5421_img|4631_img|4913_img|4848_img|5002_img|5330_img|5554_img|4605_img|5599_img
5278,SOFA,Stone & Beam,wood,"Amazon Brand - Stone & Beam Andover Studio Sofa Couch, 78""W, Driftwood Leather",B07B4FW7H5.jpg,"a photo of a Amazon Brand - Stone & Beam Andover Studio Sofa Couch, 78""W, Driftwood Leather",1,1,5067_img|5278_img|5329_img|4696_img|5459_img|4599_img|4686_img|4950_img|4832_img|4678_img|5466_img|4866_img|5226_img|5514_img|4767_img|4695_img|5181_img|4946_img|5229_img|4616_img
5279,WALL_ART,Rivet,wood,"Amazon Brand - Rivet XO Gold Metalic Print Wall Art in White Wood Frame, 21"" x 15""",B073P17T1P.jpg,"a photo of a Amazon Brand - Rivet XO Gold Metalic Print Wall Art in White Wood Frame, 21"" x 15""",1,0,5279_img|5328_img|4516_img|4744_img|5550_img|5003_img|4732_img|5149_img|4501_img|4805_img|5126_img|4920_img|5449_img|5538_img|4614_img|5497_img|4688_img|4656_img|4944_img|5036_img
5280,FINENECKLACEBRACELETANKLET,Amazon Collection,METALLO,"Collana con ciondolo a forma di cuore, in argento Sterling, 45,7 cm,Infradito colorati estivi, con finte perline",B00Q2RO0DS.jpg,"a photo of a Collana con ciondolo a forma di cuore, in argento Sterling, 45,7 cm,Infradito colorati estivi, con finte perline",0,-1,5384_img|5026_img|4991_img|5537_img|5580_img|5190_img|4938_img|5229_img|5165_img|4648_img|5512_img|5562_img|5524_img|4839_img|5305_img|5353_img|4661_img|4610_img|4728_img|4794_img
5281,SHOES,Centrino,Synthetic,Centrino Men's Tan Fisherman Sandals-10 UK (44 EU) (11 US) (6101-03),B08C3CXXNH.jpg,a photo of a Centrino Men's Tan Fisherman Sandals-10 UK (44 EU) (11 US) (6101-03),1,3,5349_img|5203_img|4817_img|5281_img|5584_img|4946_img|5065_img|4504_img|5466_img|5579_img|5511_img|5457_img|5546_img|5155_img|4558_img|5105_img|5431_img|4895_img|5037_img|5079_img
5282,HOME_FURNITURE_AND_DECOR,Movian,Madera contrachapada,Sideboard with 2 doors and 5 drawers,B07NVHT626.jpg,a photo of a Sideboard with 2 doors and 5 drawers,1,0,5282_img|4746_img|5019_img|5205_img|5325_img|4505_img|4761_img|5149_img|5068_img|5320_img|5484_img|5263_img|4685_img|4917_img|5545_img|5092_img|4560_img|4733_img|5582_img|5106_img
5283,HOME_BED_AND_BATH,Pinzon by Amazon,100%_coton,"Pinzon by Amazon Ultrasoft Bettwascheset, Perkal, Grau - Wild Dove, 200x200 cm & 1 Kissenbezug (80 x 80 cm)",B00EQ5G2PC.jpg,"a photo of a Pinzon by Amazon Ultrasoft Bettwascheset, Perkal, Grau - Wild Dove, 200x200 cm & 1 Kissenbezug (80 x 80 cm)",1,0,5283_img|4623_img|4965_img|4689_img|5296_img|5200_img|5369_img|4674_img|5074_img|5148_img|5427_img|5356_img|5307_img|5422_img|5574_img|5240_img|4762_img|4667_img|4963_img|4942_img
5284,SHOES,Amazon Brand - Symbol,Polyester,Amazon Brand - Symbol Men's Navy Sneakers-10 (AZ-YS-201 B),B07913F3ZT.jpg,a photo of a Amazon Brand - Symbol Men's Navy Sneakers-10 (AZ-YS-201 B),1,1,5220_img|5284_img|4619_img|5125_img|5239_img|4681_img|5114_img|4766_img|4879_img|4789_img|4720_img|5047_img|4666_img|4796_img|4859_img|5093_img|5314_img|4886_img|5442_img|4565_img
5285,KITCHEN,Amazon Brand Solimo,Ceramic,"Amazon Brand - Solimo Dinnerware Set, 18 Pieces",B08BVK156S.jpg,"a photo of a Amazon Brand - Solimo Dinnerware Set, 18 Pieces",1,0,5285_img|4781_img|4780_img|4786_img|5594_img|4491_img|5235_img|5147_img|4538_img|4843_img|4774_img|5560_img|5191_img|4526_img|5020_img|5236_img|4662_img|5470_img|5367_img|4506_img
5286,FINENECKLACEBRACELETANKLET,Amazon Collection,crystal;,"Sterling Silver Swarovski Crystal Teardrop Pendant Necklace, 18""",B00MO43ABG.jpg,"a photo of a Sterling Silver Swarovski Crystal Teardrop Pendant Necklace, 18""",1,1,5482_img|5286_img|5090_img|5165_img|5280_img|4991_img|4728_img|4639_img|5303_img|5537_img|4989_img|4648_img|5046_img|5535_img|5395_img|5295_img|4483_img|5499_img|4547_img|5074_img
5287,CELLULAR_PHONE_CASE,Amazon Brand - Solimo,Silicone,Amazon Brand - Solimo Designer Girl Boss On Pink Sparkle UV Printed Soft Back Case Mobile Cover for Lyf Wind 7,B0853X922T.jpg,a photo of a Amazon Brand - Solimo Designer Girl Boss On Pink Sparkle UV Printed Soft Back Case Mobile Cover for Lyf Wind 7,1,0,5287_img|4659_img|5343_img|4578_img|5223_img|5590_img|4919_img|5063_img|4779_img|4972_img|4797_img|4929_img|4521_img|4833_img|5430_img|5353_img|4909_img|5370_img|5387_img|5395_img
5288,HOME,Pinzon by Amazon,Cotton,"Pinzon 200-Thread Count Percale Printed Kids Butterfly, Twin Sheet Set Dots",B003S3RF0Y.jpg,"a photo of a Pinzon 200-Thread Count Percale Printed Kids Butterfly, Twin Sheet Set Dots",1,0,5288_img|5054_img|5058_img|4723_img|4776_img|5591_img|5233_img|5144_img|4617_img|4956_img|5326_img|4721_img|5296_img|4525_img|5474_img|5425_img|5406_img|4522_img|5477_img|4965_img
5289,WALL_ART,Rivet,Wood,"Amazon Brand - Rivet Modern Gold Pyramid Triangle Print Wall Art, 30"" x 30"", Black Frame",B073P54PYL.jpg,"a photo of a Amazon Brand - Rivet Modern Gold Pyramid Triangle Print Wall Art, 30"" x 30"", Black Frame",1,0,5289_img|4707_img|5550_img|5003_img|5250_img|4635_img|4600_img|5449_img|5413_img|4730_img|5436_img|4630_img|5559_img|4688_img|4570_img|5333_img|5382_img|5563_img|5090_img|5257_img
5290,WALL_ART,Stone & Beam,canvas,"Amazon Brand - Stone & Beam Contemporary Gold on Brown Mandala Canvas Wall Art Print, 24"" x 24""",B073P13Q5D.jpg,"a photo of a Amazon Brand - Stone & Beam Contemporary Gold on Brown Mandala Canvas Wall Art Print, 24"" x 24""",1,0,5290_img|5330_img|4798_img|4551_img|5198_img|4683_img|4852_img|4884_img|4976_img|4612_img|5322_img|4676_img|5422_img|4615_img|5347_img|4985_img|5176_img|5170_img|4809_img|4845_img
5291,FINENECKLACEBRACELETANKLET,Amazon Collection,Not applicable,14k Yellow Gold Plated Swarovski Aqumarine Crystal Birthstone Pendant Necklace (March),B075SCZN2G.jpg,a photo of a 14k Yellow Gold Plated Swarovski Aqumarine Crystal Birthstone Pendant Necklace (March),1,1,5286_img|5291_img|4878_img|4989_img|4572_img|4618_img|4519_img|5089_img|5202_img|4483_img|4783_img|5165_img|4820_img|4547_img|5308_img|4932_img|4810_img|5499_img|5535_img|5336_img
5292,FINEEARRING,Amazon Collection,metal,10k White Gold Princess Diamond Stud Earrings (1/5 cttw),B004RE85GG.jpg,a photo of a 10k White Gold Princess Diamond Stud Earrings (1/5 cttw),1,0,5292_img|4697_img|5073_img|4816_img|5452_img|4954_img|4601_img|4508_img|4818_img|5183_img|5440_img|4896_img|4754_img|5044_img|4494_img|4850_img|5493_img|4592_img|4641_img|4891_img
5293,SHOES,The Fix,Leather,"Amazon Brand - The Fix Women's Garza Whipstitch Platform Dress Sandal, Black/Green, 6 B US",B01N6WECK9.jpg,"a photo of a Amazon Brand - The Fix Women's Garza Whipstitch Platform Dress Sandal, Black/Green, 6 B US",1,0,5293_img|5431_img|5546_img|5539_img|5264_img|5445_img|4618_img|4711_img|4647_img|4959_img|4863_img|4699_img|4483_img|5590_img|4653_img|4878_img|5598_img|5457_img|4882_img|5035_img
5294,SHOES,Amazon Brand - Symbol,Synthetic,Amazon Brand - Symbol Men's Black PU Formal Shoes - 10 UK (AZ-SY-441),B07WDYKY5K.jpg,a photo of a Amazon Brand - Symbol Men's Black PU Formal Shoes - 10 UK (AZ-SY-441),1,2,5588_img|5188_img|5294_img|5001_img|5410_img|5231_img|5234_img|5158_img|4597_img|4593_img|5511_img|5309_img|5488_img|5264_img|5133_img|4861_img|5496_img|5351_img|4685_img|4684_img
5295,FINENECKLACEBRACELETANKLET,Amazon Collection,Metal,"14k Yellow Gold 8mm Round Cubic Zirconia Solitaire Pendant Necklace (2 carat, Diamond Equivalent), 18""",B007VK6EW0.jpg,"a photo of a 14k Yellow Gold 8mm Round Cubic Zirconia Solitaire Pendant Necklace (2 carat, Diamond Equivalent), 18""",1,0,5295_img|5577_img|5084_img|5394_img|5090_img|5550_img|4690_img|5303_img|4785_img|5559_img|4875_img|5165_img|5131_img|4638_img|4729_img|5498_img|4547_img|4648_img|5319_img|4908_img
5296,HOME_BED_AND_BATH,AmazonBasics,100% Coton,"AmazonBasics Parure de lit Motif floral reversible : Housse de Couette 100 % coton, 200 x 200 cm & 2 Taies 80 X 80 cm",B00R45C8CC.jpg,"a photo of a AmazonBasics Parure de lit Motif floral reversible : Housse de Couette 100 % coton, 200 x 200 cm & 2 Taies 80 X 80 cm",1,2,5054_img|4525_img|5296_img|5058_img|5428_img|4617_img|5322_img|5288_img|5207_img|5240_img|4623_img|4884_img|5144_img|4965_img|5425_img|4676_img|5326_img|4723_img|5233_img|5041_img
5297,FINERING,Amazon Collection,Metal,"Amazon CollectionSterling Silver Diamond 3 Row Band Ring (1/2 cttw), Size 7",B00G9T0U42.jpg,"a photo of a Amazon CollectionSterling Silver Diamond 3 Row Band Ring (1/2 cttw), Size 7",0,-1,5533_img|5363_img|5444_img|5581_img|4716_img|4895_img|4710_img|4515_img|5543_img|5056_img|5558_img|5018_img|4799_img|4842_img|5128_img|5160_img|4494_img|4801_img|4910_img|4753_img
5298,CHAIR,Ravenna Home,Polyester,"Amazon Brand - Ravenna Home Connor Curved Back Club Accent Chair with Ottoman, 27.95""W, Mint Green",B07DBHPK2G.jpg,"a photo of a Amazon Brand - Ravenna Home Connor Curved Back Club Accent Chair with Ottoman, 27.95""W, Mint Green",1,0,5298_img|5598_img|4855_img|5151_img|4568_img|5037_img|4916_img|4793_img|5406_img|4863_img|4903_img|4777_img|5469_img|5315_img|5246_img|4488_img|4745_img|4670_img|5237_img|4711_img
5299,SOFA,Movian,Stoff,Amazon Brand - Movian Ticino - 2.5 Seater Sofa - 88 x 210 x 88 cm (L x W x H) - Light Grey,B07VQSW39Z.jpg,a photo of a Amazon Brand - Movian Ticino - 2.5 Seater Sofa - 88 x 210 x 88 cm (L x W x H) - Light Grey,1,0,5299_img|5178_img|4768_img|5344_img|4811_img|5244_img|4948_img|4804_img|4830_img|4594_img|5515_img|5028_img|4756_img|4608_img|5072_img|5490_img|4955_img|4757_img|5226_img|4870_img
5300,CHAIR,AmazonCommercial,Cuero falso,AmazonCommercial Silla ejecutiva ergonomica de Piel con Respaldo Alto con Brazos abatibles y Apoyo Lumbar (renovado),B082X3MMFS.jpg,a photo of a AmazonCommercial Silla ejecutiva ergonomica de Piel con Respaldo Alto con Brazos abatibles y Apoyo Lumbar (renovado),1,7,4964_img|4873_img|4657_img|5009_img|5123_img|4760_img|5031_img|5300_img|4855_img|4664_img|4793_img|5315_img|5346_img|4823_img|4968_img|5145_img|4903_img|5258_img|5052_img|4703_img
5301,HOME_FURNITURE_AND_DECOR,Amazon Brand - Solimo,Plastic,"Amazon Brand - Solimo 12-inch Wall Clock - Classy (Silent Movement, Black Frame)",B08GL14J72.jpg,"a photo of a Amazon Brand - Solimo 12-inch Wall Clock - Classy (Silent Movement, Black Frame)",1,2,5180_img|5066_img|5301_img|5138_img|5507_img|5441_img|5273_img|5254_img|4826_img|4651_img|4726_img|4552_img|5056_img|4764_img|4782_img|4482_img|4630_img|5116_img|5526_img|4624_img
5302,HOME,UMI,100% Seide,"UMI 22 Momme Seidenkissenbezug 40x80cm 1 Stuck, Seide Kissenbezug fur Haar und Haut Wei, Beidseitig 100% Seide",B08F9S2RYD.jpg,"a photo of a UMI 22 Momme Seidenkissenbezug 40x80cm 1 Stuck, Seide Kissenbezug fur Haar und Haut Wei, Beidseitig 100% Seide",1,0,5302_img|5276_img|4509_img|5411_img|4993_img|4837_img|4696_img|5078_img|4953_img|5531_img|4875_img|4959_img|5521_img|5280_img|5217_img|4913_img|5319_img|5498_img|5508_img|5061_img
5303,FINENECKLACEBRACELETANKLET,Amazon Collection,Metal,"Sterling Silver Stationed Mini State Connecticut Pendant Necklace, 16""+2"" Extender",B00N1PD5DA.jpg,"a photo of a Sterling Silver Stationed Mini State Connecticut Pendant Necklace, 16""+2"" Extender",1,2,5046_img|4690_img|5303_img|5267_img|5084_img|5090_img|4648_img|4839_img|5305_img|4785_img|4875_img|4728_img|4991_img|4908_img|5295_img|5174_img|4752_img|5319_img|4924_img|4679_img
5304,HOME_FURNITURE_AND_DECOR,Stone & Beam,stone,"Amazon Brand - Stone & Beam Leila Ottoman, 34"" W, Sandstone",B075X543S4.jpg,"a photo of a Amazon Brand - Stone & Beam Leila Ottoman, 34"" W, Sandstone",1,0,5304_img|5555_img|4750_img|5489_img|5238_img|5530_img|5390_img|4662_img|5399_img|5335_img|5226_img|5459_img|5350_img|4616_img|5560_img|5419_img|4529_img|4978_img|5191_img|5083_img
5305,FINENECKLACEBRACELETANKLET,Amazon Collection,Metal,"Sterling Silver Cubic Zirconia""Faith Hope Love"" Cross Pendant Necklace, 18""",B008D9BEJG.jpg,"a photo of a Sterling Silver Cubic Zirconia""Faith Hope Love"" Cross Pendant Necklace, 18""",1,13,5295_img|5090_img|4638_img|5084_img|4735_img|4875_img|5524_img|4648_img|5512_img|5073_img|5203_img|5562_img|5292_img|5305_img|4839_img|5452_img|5065_img|5319_img|5577_img|5440_img
5306,HOME_BED_AND_BATH,Amazon Brand - Solimo,Polyester,"Amazon Brand - Solimo Thimbleberry Door Curtain, 7 feet - Set of 2 (Cocoa Brown)",B07FQZMZLX.jpg,"a photo of a Amazon Brand - Solimo Thimbleberry Door Curtain, 7 feet - Set of 2 (Cocoa Brown)",1,1,4588_img|5306_img|4622_img|4560_img|5126_img|5416_img|5337_img|4934_img|4920_img|5208_img|4513_img|5528_img|4557_img|4573_img|4936_img|4946_img|4798_img|5352_img|4758_img|4940_img
5307,FINEEARRING,Amazon Collection,Not applicable,Amazon CollectionRhodium Plated Sterling Silver Round Lab-Created White Sapphire 3mm Flower Stud Earrings,B01M9A4TXW.jpg,a photo of a Amazon CollectionRhodium Plated Sterling Silver Round Lab-Created White Sapphire 3mm Flower Stud Earrings,1,0,5307_img|5597_img|5207_img|4508_img|5452_img|5330_img|4931_img|5596_img|4675_img|5571_img|5044_img|5534_img|4818_img|4692_img|4884_img|5428_img|4970_img|4676_img|5586_img|4816_img
5308,FINENECKLACEBRACELETANKLET,Amazon Collection,metal,"Collier avec pendentif boule en cristal Swarovski 10 carats 45,7 cm,Rouge",B017BQUVQI.jpg,"a photo of a Collier avec pendentif boule en cristal Swarovski 10 carats 45,7 cm,Rouge",1,0,5308_img|5354_img|5537_img|4820_img|5286_img|4810_img|5026_img|5172_img|5384_img|5303_img|4546_img|5453_img|5319_img|5475_img|5458_img|5165_img|5090_img|4878_img|4547_img|5280_img
5309,SHOES,Amazon Brand - Symbol,Leather,Amazon Brand - Symbol Men's Leather Formal Driver shoes - 9 UK/India (43 EU)(AZ-WS-123A),B075T4R6QF.jpg,a photo of a Amazon Brand - Symbol Men's Leather Formal Driver shoes - 9 UK/India (43 EU)(AZ-WS-123A),1,15,5234_img|4597_img|5423_img|5158_img|5231_img|5188_img|5410_img|5588_img|5001_img|4593_img|5294_img|4632_img|5466_img|5155_img|4684_img|5309_img|5445_img|5281_img|4696_img|4558_img
5310,HOME_BED_AND_BATH,Pinzon by Amazon,Melange Cotton Yarn,"Pinzon by Amazon Spannbetttuch, Jersey, Blau Chambray-meliert, 160 x 200 x 30 cm",B00MHV2A30.jpg,"a photo of a Pinzon by Amazon Spannbetttuch, Jersey, Blau Chambray-meliert, 160 x 200 x 30 cm",1,0,5310_img|5502_img|4962_img|5228_img|4495_img|4992_img|5365_img|4708_img|5335_img|4942_img|5105_img|5595_img|4789_img|4891_img|5389_img|4831_img|4835_img|4693_img|5284_img|4952_img
5311,HOME_FURNITURE_AND_DECOR,Amazon Brand - Solimo,PVC Vinyl,"Amazon Brand - Solimo Wall Sticker for Living Room (Botanical Art, Ideal Size on Wall: 115 x 120 cm)",B076VG9DNZ.jpg,"a photo of a Amazon Brand - Solimo Wall Sticker for Living Room (Botanical Art, Ideal Size on Wall: 115 x 120 cm)",1,4,5428_img|5277_img|5240_img|5536_img|5311_img|5129_img|4517_img|5076_img|4884_img|4566_img|5446_img|5369_img|5571_img|5574_img|4653_img|5330_img|4623_img|5207_img|5296_img|5596_img
5312,SHOES,Fusefit,Mesh,Fusefit Women's Olivia White/Pink Running Shoes-6 UK (39 EU) (7 US) (FFR-397_6),B081D7RHYR.jpg,a photo of a Fusefit Women's Olivia White/Pink Running Shoes-6 UK (39 EU) (7 US) (FFR-397_6),1,3,5430_img|4511_img|4833_img|5312_img|4824_img|5590_img|5487_img|5370_img|5387_img|5457_img|5402_img|4546_img|4849_img|4653_img|5095_img|4909_img|4847_img|5212_img|4731_img|5100_img
5313,HOME_FURNITURE_AND_DECOR,Movian,Fabric,"Marque Amazon - Movian Galga - Repose-pieds en tissu Rio, 53 x 53 x 42 cm (longueur x largeur x hauteur), Anthracite",B07VSTGXZ2.jpg,"a photo of a Marque Amazon - Movian Galga - Repose-pieds en tissu Rio, 53 x 53 x 42 cm (longueur x largeur x hauteur), Anthracite",1,0,5313_img|5049_img|4837_img|4768_img|5072_img|5490_img|5398_img|5595_img|4899_img|4773_img|5321_img|4523_img|5299_img|5268_img|5399_img|4823_img|5064_img|5031_img|5488_img|5123_img
5314,SHOES,Klepe,Mesh,Klepe Men's D.Navy Flyknit with Memory Foam Running Shoes-6 UK (40 EU) (7 US) (A00/NVY),B07XDY16SJ.jpg,a photo of a Klepe Men's D.Navy Flyknit with Memory Foam Running Shoes-6 UK (40 EU) (7 US) (A00/NVY),1,2,5199_img|5093_img|5314_img|4802_img|5239_img|5125_img|4879_img|5587_img|5004_img|5114_img|5143_img|4681_img|4789_img|4564_img|4861_img|5284_img|5220_img|4708_img|5487_img|4666_img
5315,CHAIR,Ravenna Home,Textile,"Amazon Brand - Ravenna Home Swivel Glider Recliner Chair, 35""W, Black",B085FGSHR3.jpg,"a photo of a Amazon Brand - Ravenna Home Swivel Glider Recliner Chair, 35""W, Black",1,2,5052_img|5300_img|5315_img|5553_img|4568_img|5511_img|4657_img|4840_img|4552_img|4726_img|4964_img|5037_img|4837_img|4980_img|5298_img|5133_img|5526_img|5351_img|5403_img|4790_img
5316,HOME,UMI,Tissu,Umi. Essentials Rideaux avec Revetement Occultant Isolants Thermique a Oeillets avec Couche de Mousse Rideau pour Chambre 2 Pieces 117x138cm Blanc Pale Gris,B07L1KNWXH.jpg,a photo of a Umi. Essentials Rideaux avec Revetement Occultant Isolants Thermique a Oeillets avec Couche de Mousse Rideau pour Chambre 2 Pieces 117x138cm Blanc Pale Gris,1,0,5316_img|5200_img|4961_img|5198_img|5352_img|5586_img|5534_img|5493_img|5569_img|4674_img|4527_img|4754_img|4999_img|4586_img|5144_img|4714_img|4623_img|5426_img|4770_img|5116_img
5317,HOME,Unknown,Cotton-Voile,"Pinzon 100-Percent Cotton Printed Full/Queen Quilt Set, Taupe Damask",B007K6XS7Y.jpg,"a photo of a Pinzon 100-Percent Cotton Printed Full/Queen Quilt Set, Taupe Damask",1,16,4626_img|5509_img|5569_img|5144_img|5054_img|4798_img|5326_img|5058_img|4718_img|5233_img|4911_img|5591_img|5593_img|5211_img|4852_img|5242_img|5317_img|5288_img|5194_img|5022_img
5318,WALL_ART,Stone & Beam,Paper,"Amazon Brand - Stone & Beam Country Rustic Rooster Print I Wall Art Decor - 19"" x 23"" Frame, Black Barnwood",B075YLXYKF.jpg,"a photo of a Amazon Brand - Stone & Beam Country Rustic Rooster Print I Wall Art Decor - 19"" x 23"" Frame, Black Barnwood",1,0,5318_img|4812_img|4904_img|4533_img|5448_img|4621_img|4996_img|4815_img|4913_img|5328_img|4920_img|5549_img|5099_img|5338_img|5117_img|4614_img|5222_img|5197_img|4630_img|4740_img
5319,FINENECKLACEBRACELETANKLET,Amazon Collection,metal,"Rose-Gold-Plated Sterling Silver Princess-Cut Solitaire Pendant Necklace made with Swarovski Zirconia (8mm), 18""",B00NFSDZ1U.jpg,"a photo of a Rose-Gold-Plated Sterling Silver Princess-Cut Solitaire Pendant Necklace made with Swarovski Zirconia (8mm), 18""",1,0,5319_img|4875_img|4896_img|5295_img|5090_img|5179_img|5506_img|5084_img|4853_img|5303_img|4648_img|4841_img|4729_img|5267_img|4592_img|4797_img|5577_img|5206_img|5450_img|5190_img
5320,HOME_FURNITURE_AND_DECOR,Rivet,wood,"Amazon Brand - Rivet Mid-Century Modern Wood Media TV Console Stand Table, 59""H, White &amp; Gray",B07B7DMPX7.jpg,"a photo of a Amazon Brand - Rivet Mid-Century Modern Wood Media TV Console Stand Table, 59""H, White &amp; Gray",1,8,4535_img|5189_img|4801_img|5023_img|4935_img|5484_img|5263_img|5068_img|5320_img|4770_img|5017_img|5112_img|5164_img|4907_img|5282_img|5327_img|5205_img|5106_img|5582_img|4655_img
5321,HOME,UMI,cotton-blend,"UMI Brushed Cotton Blended 1 Fitted Sheet Only, Dark Grey, Super King",B07T2DJCQC.jpg,"a photo of a UMI Brushed Cotton Blended 1 Fitted Sheet Only, Dark Grey, Super King",1,0,5321_img|5595_img|4942_img|4672_img|4495_img|5038_img|4899_img|5049_img|5313_img|4591_img|4835_img|4962_img|4966_img|5169_img|4978_img|5310_img|4701_img|4921_img|5228_img|4949_img
5322,HOME_FURNITURE_AND_DECOR,Stone & Beam,Lana,Stone & Beam Heidi - Alfombra de lana floral,B07GHTQSH4.jpg,a photo of a Stone & Beam Heidi - Alfombra de lana floral,1,1,4525_img|5322_img|5054_img|5058_img|5194_img|4676_img|5566_img|5207_img|4617_img|4718_img|4663_img|5108_img|5176_img|5370_img|5387_img|5330_img|4569_img|5509_img|4650_img|5290_img
5323,KITCHEN,Amazon Brand - Solimo,Stainless Steel,Amazon Brand - Solimo Stainless Steel 2-Piece Tope Set Without Lid,B072WWWNZQ.jpg,a photo of a Amazon Brand - Solimo Stainless Steel 2-Piece Tope Set Without Lid,1,0,5323_img|4754_img|5088_img|4500_img|4543_img|5124_img|5245_img|5208_img|5102_img|5385_img|5236_img|4671_img|4821_img|5440_img|4719_img|5518_img|5437_img|5107_img|5341_img|4524_img
5324,SHOES,CARE OF by PUMA,Leather,"CARE OF by PUMA Women's Leather Platform Low-Top Trainers, Beige, US 7",B07R8GCC6R.jpg,"a photo of a CARE OF by PUMA Women's Leather Platform Low-Top Trainers, Beige, US 7",1,0,5324_img|5463_img|4613_img|5579_img|5379_img|5457_img|5431_img|5430_img|4882_img|4871_img|4766_img|4653_img|5525_img|4888_img|4720_img|4504_img|5112_img|4676_img|5034_img|4976_img
5325,HOME_FURNITURE_AND_DECOR,Movian,Legno,Movian GW-CETANO Shoe Cabinet 3759,B085218R4G.jpg,a photo of a Movian GW-CETANO Shoe Cabinet 3759,1,3,4746_img|4761_img|4925_img|5325_img|5205_img|5149_img|4733_img|5019_img|5057_img|5092_img|5484_img|5282_img|4685_img|4751_img|4505_img|5582_img|5460_img|5263_img|5545_img|5126_img
5326,HOME_BED_AND_BATH,Amazon Brand - Solimo,Microfibre,"Amazon Brand - Solimo 100% Cotton Printed Comforter, Double (Fuzzy Strings, 200GSM)",B07HK9M5QX.jpg,"a photo of a Amazon Brand - Solimo 100% Cotton Printed Comforter, Double (Fuzzy Strings, 200GSM)",1,4,5144_img|5233_img|5058_img|5061_img|5326_img|5054_img|5569_img|5426_img|4626_img|4617_img|5215_img|5554_img|4509_img|5288_img|4852_img|5132_img|5297_img|5411_img|5591_img|5455_img
5327,TABLE,Ravenna Home,Pine,"Amazon Brand - Ravenna Home Traditional Solid Pine End Table, 23.62""W, Oak Finish",B07M6PKCPV.jpg,"a photo of a Amazon Brand - Ravenna Home Traditional Solid Pine End Table, 23.62""W, Oak Finish",1,7,5186_img|5192_img|4531_img|4718_img|5451_img|4552_img|4886_img|5327_img|4542_img|5255_img|5583_img|5189_img|4585_img|4513_img|5575_img|5104_img|5154_img|5526_img|5051_img|5549_img
5328,WALL_ART,Rivet,Wood,"Amazon Brand - Rivet Life is Beautiful Hanging Plants Print Wall Art in Gray Wood Frame, 30.5"" x 40.5""",B073P1GGRK.jpg,"a photo of a Amazon Brand - Rivet Life is Beautiful Hanging Plants Print Wall Art in Gray Wood Frame, 30.5"" x 40.5""",1,0,5328_img|5536_img|5277_img|4517_img|5382_img|4630_img|5436_img|4624_img|4614_img|4744_img|5421_img|4887_img|4673_img|4920_img|5497_img|4501_img|4805_img|4635_img|5449_img|5250_img
5329,SOFA,Stone & Beam,Leather,"Amazon Brand - Stone & Beam Brandeberry Leather Sofa, 82""W, Saddle",B07B4NW6PY.jpg,"a photo of a Amazon Brand - Stone & Beam Brandeberry Leather Sofa, 82""W, Saddle",1,0,5329_img|4696_img|5067_img|5278_img|4678_img|5459_img|4832_img|5553_img|5514_img|5226_img|5097_img|5259_img|4980_img|4686_img|4616_img|5578_img|4950_img|5079_img|4727_img|5384_img
5330,WALL_ART,Rivet,Wood,"Amazon Brand - Rivet Side View Black, White and Gold Floral Canvas Print Wall Art Decor, 24"" x 24""",B073P1BVBS.jpg,"a photo of a Amazon Brand - Rivet Side View Black, White and Gold Floral Canvas Print Wall Art Decor, 24"" x 24""",1,0,5330_img|4852_img|4884_img|5425_img|5290_img|4676_img|5207_img|4551_img|5198_img|4976_img|4615_img|4809_img|5428_img|5571_img|5076_img|5536_img|5503_img|5596_img|4931_img|5322_img
5331,WALL_ART,Rivet,Wood,"Amazon Brand - Rivet Abstract Green Rippling Watercolor River on Wood, 16"" x 20""",B073P6LBBZ.jpg,"a photo of a Amazon Brand - Rivet Abstract Green Rippling Watercolor River on Wood, 16"" x 20""",1,1,4517_img|5331_img|4741_img|4625_img|4715_img|4711_img|5237_img|5197_img|4621_img|4959_img|5435_img|5277_img|4996_img|4485_img|4903_img|4533_img|4863_img|4787_img|5355_img|4631_img
5332,SOFA,Rivet,Wood,"Amazon Brand - Rivet Sloane Mid-Century Modern Sofa with Tufted Back, 79.9""W, Yellow",B07P8ST3G9.jpg,"a photo of a Amazon Brand - Rivet Sloane Mid-Century Modern Sofa with Tufted Back, 79.9""W, Yellow",1,0,5332_img|5433_img|4608_img|4806_img|4914_img|4811_img|4868_img|4808_img|4510_img|5515_img|5344_img|5485_img|4594_img|4799_img|5598_img|4756_img|5538_img|4519_img|4643_img|4518_img
5333,RUG,Stone & Beam,wool,"Amazon Brand - Stone & Beam Casual Geometric Wool Area Rug, 10' 6"" x 8', Ivory",B07B4SMR2G.jpg,"a photo of a Amazon Brand - Stone & Beam Casual Geometric Wool Area Rug, 10' 6"" x 8', Ivory",1,0,5333_img|4930_img|5260_img|5501_img|4957_img|5010_img|5238_img|4555_img|4719_img|5156_img|5127_img|5468_img|4609_img|5261_img|5504_img|5464_img|5390_img|4581_img|4713_img|4605_img
5334,CELLULAR_PHONE_CASE,Amazon Brand - Solimo,Silicone,Amazon Brand - Solimo Designer Panda Texture UV Printed Soft Back Case Mobile Cover for Mi Redmi Note 5 Pro,B0856B6VXS.jpg,a photo of a Amazon Brand - Solimo Designer Panda Texture UV Printed Soft Back Case Mobile Cover for Mi Redmi Note 5 Pro,1,0,5334_img|4654_img|5230_img|4722_img|4691_img|4927_img|4941_img|5221_img|5561_img|5091_img|4604_img|5210_img|5209_img|4947_img|4607_img|4900_img|5477_img|5207_img|4743_img|5042_img
5335,HOME_BED_AND_BATH,Pinzon by Amazon,jarse,"Pinzon Heather Jersey Fitted Sheet, Oatmeal Heather, jarse, Hellbeige-meliert, 200x200x20",B00MHUX1TS.jpg,"a photo of a Pinzon Heather Jersey Fitted Sheet, Oatmeal Heather, jarse, Hellbeige-meliert, 200x200x20",1,0,5335_img|5228_img|5366_img|5310_img|5491_img|5390_img|5600_img|5256_img|5357_img|5430_img|5166_img|5252_img|4545_img|5191_img|4882_img|5489_img|4633_img|5538_img|4871_img|5204_img
5336,FINERING,Amazon Collection,metal,Platinum-Plated Sterling Silver Swarovski Zirconia Antique Round-Cut and Created Sapphire Ring size 6,B01IT0PPLG.jpg,a photo of a Platinum-Plated Sterling Silver Swarovski Zirconia Antique Round-Cut and Created Sapphire Ring size 6,1,0,5336_img|4683_img|5089_img|5576_img|4819_img|5286_img|4874_img|4989_img|4518_img|4912_img|4820_img|4694_img|4932_img|4783_img|5051_img|4515_img|4840_img|5291_img|4536_img|5409_img
5337,HOME_BED_AND_BATH,AmazonBasics,bronze,"AmazonBasics Round Capped Finial with 1"" Curtain Rod - 36-72"", Espresso (Dark Bronze)",B07MNBLKC1.jpg,"a photo of a AmazonBasics Round Capped Finial with 1"" Curtain Rod - 36-72"", Espresso (Dark Bronze)",1,0,5337_img|5416_img|4758_img|4865_img|5216_img|5493_img|5116_img|5170_img|5467_img|4588_img|5021_img|4850_img|4499_img|4977_img|5157_img|4667_img|4490_img|4726_img|5266_img|5599_img
5338,WALL_ART,Rivet,canvas,"Amazon Brand - Rivet Canvas Print of Horses Grazing in Desert Southwest, 36"" x 24""",B073P19TF6.jpg,"a photo of a Amazon Brand - Rivet Canvas Print of Horses Grazing in Desert Southwest, 36"" x 24""",1,1,5099_img|5338_img|4812_img|5448_img|4740_img|5042_img|4815_img|5222_img|4730_img|4631_img|4913_img|5449_img|5436_img|4985_img|4904_img|5307_img|4679_img|4551_img|4976_img|4485_img
5339,CELLULAR_PHONE_CASE,Amazon Brand - Solimo,Silicon,Amazon Brand - Solimo Designer Dark Night Park UV Printed Soft Back Case Mobile Cover for Itel A25,B0853WJXBK.jpg,a photo of a Amazon Brand - Solimo Designer Dark Night Park UV Printed Soft Back Case Mobile Cover for Itel A25,1,0,5339_img|4537_img|4589_img|4648_img|4943_img|4794_img|5461_img|4540_img|5084_img|4894_img|5498_img|4854_img|4951_img|4825_img|5222_img|4900_img|5319_img|5414_img|4554_img|4514_img
5340,HOME,Rivet,Glass,"Amazon Brand - Rivet Round Glass Hanging Wall Mirror, 30 Inch Height, Weathered Finish",B071NHTQ26.jpg,"a photo of a Amazon Brand - Rivet Round Glass Hanging Wall Mirror, 30 Inch Height, Weathered Finish",1,0,5340_img|4989_img|5017_img|4600_img|5139_img|5198_img|4836_img|5422_img|5055_img|4903_img|4580_img|5508_img|4764_img|5170_img|4483_img|4955_img|5494_img|5395_img|4608_img|4759_img
5341,TABLE,UMI,Wood,"UMI. by Amazon Round Nest of Tables, Small White Coffee Side Tables with Wood Top Set of 2 for Living Room",B0861YZY3F.jpg,"a photo of a UMI. by Amazon Round Nest of Tables, Small White Coffee Side Tables with Wood Top Set of 2 for Living Room",1,2,5534_img|5586_img|5341_img|5323_img|5560_img|4714_img|4549_img|5107_img|4542_img|5327_img|5024_img|4524_img|4586_img|5268_img|5249_img|4781_img|5192_img|4523_img|5185_img|5285_img
5342,RUG,Stone & Beam,stone,"Amazon Brand - Stone & Beam Mid-Century Modern Blooming Medallion Rug, 8' x 10', Dark Grey",B0723DD7Z6.jpg,"a photo of a Amazon Brand - Stone & Beam Mid-Century Modern Blooming Medallion Rug, 8' x 10', Dark Grey",1,1,4704_img|5342_img|4569_img|4676_img|5400_img|5207_img|4901_img|4596_img|5322_img|5194_img|4970_img|5510_img|4884_img|5465_img|5330_img|5127_img|5051_img|5360_img|5566_img|5164_img
5343,CELLULAR_PHONE_CASE,Amazon Brand - Solimo,Silicon,Amazon Brand - Solimo Designer Sparkle Girl Boss UV Printed Soft Back Case Mobile Cover for Huawei Honor 9 Lite,B08569KZRS.jpg,a photo of a Amazon Brand - Solimo Designer Sparkle Girl Boss UV Printed Soft Back Case Mobile Cover for Huawei Honor 9 Lite,1,2,5287_img|4659_img|5343_img|4578_img|4919_img|5223_img|5210_img|4972_img|5063_img|4634_img|5561_img|5230_img|5098_img|5590_img|5395_img|4975_img|4779_img|4528_img|4941_img|5033_img
5344,SOFA,Movian,Polyester,"Marque Amazon - Movian Brunnan - Canape 3 places, 225 x 94 x 84 cm, Gris fonce",B075NRBB8T.jpg,"a photo of a Marque Amazon - Movian Brunnan - Canape 3 places, 225 x 94 x 84 cm, Gris fonce",1,4,4811_img|5299_img|5178_img|5244_img|5344_img|4608_img|4594_img|4768_img|4868_img|4757_img|4510_img|4756_img|4955_img|4830_img|5028_img|5072_img|5490_img|5383_img|4948_img|4804_img
5345,TABLE,Alkove,Buche,Amazon Brand - Alkove - Hayes - Modern Coffee Table with Shelf - Beech Heartwood,B07K7K7GR1.jpg,a photo of a Amazon Brand - Alkove - Hayes - Modern Coffee Table with Shelf - Beech Heartwood,1,1,4652_img|5345_img|5401_img|5094_img|4907_img|5181_img|5600_img|5549_img|4860_img|5391_img|5080_img|4602_img|5486_img|5184_img|5460_img|4516_img|5396_img|4544_img|4788_img|4662_img
5346,CHAIR,AmazonBasics,zilver,AmazonBasics Extra Comfort Executive stoel met hoge rugleuning met opklapbare armen en Lumbar-ondersteuning Uitvoerend High Back BRON,B07VC3QP7G.jpg,a photo of a AmazonBasics Extra Comfort Executive stoel met hoge rugleuning met opklapbare armen en Lumbar-ondersteuning Uitvoerend High Back BRON,1,11,4873_img|4964_img|4657_img|5031_img|5009_img|4968_img|4823_img|5123_img|4760_img|4664_img|4487_img|5346_img|5300_img|5145_img|4903_img|4703_img|5315_img|4488_img|5477_img|5266_img
5347,WALL_ART,Stone & Beam,wood,"Amazon Brand - Stone & Beam Modern 9-Piece Mural of Balloons and Eiffel Tower Wall Art on Wood, 48"" x 48""",B073P5FM7V.jpg,"a photo of a Amazon Brand - Stone & Beam Modern 9-Piece Mural of Balloons and Eiffel Tower Wall Art on Wood, 48"" x 48""",1,0,5347_img|5563_img|4918_img|5118_img|4999_img|4631_img|5109_img|4884_img|5027_img|4566_img|5020_img|4629_img|5060_img|5076_img|4867_img|4737_img|4985_img|4624_img|4644_img|4889_img
5348,SOFA,Ravenna Home,Velvet,"Amazon Brand - Ravenna Home Westcott Tufted Loveseat Sofa Couch, 60""W, Cream Velvet",B07MFYTSHL.jpg,"a photo of a Amazon Brand - Ravenna Home Westcott Tufted Loveseat Sofa Couch, 60""W, Cream Velvet",1,0,5348_img|5489_img|4616_img|4608_img|4518_img|5120_img|4824_img|5189_img|5390_img|5212_img|5459_img|4510_img|5327_img|4732_img|5471_img|4777_img|5226_img|5304_img|5569_img|5332_img
5349,SHOES,Centrino,Synthetic,Centrino Men's Chiku Fisherman Sandals-9 UK (43 EU) (10 US) (6111-03),B08C3BS9WH.jpg,a photo of a Centrino Men's Chiku Fisherman Sandals-9 UK (43 EU) (10 US) (6111-03),1,0,5349_img|4817_img|5511_img|5065_img|5203_img|4946_img|5445_img|5281_img|4911_img|5584_img|5293_img|5309_img|4558_img|4504_img|4954_img|4575_img|4628_img|4708_img|5060_img|5140_img
5350,TABLE,Stone & Beam,pine,"Amazon Brand - Stone & Beam Roland Metal X-Frame Console Hallway Table, 24"" W, Pine",B075ZCLPS1.jpg,"a photo of a Amazon Brand - Stone & Beam Roland Metal X-Frame Console Hallway Table, 24"" W, Pine",1,7,5192_img|5549_img|5460_img|5396_img|4860_img|5080_img|5186_img|5350_img|5486_img|5104_img|5107_img|4788_img|5053_img|5149_img|5599_img|5115_img|5113_img|5391_img|5255_img|4542_img
5351,CHAIR,Pinzon by Amazon,Leather,"Pinzon Kinzie Leather Dining Chair, Black, Set of 2",B001BQ1PWY.jpg,"a photo of a Pinzon Kinzie Leather Dining Chair, Black, Set of 2",1,0,5351_img|5553_img|4773_img|5268_img|4481_img|5300_img|4748_img|4980_img|4542_img|4523_img|4497_img|4837_img|5116_img|4587_img|4977_img|5133_img|5073_img|4727_img|5037_img|4482_img
5352,HOME,UMI,Stoff,"Umi.Essentials Blackout Curtains with Foam Coated, 180x140",B07KZVMXHH.jpg,"a photo of a Umi.Essentials Blackout Curtains with Foam Coated, 180x140",1,2,5359_img|5316_img|5352_img|5200_img|5006_img|4801_img|5508_img|4709_img|5569_img|5493_img|4915_img|5380_img|5144_img|5198_img|5120_img|5568_img|4530_img|4758_img|4501_img|4805_img
5353,FINEEARRING,Amazon Collection,metall,Sterling silver Swarovski zirkonia hjarta vintage tema dropporhangen,B01IQU0B6S.jpg,a photo of a Sterling silver Swarovski zirkonia hjarta vintage tema dropporhangen,0,-1,5063_img|4626_img|4798_img|4683_img|4628_img|4694_img|5211_img|5419_img|5407_img|5395_img|5089_img|4797_img|5281_img|4926_img|4810_img|4600_img|4922_img|4817_img|4986_img|4531_img
5354,FINENECKLACEBRACELETANKLET,Amazon Collection,feinstes Material,"Halskette mit Anhanger""You and Me"", versilbert, Kristall, 45,7 cm,marienkafer",B01LXLGBYY.jpg,"a photo of a Halskette mit Anhanger""You and Me"", versilbert, Kristall, 45,7 cm,marienkafer",0,-1,4494_img|5580_img|4839_img|5026_img|5494_img|5055_img|5082_img|4855_img|5090_img|4648_img|4849_img|4737_img|5395_img|5524_img|5361_img|4797_img|4618_img|4959_img|5280_img|4600_img
5355,HOME_BED_AND_BATH,Pinzon by Amazon,100% cotton,"Pinzon by Amazon 'Everyday' Spannbetttuch, Baumwolle, 180 x 200 x 30 cm - Grun",B00MGSGX6O.jpg,"a photo of a Pinzon by Amazon 'Everyday' Spannbetttuch, Baumwolle, 180 x 200 x 30 cm - Grun",1,1,4787_img|5355_img|5471_img|4674_img|4982_img|5274_img|5417_img|4838_img|5598_img|5148_img|5427_img|4863_img|4711_img|4532_img|5414_img|4653_img|5219_img|5595_img|5435_img|4547_img
5356,CHAIR,Stone & Beam,stone,"Amazon Brand - Stone & Beam Cameron Classic Oversized Chair, 32""W, Pewter",B075X4F5NY.jpg,"a photo of a Amazon Brand - Stone & Beam Cameron Classic Oversized Chair, 32""W, Pewter",1,0,5356_img|5211_img|4969_img|4628_img|4568_img|5529_img|5246_img|4531_img|5166_img|5403_img|5052_img|5483_img|4695_img|4749_img|5495_img|4980_img|4948_img|4916_img|5555_img|5050_img
5357,RUG,Rivet,sisal,"Rivet Woven Bordered Sisal Area Rug, 5 x 7 Foot, Charcoal",B071J4VX9H.jpg,"a photo of a Rivet Woven Bordered Sisal Area Rug, 5 x 7 Foot, Charcoal",1,1,4672_img|5357_img|5256_img|5218_img|5464_img|5462_img|5313_img|5331_img|5376_img|5397_img|5070_img|5321_img|4934_img|4866_img|5510_img|5265_img|5415_img|4609_img|4899_img|5467_img
5358,KITCHEN,Amazon Brand - Solimo,Aluminium,Amazon Brand - Solimo Non-Stick 2-Piece Kitchen Set; Flat Tawa (25cm) & Fry Pan (24cm/1.7L) - Induction & Gas Compatible,B01ABXUNPC.jpg,a photo of a Amazon Brand - Solimo Non-Stick 2-Piece Kitchen Set; Flat Tawa (25cm) & Fry Pan (24cm/1.7L) - Induction & Gas Compatible,1,0,5358_img|5552_img|5513_img|4725_img|4526_img|4587_img|4542_img|4898_img|5236_img|4774_img|5185_img|5020_img|5012_img|4497_img|5585_img|5470_img|5285_img|5354_img|4748_img|4640_img
5359,HOME_BED_AND_BATH,AmazonBasics,Cotton,"AmazonBasics Fast Drying, Extra Absorbent, Terry Cotton Washcloths, White - Pack of 60",B010S5WEZA.jpg,"a photo of a AmazonBasics Fast Drying, Extra Absorbent, Terry Cotton Washcloths, White - Pack of 60",1,0,5359_img|5006_img|5474_img|5570_img|5527_img|4992_img|4563_img|5471_img|5462_img|4754_img|5404_img|5022_img|5219_img|4501_img|4805_img|5100_img|4958_img|4915_img|5380_img|5379_img
5360,RUG,Rivet,wool,"Amazon Brand - Rivet Wool Rug, 8' x 10', Gray, Charcoal",B07HSM8NGX.jpg,"a photo of a Amazon Brand - Rivet Wool Rug, 8' x 10', Gray, Charcoal",1,3,4672_img|4704_img|5321_img|5360_img|4949_img|4943_img|5342_img|4854_img|4596_img|5115_img|4966_img|5169_img|5415_img|5216_img|4702_img|4773_img|4899_img|4755_img|4726_img|4782_img
5361,KITCHEN,AmazonBasics,Unknown Material,"AmazonBasics - Lot de 4 sacs d'aspirateur S11 avec traitement anti-odeurs pour Bosch, Siemens",B073HGLVZJ.jpg,"a photo of a AmazonBasics - Lot de 4 sacs d'aspirateur S11 avec traitement anti-odeurs pour Bosch, Siemens",0,-1,5437_img|5245_img|5006_img|5599_img|4984_img|4490_img|5269_img|5236_img|4671_img|4773_img|4489_img|5534_img|5440_img|5087_img|5014_img|5456_img|4488_img|4869_img|5216_img|5124_img
5362,RUG,Stone & Beam,wool,"Amazon Brand - Stone & Beam Contemporary Mode Tone Wool Area Rug, 8 x 10 Foot, Rust",B0732HNJHX.jpg,"a photo of a Amazon Brand - Stone & Beam Contemporary Mode Tone Wool Area Rug, 8 x 10 Foot, Rust",1,0,5362_img|4858_img|4795_img|5522_img|4885_img|4937_img|4581_img|5160_img|4705_img|5043_img|4704_img|5095_img|5478_img|5161_img|4846_img|4503_img|5179_img|4724_img|4609_img|5329_img
5363,FINERING,Amazon Collection,metal,"Sterling Silver ""Love Life Be Brave"" Cuff Bracelet, 6""",B002BH529E.jpg,"a photo of a Sterling Silver ""Love Life Be Brave"" Cuff Bracelet, 6""",1,0,5363_img|5533_img|5018_img|5578_img|5524_img|5581_img|5388_img|4895_img|5452_img|4764_img|4753_img|5444_img|4842_img|5543_img|4973_img|4754_img|5328_img|4847_img|5021_img|5006_img
5364,WALL_ART,Stone & Beam,paper,"Amazon Brand - Stone & Beam Modern Black and White Print Wall Art of English Bulldog, Black Frame, 22"" x 22""",B073P23TXY.jpg,"a photo of a Amazon Brand - Stone & Beam Modern Black and White Print Wall Art of English Bulldog, Black Frame, 22"" x 22""",1,0,5364_img|4994_img|4815_img|5377_img|4630_img|5003_img|4904_img|4635_img|4624_img|4913_img|4740_img|5448_img|5318_img|4501_img|4805_img|4707_img|5257_img|5289_img|4763_img|4812_img
5365,RUG,Rivet,jute,"Amazon Brand - Rivet Contemporary Striated Jute Rug, 13' x 9' 3"", Aquamarine",B07B4WH25P.jpg,"a photo of a Amazon Brand - Rivet Contemporary Striated Jute Rug, 13' x 9' 3"", Aquamarine",1,0,5365_img|4952_img|5070_img|4605_img|5376_img|5232_img|4579_img|5119_img|5502_img|4891_img|5218_img|5357_img|4930_img|5256_img|5469_img|5151_img|5156_img|4992_img|4572_img|4831_img
5366,CHAIR,Rivet,Wood,"Amazon Brand - Rivet Dunford Modern Kitchen Dining Chair, 33 Inch Height, Ivory",B07HSBJ5D6.jpg,"a photo of a Amazon Brand - Rivet Dunford Modern Kitchen Dining Chair, 33 Inch Height, Ivory",1,8,5204_img|5538_img|4732_img|5151_img|4714_img|5390_img|5064_img|4586_img|5366_img|5586_img|4664_img|4834_img|4656_img|5489_img|4770_img|5261_img|4923_img|5534_img|5544_img|4542_img
5367,CHAIR,AmazonBasics,Plastic,"AmazonBasics Outdoor Plastic Kids Chairs - 4 Pack, White (Renewed)",B086D42MT3.jpg,"a photo of a AmazonBasics Outdoor Plastic Kids Chairs - 4 Pack, White (Renewed)",1,1,4586_img|5367_img|4777_img|5285_img|4781_img|5153_img|4793_img|5236_img|5006_img|4527_img|5534_img|5359_img|4880_img|4824_img|5269_img|4774_img|5014_img|5456_img|5147_img|5288_img
5368,TABLE,Amazon Brand - Solimo,Engineered Wood,Amazon Brand - Solimo Mustard Engineered Wood Coffee Table Acacia Dark Finish),B07RWCZKD9.jpg,a photo of a Amazon Brand - Solimo Mustard Engineered Wood Coffee Table Acacia Dark Finish),1,1,5032_img|5368_img|5152_img|5255_img|5184_img|4718_img|4974_img|5181_img|4977_img|4513_img|5486_img|4971_img|4836_img|4899_img|4646_img|4907_img|5401_img|5053_img|4544_img|5600_img
5369,CELLULAR_PHONE_CASE,Amazon Brand - Solimo,Silicone,Amazon Brand - Solimo Designer Flying Butterflies UV Printed Soft Back Case Mobile Cover for Vivo Y69,B085418HSL.jpg,a photo of a Amazon Brand - Solimo Designer Flying Butterflies UV Printed Soft Back Case Mobile Cover for Vivo Y69,1,0,5369_img|5446_img|4603_img|5122_img|5311_img|5574_img|5339_img|5207_img|4584_img|5548_img|4648_img|4743_img|5240_img|5571_img|5129_img|4580_img|5596_img|4540_img|4639_img|4877_img
5370,RUG,Rivet,Polypropylene,"Amazon Brand - Rivet Old World Vintage Persian Runner Rug, 2' 2"" x 7' 6"", Passion Pink",B079KNLCX4.jpg,"a photo of a Amazon Brand - Rivet Old World Vintage Persian Runner Rug, 2' 2"" x 7' 6"", Passion Pink",1,0,5370_img|5387_img|5095_img|4525_img|5043_img|5015_img|5492_img|5381_img|5108_img|5353_img|5329_img|5384_img|4678_img|4933_img|4833_img|4846_img|5104_img|5451_img|5592_img|4847_img
5371,FINEEARRING,Amazon Collection,not-applicable,"IGI Certified 14k Yellow Gold Lab Created Diamond Stud Earrings (1cttw, I-J Color, SI1-SI2 Clarity)",B01CXY3R8W.jpg,"a photo of a IGI Certified 14k Yellow Gold Lab Created Diamond Stud Earrings (1cttw, I-J Color, SI1-SI2 Clarity)",1,0,5371_img|4931_img|5048_img|5044_img|4561_img|4637_img|4818_img|5597_img|4675_img|4508_img|5373_img|5443_img|4944_img|5036_img|5405_img|4816_img|5157_img|5016_img|4685_img|5452_img
5372,HOME,Amazon Brand - Solimo,Plastic,"Amazon Brand - Solimo Plastic Multipurpose Modular Drawer, 5 Racks, Pink",B081K79RTL.jpg,"a photo of a Amazon Brand - Solimo Plastic Multipurpose Modular Drawer, 5 Racks, Pink",1,0,5372_img|4929_img|4521_img|5592_img|5092_img|4761_img|5522_img|4833_img|4925_img|5460_img|5329_img|5479_img|5215_img|5149_img|5388_img|4607_img|4849_img|4685_img|4566_img|4678_img
5373,FINEEARRING,Amazon Collection,Metal,"Women's 10k Swarovski Gold Yellow Zirconia Bezel Stud Earrings, One Size",B07DP1JL6R.jpg,"a photo of a Women's 10k Swarovski Gold Yellow Zirconia Bezel Stud Earrings, One Size",1,0,5373_img|5016_img|4986_img|5048_img|5371_img|4844_img|4561_img|5041_img|4519_img|5340_img|4637_img|4643_img|5173_img|5539_img|5157_img|4931_img|4647_img|4828_img|5089_img|4902_img
5374,HOME_FURNITURE_AND_DECOR,Amazon Brand - Solimo,MDF,"Amazon Brand - Solimo DIY 2 in 1 Printed Photo Album and Scrapbook, 25 x 16 cm, Princess",B082DS6BNN.jpg,"a photo of a Amazon Brand - Solimo DIY 2 in 1 Printed Photo Album and Scrapbook, 25 x 16 cm, Princess",1,1,5073_img|5374_img|4875_img|4896_img|5319_img|5292_img|4592_img|5129_img|4493_img|5223_img|4601_img|5183_img|4697_img|5506_img|4566_img|4929_img|5295_img|5372_img|5485_img|5388_img
5375,HOME,Amazon Brand - Solimo,Fabric,"Amazon Brand - Solimo 4 Piece Fabric Drawer Dividers, Grey",B07FQDVN4Z.jpg,"a photo of a Amazon Brand - Solimo 4 Piece Fabric Drawer Dividers, Grey",1,2,5245_img|5124_img|5375_img|4949_img|4671_img|5299_img|4934_img|5088_img|5014_img|5456_img|4522_img|5103_img|5028_img|5547_img|4791_img|5532_img|4761_img|4768_img|4773_img|4663_img
5376,RUG,Rivet,jute,"Amazon Brand - Rivet Contemporary Striated Jute Rug, 10' 6"" x 8', Citron",B07B515Q7D.jpg,"a photo of a Amazon Brand - Rivet Contemporary Striated Jute Rug, 10' 6"" x 8', Citron",1,0,5376_img|5517_img|5365_img|4609_img|5156_img|5218_img|4775_img|5357_img|4724_img|5433_img|5256_img|4643_img|4957_img|5464_img|5468_img|4799_img|5247_img|4788_img|4930_img|4672_img
5377,WALL_ART,Rivet,Paper,"Amazon Brand - Rivet White and Black Shaken on the RocksDouble Strong Neat Pint Print in Black Frame, 14"" x 14""",B073P1JGKW.jpg,"a photo of a Amazon Brand - Rivet White and Black Shaken on the RocksDouble Strong Neat Pint Print in Black Frame, 14"" x 14""",1,0,5377_img|4635_img|5003_img|4501_img|4805_img|4630_img|4541_img|5257_img|4624_img|4707_img|5364_img|4570_img|4759_img|4763_img|5289_img|5436_img|4920_img|4498_img|5563_img|4552_img
5378,FINEEARRING,Amazon Collection,sterling-silver,Sterling Silver Oxidized Celtic Knot Dangle Earrings,B00GUZ5SY2.jpg,a photo of a Sterling Silver Oxidized Celtic Knot Dangle Earrings,1,2,4595_img|4924_img|5378_img|5567_img|5196_img|4981_img|5248_img|5556_img|5385_img|4610_img|5440_img|4926_img|5447_img|4758_img|5482_img|4954_img|4850_img|4557_img|4573_img|4936_img
5379,SHOES,Amazon Brand - Symbol,Polyester,Amazon Brand - Symbol Men's Oatmeal Melange Polyester Sneakers-10 UK/India (44.5 EU) (AZ-YS-191 C),B07914FT6P.jpg,a photo of a Amazon Brand - Symbol Men's Oatmeal Melange Polyester Sneakers-10 UK/India (44.5 EU) (AZ-YS-191 C),1,1,4613_img|5379_img|5463_img|5579_img|5324_img|5034_img|5335_img|4890_img|4888_img|4766_img|4720_img|5420_img|4708_img|4824_img|4575_img|5312_img|5191_img|4817_img|5256_img|5466_img
5380,HOME,Dreamfoam Bedding,Memory foam,Ultimate Dreams Twin 2 inch Thick 4 Pound Density Gel Memory Foam Topper. Made in The USA,B00B4I21HM.jpg,a photo of a Ultimate Dreams Twin 2 inch Thick 4 Pound Density Gel Memory Foam Topper. Made in The USA,1,1,4915_img|5380_img|5359_img|4712_img|4502_img|5462_img|4563_img|4709_img|4992_img|4997_img|4706_img|5467_img|5474_img|4966_img|5169_img|4734_img|4571_img|5530_img|4625_img|4715_img
5381,RUG,Stone & Beam,cotton,"Amazon Brand - Stone & Beam Casual Geometric Flatweave Cotton Area Rug, 5' x 8', Red, Orange, Ivory",B07B4Z7WJH.jpg,"a photo of a Amazon Brand - Stone & Beam Casual Geometric Flatweave Cotton Area Rug, 5' x 8', Red, Orange, Ivory",1,0,5381_img|5504_img|4705_img|4581_img|5362_img|5592_img|4609_img|4846_img|5172_img|4858_img|5015_img|4650_img|5333_img|5566_img|4713_img|5058_img|5011_img|5227_img|4957_img|5475_img
5382,WALL_ART,Stone & Beam,Paper,"Amazon Brand - Stone & Beam Modern Green and Pink Tipped Succulent Print Wall Art Decor - 20"" x 20"" Frame, Light Gold",B075YLG173.jpg,"a photo of a Amazon Brand - Stone & Beam Modern Green and Pink Tipped Succulent Print Wall Art Decor - 20"" x 20"" Frame, Light Gold",1,0,5382_img|5503_img|4887_img|4809_img|5328_img|5536_img|4517_img|5402_img|5350_img|4600_img|4913_img|4983_img|5550_img|4838_img|5277_img|5117_img|4687_img|4614_img|4812_img|4533_img
5383,SOFA,Rivet,Polyester,"Amazon Brand - Rivet Goodwin Modern Loveseat Sofa, 61.8""W, Charcoal Grey",B07HZ7829Y.jpg,"a photo of a Amazon Brand - Rivet Goodwin Modern Loveseat Sofa, 61.8""W, Charcoal Grey",1,4,4599_img|4767_img|4866_img|4948_img|5383_img|5050_img|5483_img|5137_img|5299_img|4507_img|4830_img|4550_img|4695_img|5514_img|5495_img|4768_img|4950_img|4591_img|5226_img|4757_img
5384,FINENECKLACEBRACELETANKLET,Amazon Collection,metal,"Sterling Silver Created Ruby and White Sapphire Double Heart Pendant Necklace, 18""",B00SKWZG22.jpg,"a photo of a Sterling Silver Created Ruby and White Sapphire Double Heart Pendant Necklace, 18""",1,0,5384_img|5026_img|5537_img|5229_img|5354_img|4991_img|5353_img|4990_img|4610_img|5562_img|4794_img|5524_img|4827_img|4858_img|4546_img|5308_img|4825_img|4894_img|4938_img|5458_img
5385,FINEEARRING,Amazon Collection,no aplicable,"Pendientes de plata de ley con piedras preciosas cortadas a cuadros (6 mm),Blanco",B01GPY6NXM.jpg,"a photo of a Pendientes de plata de ley con piedras preciosas cortadas a cuadros (6 mm),Blanco",0,-1,5248_img|5567_img|4692_img|5544_img|4967_img|5534_img|5586_img|5378_img|5272_img|4784_img|4714_img|4865_img|4595_img|4529_img|4747_img|5182_img|4616_img|4677_img|5260_img|5434_img
5386,KITCHEN,Amazon Brand - Solimo,Plastic,"Amazon Brand - Solimo Sparkle Insulated Casseroles Set with Roti Basket, 3-Piece, Pink",B01E5FI7L4.jpg,"a photo of a Amazon Brand - Solimo Sparkle Insulated Casseroles Set with Roti Basket, 3-Piece, Pink",1,0,5386_img|5585_img|4929_img|5560_img|5102_img|5552_img|5372_img|4526_img|5522_img|4700_img|5479_img|5590_img|5285_img|5147_img|5215_img|4521_img|5532_img|5014_img|5456_img|4909_img
5387,RUG,Rivet,Polypropylene,"Amazon Brand - Rivet Old World Vintage Persian Runner Rug, 1' 10"" x 6', Passion Pink",B079KTVCTR.jpg,"a photo of a Amazon Brand - Rivet Old World Vintage Persian Runner Rug, 1' 10"" x 6', Passion Pink",1,1,5370_img|5387_img|5095_img|4525_img|5043_img|5015_img|5492_img|5108_img|5381_img|4933_img|4847_img|5353_img|5451_img|4833_img|5104_img|5329_img|5194_img|4846_img|4678_img|5578_img
5388,FINERING,Amazon Collection,Not Applicable,"Platinum-Plated Sterling Silver Swarovski Zirconia Red White Heart All-Around Band Ring, Size 7",B01MTY0Q3P.jpg,"a photo of a Platinum-Plated Sterling Silver Swarovski Zirconia Red White Heart All-Around Band Ring, Size 7",1,8,5384_img|4990_img|5578_img|4678_img|4753_img|5414_img|4694_img|4827_img|5388_img|5533_img|4640_img|5354_img|5026_img|4825_img|4894_img|5478_img|5475_img|5363_img|4794_img|4858_img
5389,RUG,Stone & Beam,Cotton,Stone & Beam Modern Family nuLoom XMP20636-508 Rug,B071LQFCVL.jpg,a photo of a Stone & Beam Modern Family nuLoom XMP20636-508 Rug,0,-1,5127_img|5342_img|5566_img|5238_img|4704_img|4846_img|4569_img|5333_img|5504_img|5381_img|4870_img|5400_img|4718_img|4531_img|4930_img|5108_img|4663_img|4934_img|5194_img|4610_img
5390,CHAIR,Stone & Beam,stone,"Amazon Brand - Stone & Beam Laurel Rounded Accent Chair, 29.5""W, Sand",B075X4N3JH.jpg,"a photo of a Amazon Brand - Stone & Beam Laurel Rounded Accent Chair, 29.5""W, Sand",1,0,5390_img|4916_img|5555_img|4656_img|5491_img|4749_img|5166_img|4732_img|5252_img|5529_img|4960_img|5356_img|5489_img|4969_img|5538_img|5403_img|5366_img|5246_img|4814_img|4777_img
5391,TABLE,Ravenna Home,Marbled Grain Laminate On Plywood; Tempered Glass; Gold-Painted Metal Frame,"Amazon Brand - Ravenna Home Parker Storage End Table, 23.6""W, Glass &amp; Gold",B07DBB1NJ1.jpg,"a photo of a Amazon Brand - Ravenna Home Parker Storage End Table, 23.6""W, Glass &amp; Gold",1,0,5391_img|5341_img|5192_img|5583_img|5327_img|4585_img|5107_img|4620_img|4902_img|5131_img|5526_img|4612_img|4552_img|5394_img|5104_img|4718_img|4737_img|5173_img|5460_img|5575_img
5392,FINERING,Amazon Collection,No aplica,"Amazon Collection10k Gold Swarovski Crystal Pearl June Birthstone Ring, Size 6",B079JXZGCH.jpg,"a photo of a Amazon Collection10k Gold Swarovski Crystal Pearl June Birthstone Ring, Size 6",1,3,5089_img|4820_img|4932_img|5392_img|4670_img|5182_img|5212_img|5081_img|5272_img|4784_img|5336_img|4878_img|4694_img|5402_img|4771_img|5544_img|5291_img|5559_img|4492_img|4683_img
5393,KITCHEN,Amazon Basics,Acero inoxidable,"AmazonBasics - Cuchillos de acero inoxidable para cena, borde perlado, Plateado, 1",B0736TYSVN.jpg,"a photo of a AmazonBasics - Cuchillos de acero inoxidable para cena, borde perlado, Plateado, 1",1,2,4774_img|5020_img|5393_img|4834_img|5470_img|4671_img|5358_img|4641_img|5021_img|5541_img|4850_img|4725_img|5008_img|5082_img|5251_img|5084_img|4648_img|4489_img|4821_img|4924_img
5394,FINERING,Amazon Collection,Nicht zutreffend,"Damen-Ring Sterling-Silber 925 platiniert oder vergoldet Swarovski-Kristall Prinzessschliff,Gelbgold vergoldetes Silber,Size 8",B01N150V05.jpg,"a photo of a Damen-Ring Sterling-Silber 925 platiniert oder vergoldet Swarovski-Kristall Prinzessschliff,Gelbgold vergoldetes Silber,Size 8",1,6,4897_img|4716_img|5131_img|5559_img|4799_img|5418_img|5394_img|4627_img|5506_img|4845_img|5576_img|5444_img|4828_img|5275_img|4738_img|5213_img|4842_img|5540_img|5173_img|4515_img
5395,FINENECKLACEBRACELETANKLET,Amazon Collection,metal,"Amazon CollectionPlatinum-Plated Sterling Silver Swarovski Zirconia Round-Cut Halo Pendant Necklace, 16""",B00FRIJCQI.jpg,"a photo of a Amazon CollectionPlatinum-Plated Sterling Silver Swarovski Zirconia Round-Cut Halo Pendant Necklace, 16""",1,0,5395_img|5473_img|4797_img|5150_img|4989_img|4483_img|5494_img|5202_img|5577_img|5055_img|4661_img|5286_img|5291_img|4926_img|5340_img|4878_img|4728_img|4959_img|5422_img|5562_img
5396,TABLE,Stone & Beam,Stein,"Stone & Beam Garrett Tischbeine aus Akazienholz, rustikal Konsole Natur/Messing",B07QFB1TJW.jpg,"a photo of a Stone & Beam Garrett Tischbeine aus Akazienholz, rustikal Konsole Natur/Messing",1,3,4862_img|5401_img|5345_img|5396_img|4544_img|4652_img|4974_img|4838_img|4599_img|5486_img|5148_img|5427_img|4577_img|4529_img|5350_img|5600_img|5549_img|4834_img|5382_img|4686_img
5397,RUG,Stone & Beam,stone,"Amazon Brand - Stone & Beam Shooting Star Modern Diamond Pattern Wool Area Rug, 5' x 8', Taupe",B0735XMSY2.jpg,"a photo of a Amazon Brand - Stone & Beam Shooting Star Modern Diamond Pattern Wool Area Rug, 5' x 8', Taupe",1,0,5397_img|4596_img|5096_img|4901_img|4934_img|5194_img|4704_img|5256_img|5127_img|5258_img|5176_img|5510_img|5195_img|5589_img|5333_img|5164_img|5342_img|4632_img|5070_img|5415_img
5398,TABLE,Ravenna Home,Pine,"Amazon Brand - Ravenna Home Priscilla Modern X-Frame End Table Nightstand, 18.9""W, Black",B07DBF1R71.jpg,"a photo of a Amazon Brand - Ravenna Home Priscilla Modern X-Frame End Table Nightstand, 18.9""W, Black",1,3,4552_img|5488_img|5575_img|5398_img|5186_img|5480_img|4685_img|5451_img|5496_img|5224_img|5092_img|5115_img|5327_img|4940_img|4726_img|4935_img|5189_img|5103_img|4902_img|4921_img
5399,SOFA,Alkove,tyg,Alkov modular Stol (70 x 93) Turkos,B07SHYWXZ8.jpg,a photo of a Alkov modular Stol (70 x 93) Turkos,1,4,4768_img|5072_img|5490_img|5313_img|5399_img|4490_img|4855_img|5178_img|5049_img|4837_img|4532_img|5299_img|4868_img|4756_img|5428_img|4960_img|4948_img|5240_img|4566_img|4510_img
5400,RUG,Stone & Beam,stone,"Amazon Brand - Stone & Beam Floral Kaleidoscope Traditional Area Rug, 5'3"" x 7'3"", Blue Multi",B075Z8GYS8.jpg,"a photo of a Amazon Brand - Stone & Beam Floral Kaleidoscope Traditional Area Rug, 5'3"" x 7'3"", Blue Multi",1,0,5400_img|5566_img|4843_img|4884_img|5041_img|5054_img|5147_img|5237_img|5207_img|5406_img|5051_img|4525_img|5503_img|5240_img|5571_img|5482_img|4569_img|5326_img|4989_img|4580_img
5401,TABLE,Alkove,Quercia,"Marchio Amazon - Alkove Hayes - Tavolino da caffe con mensola, 105 x 60 x 43 cm, quercia silvestre",B07SJ75XY6.jpg,"a photo of a Marchio Amazon - Alkove Hayes - Tavolino da caffe con mensola, 105 x 60 x 43 cm, quercia silvestre",1,0,5401_img|4646_img|4974_img|4652_img|4862_img|5184_img|4544_img|4602_img|5219_img|5345_img|5148_img|5427_img|5023_img|5432_img|4838_img|5168_img|4532_img|5515_img|5396_img|5320_img
5402,FINERING,Amazon Collection,Nicht zutreffend,"Ring Sterling-Silber 925 platiniert Blume,Fancy Pink",B0756CVL2J.jpg,"a photo of a Ring Sterling-Silber 925 platiniert Blume,Fancy Pink",1,1,4987_img|5402_img|4887_img|4990_img|4847_img|4521_img|4779_img|4849_img|4700_img|4970_img|5128_img|5095_img|5446_img|5425_img|5370_img|5387_img|5160_img|5590_img|5129_img|4511_img
5403,CHAIR,Stone & Beam,stone,"Amazon Brand - Stone & Beam St. Cloud Modern Armless Accent Chair, 32""W, Steel",B075X4VWKL.jpg,"a photo of a Amazon Brand - Stone & Beam St. Cloud Modern Armless Accent Chair, 32""W, Steel",1,2,4969_img|5166_img|5403_img|4568_img|5246_img|5241_img|5529_img|5491_img|4814_img|5211_img|5555_img|4656_img|4916_img|5298_img|5356_img|5146_img|5121_img|4755_img|5258_img|5390_img
5404,HOME,UMI,Fabric,"Umi. by Amazon - Cotton Rope Basket, Baby Laundry Basket Toy Storage Organiser, 21.7x13in - Large",B0834WRLR5.jpg,"a photo of a Umi. by Amazon - Cotton Rope Basket, Baby Laundry Basket Toy Storage Organiser, 21.7x13in - Large",0,-1,4620_img|5375_img|5253_img|4751_img|5372_img|4662_img|4585_img|4737_img|4778_img|4734_img|5014_img|5456_img|5359_img|4723_img|5407_img|5399_img|4530_img|5245_img|5374_img|4895_img
5405,FINEEARRING,Amazon Collection,Not Applicable,"AGS Certified 14k Yellow Gold Round-Cut Diamond Stud Earrings (1cttw, K-L Color, I1-I2 Clarity)",B075XTC1Z1.jpg,"a photo of a AGS Certified 14k Yellow Gold Round-Cut Diamond Stud Earrings (1cttw, K-L Color, I1-I2 Clarity)",1,2,4944_img|5036_img|5405_img|5048_img|4931_img|4842_img|4508_img|4637_img|5371_img|5275_img|5452_img|5597_img|4716_img|4905_img|5044_img|5394_img|5576_img|4799_img|4818_img|4675_img
5406,RUG,Ravenna Home,Polyester,"Amazon Brand - Ravenna Home Prospect Rug, 5'W x 7'6""L, Moroccan Lattice Design, Grey and Teal",B07NYSH2S4.jpg,"a photo of a Amazon Brand - Ravenna Home Prospect Rug, 5'W x 7'6""L, Moroccan Lattice Design, Grey and Teal",1,0,5406_img|4713_img|4721_img|5265_img|5326_img|4723_img|5015_img|5566_img|4580_img|5504_img|4650_img|4618_img|5381_img|5400_img|4717_img|4639_img|4855_img|5070_img|4663_img|4737_img
5407,TABLE,Strathwood by Amazon.com,aluminum,"Strathwood Griffen All-Weather Wicker Coffee Table, Natural",B005T60HV2.jpg,"a photo of a Strathwood Griffen All-Weather Wicker Coffee Table, Natural",1,0,5407_img|4585_img|4718_img|4626_img|4898_img|4628_img|5412_img|5357_img|4957_img|4737_img|4708_img|5238_img|4662_img|4647_img|4620_img|5422_img|5528_img|5408_img|5509_img|5555_img
5408,KITCHEN,Unknown,bamboo,Bamboo Mezaluna Board with Mezaluna,B000UD8E6E.jpg,a photo of a Bamboo Mezaluna Board with Mezaluna,1,1,5528_img|5408_img|5218_img|4532_img|4751_img|5203_img|5407_img|5219_img|5547_img|4539_img|5401_img|4585_img|4641_img|4718_img|4504_img|4609_img|5281_img|4880_img|4571_img|5065_img
5409,FINERING,Amazon Collection,Metal,"Platinum-Plated Sterling Silver Round-Cut 5-Stone Ring made with Swarovski Zirconia (1.25 cttw), Size 9",B012SZZLBM.jpg,"a photo of a Platinum-Plated Sterling Silver Round-Cut 5-Stone Ring made with Swarovski Zirconia (1.25 cttw), Size 9",1,1,4536_img|5409_img|4738_img|5213_img|5040_img|4649_img|4515_img|4963_img|5059_img|5132_img|5297_img|4683_img|4845_img|4627_img|5444_img|5438_img|5074_img|5558_img|4910_img|4710_img
5410,SHOES,Amazon Brand - Symbol,Synthetic,Amazon Brand - Symbol Men's Black Synthetic Formal Shoes - 9 UK (AZ-KY-85A),B075Z3DL3K.jpg,a photo of a Amazon Brand - Symbol Men's Black Synthetic Formal Shoes - 9 UK (AZ-KY-85A),1,6,5234_img|5001_img|4597_img|5158_img|5231_img|5188_img|5410_img|5294_img|5588_img|5309_img|4684_img|4593_img|5264_img|5481_img|5511_img|4773_img|5488_img|5268_img|5047_img|5351_img
5411,HOME,Pinzon by Amazon,Cotton,"Pinzon 400-Thread-Count Hemstitch Egyptian Cotton Pillowcases - Standard, Light Grey (Set of 2)",B009N9W4E4.jpg,"a photo of a Pinzon 400-Thread-Count Hemstitch Egyptian Cotton Pillowcases - Standard, Light Grey (Set of 2)",1,4,5217_img|5569_img|5454_img|5527_img|5411_img|4754_img|4586_img|4762_img|4509_img|4714_img|5045_img|4961_img|4633_img|5474_img|5022_img|5316_img|5323_img|5166_img|5196_img|5144_img
5412,SOFA,Strathwood by Amazon.com,Aluminum,Strathwood Falkner 2-Seater Deep Lounge Sofa,B000HBVNH6.jpg,a photo of a Strathwood Falkner 2-Seater Deep Lounge Sofa,1,0,5412_img|4776_img|4870_img|4539_img|4956_img|5528_img|5344_img|5028_img|5592_img|5433_img|4768_img|4804_img|4864_img|4793_img|4617_img|5381_img|5515_img|4950_img|4801_img|4532_img
5413,WALL_ART,Stone & Beam,Paper,"Amazon Brand - Stone & Beam Modern Blue Umbrellas on Sand Print Wall Art in Black Wood Frame, 32"" x 12""",B073P1F2GP.jpg,"a photo of a Amazon Brand - Stone & Beam Modern Blue Umbrellas on Sand Print Wall Art in Black Wood Frame, 32"" x 12""",1,0,5413_img|4630_img|4983_img|4759_img|4904_img|4625_img|4715_img|5532_img|4624_img|4498_img|5336_img|4548_img|4606_img|5162_img|5377_img|5066_img|4541_img|5503_img|5403_img|5546_img
5414,HOME_BED_AND_BATH,AmazonBasics,100% Cotton,"AmazonBasics Everyday 100% Cotton Fitted Sheet, Dark Red 90 x 200 x 30 cm",B00UZ7BNH2.jpg,"a photo of a AmazonBasics Everyday 100% Cotton Fitted Sheet, Dark Red 90 x 200 x 30 cm",1,0,5414_img|4858_img|4640_img|4678_img|4982_img|5274_img|4990_img|5095_img|5161_img|4565_img|5270_img|5471_img|5354_img|5308_img|4587_img|5478_img|5163_img|5121_img|4674_img|4929_img
5415,RUG,Rivet,silver,"Amazon Brand - Rivet Contemporary Polyester Area Rug, 8 x 11 Foot, Silver, Grey, White",B07HSF53X6.jpg,"a photo of a Amazon Brand - Rivet Contemporary Polyester Area Rug, 8 x 11 Foot, Silver, Grey, White",1,2,5135_img|4770_img|5415_img|4596_img|5261_img|5164_img|5360_img|5010_img|5096_img|4702_img|4672_img|5464_img|5260_img|5024_img|4649_img|4937_img|5256_img|4704_img|5070_img|5169_img
5416,HOME,AmazonBasics,bronze,"AmazonBasics 1"" Curtain Rod with Round Finials, 36"" to 72"" and AmazonBasics 1"" Curtain Clip Ring, Set of 7, Espresso (Dark Bronze)",B0758BRXSG.jpg,"a photo of a AmazonBasics 1"" Curtain Rod with Round Finials, 36"" to 72"" and AmazonBasics 1"" Curtain Clip Ring, Set of 7, Espresso (Dark Bronze)",1,0,5416_img|5337_img|4758_img|5216_img|4865_img|5116_img|5493_img|5056_img|4667_img|5018_img|4482_img|5599_img|4588_img|4895_img|4490_img|4499_img|5200_img|5568_img|4850_img|5201_img
5417,HOME_BED_AND_BATH,Pinzon by Amazon,100% cotton,"Pinzon by Amazon 'Everyday' Lenzuolo con angoli, in 100% cotone, Marrone, 150 x 200 x 38 cm",B00MGSJ5IC.jpg,"a photo of a Pinzon by Amazon 'Everyday' Lenzuolo con angoli, in 100% cotone, Marrone, 150 x 200 x 38 cm",1,7,4674_img|5471_img|5148_img|5427_img|4982_img|5274_img|5595_img|5417_img|4942_img|5414_img|4772_img|5219_img|4962_img|5228_img|4847_img|5181_img|4835_img|4535_img|4495_img|4787_img
5418,FINERING,Amazon Collection,metal,"Yellow-Gold-Plated Sterling Silver All-Around Band Ring set with Round Swarovski Zirconia (1/2 cttw), Size 7",B01JIWRUXU.jpg,"a photo of a Yellow-Gold-Plated Sterling Silver All-Around Band Ring set with Round Swarovski Zirconia (1/2 cttw), Size 7",1,0,5418_img|4799_img|5173_img|5444_img|5558_img|4710_img|4742_img|4716_img|5438_img|4910_img|4845_img|5543_img|4493_img|5275_img|4842_img|4822_img|5581_img|5128_img|4771_img|5132_img
5419,HOME_FURNITURE_AND_DECOR,Stone & Beam,stone,"Amazon Brand - Stone & Beam Marin Upholstered Ottoman, 29""W, Smoky Teal",B075X4PT58.jpg,"a photo of a Amazon Brand - Stone & Beam Marin Upholstered Ottoman, 29""W, Smoky Teal",1,1,4978_img|5419_img|5399_img|5469_img|5503_img|5313_img|4701_img|4891_img|4932_img|4618_img|5304_img|4878_img|4583_img|5115_img|5253_img|5049_img|5202_img|5051_img|5532_img|5293_img
5420,SHOES,Amazon Brand - Symactive,Fabric,Amazon Brand - Symactive Men's Md.Grey Running Shoes-8 UK (SYM-ET-007A),B07VJRWZVR.jpg,a photo of a Amazon Brand - Symactive Men's Md.Grey Running Shoes-8 UK (SYM-ET-007A),1,1,5140_img|5420_img|4575_img|4861_img|5312_img|4564_img|4824_img|4511_img|5143_img|5487_img|4649_img|4487_img|5251_img|5475_img|4890_img|4963_img|5379_img|5004_img|5123_img|4546_img
5421,WALL_ART,Rivet,wood,"Amazon Brand - Rivet American Forest Map Wall Art Print in White Wood Frame, 30"" x 30""",B073P58C2W.jpg,"a photo of a Amazon Brand - Rivet American Forest Map Wall Art Print in White Wood Frame, 30"" x 30""",1,0,5421_img|5497_img|4673_img|5277_img|5328_img|4867_img|5536_img|4730_img|5225_img|5449_img|4913_img|4631_img|4517_img|5436_img|4551_img|4682_img|5042_img|5099_img|5338_img|5222_img
5422,TABLE,Rivet,Wood,"Amazon Brand - Rivet Industrial Wood and Metal Round Dining Kitchen Table, 35.4""W, Recycled Elm",B075Z9QB7N.jpg,"a photo of a Amazon Brand - Rivet Industrial Wood and Metal Round Dining Kitchen Table, 35.4""W, Recycled Elm",1,0,5422_img|4834_img|5013_img|5541_img|5396_img|5170_img|5600_img|4545_img|4971_img|5053_img|5139_img|4836_img|5204_img|4788_img|4856_img|5175_img|5192_img|5486_img|4576_img|5345_img
5423,SHOES,Amazon Brand - Symbol,Leather,Amazon Brand - Symbol Men's Tan Leather Formal Shoes-11 UK/India (46 EU) (AZ-WS-999B),B078W4Q89L.jpg,a photo of a Amazon Brand - Symbol Men's Tan Leather Formal Shoes-11 UK/India (46 EU) (AZ-WS-999B),1,0,5423_img|5155_img|4632_img|5466_img|5281_img|5579_img|5463_img|4817_img|4597_img|5457_img|4613_img|5349_img|5234_img|4946_img|4808_img|5158_img|5485_img|4504_img|4593_img|5203_img
5424,TABLE,Rivet,wood,"Amazon Brand - Rivet Mid-Century Modern Wood Media TV Console Table, 47""W, Walnut &amp; Black",B07B7J84KR.jpg,"a photo of a Amazon Brand - Rivet Mid-Century Modern Wood Media TV Console Table, 47""W, Walnut &amp; Black",1,11,5080_img|4907_img|5496_img|5032_img|5186_img|4505_img|5488_img|5137_img|4685_img|5017_img|5094_img|5424_img|4899_img|5368_img|5013_img|5181_img|4977_img|4940_img|5320_img|5439_img
5425,WALL_ART,Rivet,wood,"Amazon Brand - Rivet Spring Pink Floral Print in a White Wood Frame Wall Art, 12"" x 12""",B073P5XJHY.jpg,"a photo of a Amazon Brand - Rivet Spring Pink Floral Print in a White Wood Frame Wall Art, 12"" x 12""",1,0,5425_img|4809_img|4887_img|4884_img|5100_img|4731_img|5428_img|5328_img|5054_img|5129_img|5402_img|4779_img|4970_img|5117_img|5465_img|5536_img|4614_img|5095_img|5446_img|5197_img
5426,HOME,UMI,Invierno,UMI. by Amazon - Edredon Nordico de Plumas para Invierno Funda 100% Algodon Caliente Lavable 260x220cm,B07M999M49.jpg,a photo of a UMI. by Amazon - Edredon Nordico de Plumas para Invierno Funda 100% Algodon Caliente Lavable 260x220cm,0,-1,5116_img|5200_img|4482_img|5568_img|4953_img|5531_img|4782_img|5442_img|5296_img|5201_img|4521_img|4689_img|4666_img|4894_img|5522_img|4499_img|4623_img|5110_img|4965_img|4530_img
5427,HOME_BED_AND_BATH,Pinzon by Amazon,mikrofiber,"Pinzon by Amazon spannduk, mikrofiber, maupe, 90 x 190 x 30 cm",B00M92N7F2.jpg,"a photo of a Pinzon by Amazon spannduk, mikrofiber, maupe, 90 x 190 x 30 cm",1,2,5595_img|5148_img|5427_img|4962_img|4838_img|5219_img|4495_img|5414_img|4942_img|5321_img|4982_img|5274_img|4835_img|5313_img|4674_img|5375_img|5228_img|5310_img|5417_img|4974_img
5428,HOME_FURNITURE_AND_DECOR,Amazon Brand - Solimo,PVC Vinyl,"Amazon Brand - Solimo Wall Sticker for Living Room (Flowers & Petals, Ideal Size on Wall, 245 cm X 150 cm)",B073RN9TZ1.jpg,"a photo of a Amazon Brand - Solimo Wall Sticker for Living Room (Flowers & Petals, Ideal Size on Wall, 245 cm X 150 cm)",1,0,5428_img|5076_img|5240_img|5129_img|5311_img|4884_img|5207_img|4566_img|5425_img|4970_img|5296_img|4525_img|5446_img|5465_img|4623_img|5054_img|4779_img|5571_img|4676_img|5596_img
5429,HOME_BED_AND_BATH,Pinzon by Amazon,mikro elyaf,"Pinzon mikrofiber Flat Panel Sheet - Blue Dusk, mikro elyaf, fildisi, 180 x 290 + 10 cm",B00M92JZJE.jpg,"a photo of a Pinzon mikrofiber Flat Panel Sheet - Blue Dusk, mikro elyaf, fildisi, 180 x 290 + 10 cm",1,4,5201_img|4831_img|4992_img|4499_img|5429_img|4813_img|4962_img|4680_img|5502_img|5321_img|5572_img|5527_img|5564_img|5595_img|4495_img|5045_img|5124_img|4666_img|4928_img|4942_img
5430,SHOES,Flavia,Mesh,Flavia Women's Pink Running Shoes-UK9 (FKT/HD0234/PNK),B0845CBCMV.jpg,a photo of a Flavia Women's Pink Running Shoes-UK9 (FKT/HD0234/PNK),1,1,4833_img|5430_img|4511_img|5590_img|5370_img|5387_img|5312_img|5095_img|5487_img|4847_img|4521_img|4849_img|5215_img|5457_img|4653_img|5402_img|4929_img|4887_img|4909_img|5179_img
5431,SHOES,The Fix,Leather,Amazon Brand - The Fix Women's Jackson Rope-Tie Block Heel Dress Sandal,B01ND1I6BM.jpg,a photo of a Amazon Brand - The Fix Women's Jackson Rope-Tie Block Heel Dress Sandal,1,0,5431_img|5293_img|5546_img|5264_img|5539_img|5065_img|5457_img|5259_img|5584_img|5590_img|4882_img|4647_img|4839_img|5035_img|5385_img|4924_img|4954_img|4957_img|4793_img|5209_img
5432,HOME_FURNITURE_AND_DECOR,Movian,Legno,Movian GW-LIONI Desk 4157,B085216VX4.jpg,a photo of a Movian GW-LIONI Desk 4157,1,1,5068_img|5432_img|5005_img|4761_img|5017_img|4602_img|5205_img|4746_img|4854_img|5031_img|4968_img|4873_img|5484_img|4943_img|5123_img|5224_img|4760_img|5468_img|5019_img|4549_img
5433,SOFA,Movian,Legno; Poliuretano,"Marchio Amazon - Movian, divano 2 posti modello Laura, colore giallo",B07J59DMMK.jpg,"a photo of a Marchio Amazon - Movian, divano 2 posti modello Laura, colore giallo",1,0,5433_img|4532_img|5332_img|4799_img|4902_img|4811_img|4716_img|5515_img|4756_img|5468_img|5178_img|4559_img|4751_img|4806_img|5344_img|5168_img|4793_img|5519_img|5592_img|5412_img
5434,FINENECKLACEBRACELETANKLET,Amazon Collection,Unknown Material,Amazon Collection Unknown Color Unknown Material Finenecklacebraceletanklet,B01DDS8Z7U.jpg,a photo of a Amazon Collection Unknown Color Unknown Material Finenecklacebraceletanklet,0,-1,4895_img|5363_img|4742_img|5543_img|5056_img|5062_img|5418_img|5558_img|4771_img|5438_img|5174_img|4710_img|5521_img|5201_img|4711_img|4853_img|4822_img|4909_img|4799_img|5578_img
5435,SOFA,Movian,Polyester,"Marque Amazon - Movian Ticino - Canape 2,5 places, 88 x 210 x 88 cm (longueur x largeur x hauteur), Vert bouteille",B07VPNXRF5.jpg,"a photo of a Marque Amazon - Movian Ticino - Canape 2,5 places, 88 x 210 x 88 cm (longueur x largeur x hauteur), Vert bouteille",1,0,5435_img|4756_img|5332_img|5178_img|5344_img|4787_img|5355_img|4868_img|5299_img|5598_img|4855_img|4699_img|5508_img|5433_img|4863_img|4507_img|4903_img|4510_img|4811_img|5490_img
5436,WALL_ART,Stone & Beam,wood,"Amazon Brand - Stone & Beam Modern Black and White Desert Cactus Photo on Wood, White Frame, 30"" x 30""",B073P6HGVL.jpg,"a photo of a Amazon Brand - Stone & Beam Modern Black and White Desert Cactus Photo on Wood, White Frame, 30"" x 30""",1,0,5436_img|4631_img|4730_img|5382_img|5449_img|5328_img|4673_img|5099_img|5338_img|5413_img|4541_img|4763_img|5536_img|5003_img|4501_img|4805_img|5503_img|5277_img|5377_img|4707_img
5437,KITCHEN,AmazonBasics,ABS,(Renewed) AmazonBasics 500-Watt Mixer Grinder with 3 Jars,B08FRFFQGH.jpg,a photo of a (Renewed) AmazonBasics 500-Watt Mixer Grinder with 3 Jars,1,2,4869_img|4872_img|5437_img|5087_img|4489_img|5154_img|4553_img|5269_img|4984_img|4734_img|5599_img|5102_img|5030_img|5552_img|5594_img|5585_img|4490_img|4958_img|5071_img|5560_img
5438,FINERING,Amazon Collection,metal,"Platinum-Plated Sterling Silver All-Around Band Ring set with Round Swarovski Zirconia (2 cttw), Size 6",B00FXW78OG.jpg,"a photo of a Platinum-Plated Sterling Silver All-Around Band Ring set with Round Swarovski Zirconia (2 cttw), Size 6",1,3,4710_img|4742_img|5558_img|5438_img|4910_img|5543_img|5581_img|4911_img|4515_img|5418_img|5132_img|5297_img|4799_img|5444_img|4822_img|5040_img|4683_img|5173_img|5593_img|5521_img
5439,SOFA,Rivet,Solid wood frame; Velvet upholstery; Metal,"Amazon Brand - Rivet Uptown Mid-Century Velvet Tufted Customizable Daybed Sofa, 78""W, Hunter Green &amp; Brass",B075X4F56V.jpg,"a photo of a Amazon Brand - Rivet Uptown Mid-Century Velvet Tufted Customizable Daybed Sofa, 78""W, Hunter Green &amp; Brass",1,0,5439_img|4583_img|5332_img|4914_img|4608_img|5435_img|5508_img|5137_img|5383_img|4756_img|4591_img|4868_img|4863_img|4765_img|4518_img|5455_img|5467_img|4686_img|5113_img|5120_img
5440,FINEEARRING,Amazon Collection,metal,Sterling Silver Open Heart Threader Drop Earrings,B0083ZPE64.jpg,a photo of a Sterling Silver Open Heart Threader Drop Earrings,1,5,4610_img|4924_img|5378_img|5353_img|5248_img|5440_img|4595_img|5567_img|5385_img|5556_img|5196_img|4991_img|4714_img|4692_img|4755_img|5384_img|4850_img|4748_img|5323_img|5458_img
5441,HOME_FURNITURE_AND_DECOR,Amazon Brand - Solimo,Plastic,"Amazon Brand - Solimo 12-inch Wall Clock - Owl Family (Silent Movement, Black Frame)",B08GKYM9GS.jpg,"a photo of a Amazon Brand - Solimo 12-inch Wall Clock - Owl Family (Silent Movement, Black Frame)",1,0,5441_img|5507_img|5273_img|4826_img|5066_img|5301_img|5180_img|5138_img|5254_img|4651_img|5574_img|4931_img|5311_img|4654_img|4526_img|4540_img|5488_img|4800_img|4943_img|4589_img
5442,HOME,UMI,100% polyester,"UMI. Essentials Microfiber Duvet Cover Set,Lightweight and Soft Bedding Set (8 Sizes,12 Colours)(200x200+2x80x80cm,Navy)",B07PQBDBC1.jpg,"a photo of a UMI. Essentials Microfiber Duvet Cover Set,Lightweight and Soft Bedding Set (8 Sizes,12 Colours)(200x200+2x80x80cm,Navy)",1,0,5442_img|4782_img|4666_img|5522_img|4689_img|4998_img|4795_img|5426_img|4993_img|4527_img|4518_img|5249_img|5531_img|4953_img|4521_img|4736_img|5591_img|4949_img|4717_img|4813_img
5443,FINEEARRING,Amazon Collection,metal,Amazon CollectionRose-Gold-Plated Sterling Silver Swarovski Zirconia (1cttw) Round Stud Earrings,B00NFSCVCO.jpg,a photo of a Amazon CollectionRose-Gold-Plated Sterling Silver Swarovski Zirconia (1cttw) Round Stud Earrings,1,0,5443_img|4687_img|5557_img|4922_img|5077_img|5007_img|4857_img|4700_img|4677_img|5371_img|4561_img|5063_img|5141_img|5062_img|5506_img|4896_img|5157_img|5479_img|4627_img|4493_img
5444,FINERING,Amazon Essentials,metal,"Amazon Essentials Yellow Gold Plated Sterling Silver Round Cut Cubic Zirconia All-Around Band Ring (3.5mm), Size 6",B00BG9MOJ4.jpg,"a photo of a Amazon Essentials Yellow Gold Plated Sterling Silver Round Cut Cubic Zirconia All-Around Band Ring (3.5mm), Size 6",1,0,5444_img|4799_img|4716_img|5275_img|5418_img|4828_img|4842_img|5173_img|4627_img|4845_img|5551_img|5433_img|5160_img|5576_img|5056_img|4590_img|4829_img|5168_img|5558_img|4645_img
5445,SHOES,Amazon Brand - Symbol,Leather,Amazon Brand - Symbol Men's Olive Leather Formal Shoes-7 UK/India (41 EU) (AZ-WS-272B),B079V42VTT.jpg,a photo of a Amazon Brand - Symbol Men's Olive Leather Formal Shoes-7 UK/India (41 EU) (AZ-WS-272B),1,0,5445_img|4632_img|5234_img|5423_img|4838_img|5231_img|5512_img|4597_img|4547_img|4558_img|4699_img|5158_img|5001_img|5188_img|4775_img|5410_img|5588_img|5435_img|4517_img|4863_img
5446,CELLULAR_PHONE_CASE,Amazon Brand - Solimo,Plastic,Amazon Brand - Solimo Designer Butterfly Design 3D Printed Hard Back Case Mobile Cover for Nokia 6 (2018),B081HLVSP6.jpg,a photo of a Amazon Brand - Solimo Designer Butterfly Design 3D Printed Hard Back Case Mobile Cover for Nokia 6 (2018),1,1,5369_img|5446_img|4603_img|5207_img|4580_img|5122_img|5548_img|4584_img|4647_img|5054_img|5311_img|4540_img|4743_img|5000_img|5561_img|4522_img|4598_img|4554_img|4525_img|5571_img
5447,FINEEARRING,Amazon Collection,not-applicable,Amazon CollectionSterling Silver Round Checkerboard Cut White Topaz Leverback Earrings (8mm),B01GPY6PRG.jpg,a photo of a Amazon CollectionSterling Silver Round Checkerboard Cut White Topaz Leverback Earrings (8mm),1,3,4557_img|4573_img|4936_img|5447_img|5385_img|5134_img|5482_img|5248_img|4930_img|4595_img|5534_img|4926_img|5458_img|5010_img|4912_img|4844_img|5519_img|4719_img|5157_img|5323_img
5448,WALL_ART,Stone & Beam,paper,"Amazon Brand - Stone & Beam Framed Rustic Appaloosa Horse Print I Wall Art Decor - 23 x 27 Inch, Warm Grey Barnwood",B075YLKCN1.jpg,"a photo of a Amazon Brand - Stone & Beam Framed Rustic Appaloosa Horse Print I Wall Art Decor - 23 x 27 Inch, Warm Grey Barnwood",1,0,5448_img|4812_img|4815_img|5099_img|5338_img|4913_img|5222_img|4740_img|5042_img|4904_img|4679_img|5449_img|5078_img|4730_img|5328_img|5318_img|4631_img|4920_img|5356_img|4969_img
5449,WALL_ART,Rivet,Oak,"Amazon Brand - Rivet Arizona Desert Sand Horizon Photo with Wood Hanger, 40"" x 60""",B073P6DSBQ.jpg,"a photo of a Amazon Brand - Rivet Arizona Desert Sand Horizon Photo with Wood Hanger, 40"" x 60""",1,1,4730_img|5449_img|4631_img|5436_img|5099_img|5338_img|5497_img|4740_img|5328_img|5225_img|5421_img|4985_img|5027_img|4625_img|4715_img|4516_img|5382_img|4551_img|4485_img|4673_img
5450,FINERING,Amazon Collection,rhinestone;,"Platinum-plated Sterling Silver Princess-Cut Solitaire Ring made with Swarovski Zirconia (1/2 cttw), Size 6",B01MZB15L9.jpg,"a photo of a Platinum-plated Sterling Silver Princess-Cut Solitaire Ring made with Swarovski Zirconia (1/2 cttw), Size 6",1,1,5206_img|5450_img|4729_img|4592_img|5498_img|4875_img|4494_img|5084_img|5295_img|5394_img|4896_img|4601_img|5319_img|5131_img|5073_img|5090_img|5183_img|4648_img|4697_img|5292_img
5451,TABLE,Ravenna Home,Wood,"Amazon Brand - Ravenna Home Classic Coffee Table with Side Cutouts, 42""W, Merlot Wood",B07M7NSYC4.jpg,"a photo of a Amazon Brand - Ravenna Home Classic Coffee Table with Side Cutouts, 42""W, Merlot Wood",1,0,5451_img|5255_img|5095_img|4525_img|5043_img|5181_img|5053_img|4718_img|5163_img|5270_img|5578_img|5032_img|5104_img|5414_img|5161_img|4727_img|4907_img|5386_img|5368_img|5381_img
5452,FINEEARRING,Amazon Collection,No aplica,"Amazon CollectionAGS Certified 14k White Gold Round-Cut Diamond Stud Earrings (1/5cttw, K-L Color, I1-I2 Clarity)",B075XW1PW6.jpg,"a photo of a Amazon CollectionAGS Certified 14k White Gold Round-Cut Diamond Stud Earrings (1/5cttw, K-L Color, I1-I2 Clarity)",1,0,5452_img|4508_img|5597_img|5044_img|4818_img|4675_img|4944_img|5036_img|5405_img|4754_img|5018_img|4697_img|4931_img|4586_img|5533_img|5323_img|5292_img|5440_img|5073_img|4999_img
5453,FINENECKLACEBRACELETANKLET,Amazon Collection,Metal,"Sterling Silver Italian 1.2 mm Diamond Cut Box Chain Necklace, 30""",B005DJAG2K.jpg,"a photo of a Sterling Silver Italian 1.2 mm Diamond Cut Box Chain Necklace, 30""",1,0,5453_img|4728_img|5055_img|4810_img|5174_img|5090_img|5473_img|5434_img|5577_img|5084_img|4853_img|5562_img|4661_img|4839_img|5395_img|4997_img|4841_img|5303_img|5415_img|4648_img
5454,HOME,Pinzon by Amazon.com,Egyptian-Cotton,"Pike Street 1220-Thread Count Egyptian Cotton Single-Ply Sateen King Sheet Set, Sage",B003S9W4W2.jpg,"a photo of a Pike Street 1220-Thread Count Egyptian Cotton Single-Ply Sateen King Sheet Set, Sage",1,0,5454_img|5243_img|4633_img|4762_img|4509_img|4838_img|4848_img|5002_img|4605_img|5045_img|4512_img|4680_img|4835_img|5217_img|5462_img|4555_img|5119_img|4813_img|4495_img|4579_img
5455,HOME_BED_AND_BATH,Amazon Brand - Solimo,Polyester,"Amazon Brand - Solimo 100% Cotton Comforter, Double (Damask Dreams, 200GSM_Light Blue)",B076BTBZJ5.jpg,"a photo of a Amazon Brand - Solimo 100% Cotton Comforter, Double (Damask Dreams, 200GSM_Light Blue)",0,-1,5326_img|5144_img|4989_img|4626_img|5502_img|5591_img|4831_img|5233_img|4723_img|5406_img|4708_img|5058_img|5054_img|5569_img|4689_img|4488_img|5198_img|5469_img|5202_img|4639_img
5456,HOME,Amazon Brand - Solimo,Fabric,"Amazon Brand - Solimo Fabric Storage Box with Lid, Small, Set of 3, Multicolor",B081FHW8VH.jpg,"a photo of a Amazon Brand - Solimo Fabric Storage Box with Lid, Small, Set of 3, Multicolor",1,1,5014_img|5456_img|5532_img|5386_img|5245_img|5585_img|4929_img|5560_img|5102_img|5253_img|4921_img|5375_img|5107_img|4967_img|5236_img|4776_img|4491_img|5323_img|5372_img|5552_img
5457,SHOES,Flavia,Polyurethane,Flavia Women's Antique Fashion Sandals-9 UK (41 EU) (10 US) (FL/208/ANT),B07XRZ516H.jpg,a photo of a Flavia Women's Antique Fashion Sandals-9 UK (41 EU) (10 US) (FL/208/ANT),1,5,5431_img|5293_img|5546_img|5584_img|5349_img|5457_img|5539_img|5065_img|5203_img|4504_img|5590_img|4882_img|5035_img|4647_img|4817_img|5054_img|5281_img|5370_img|5387_img|5104_img
5458,FINEEARRING,Amazon Collection,metal,10k White Gold Cushion-Cut Checkerboard Created Ruby leverback Earrings (8mm),B00UTHUWKM.jpg,a photo of a 10k White Gold Cushion-Cut Checkerboard Created Ruby leverback Earrings (8mm),1,0,5458_img|4557_img|4573_img|4936_img|5385_img|5447_img|5134_img|4640_img|5303_img|5479_img|4924_img|5046_img|4690_img|4926_img|4930_img|4546_img|5381_img|5172_img|5248_img|4858_img
5459,SOFA,Stone & Beam,stone,"Amazon Brand - Stone & Beam Brandeberry Farmhouse Charles of London Sofa, 82""W, Stone",B07B4MHTM6.jpg,"a photo of a Amazon Brand - Stone & Beam Brandeberry Farmhouse Charles of London Sofa, 82""W, Stone",1,0,5459_img|5226_img|5329_img|5348_img|4616_img|4695_img|4599_img|4686_img|4678_img|5278_img|4950_img|4583_img|4518_img|5483_img|4863_img|5514_img|4529_img|4767_img|4771_img|5578_img
5460,TABLE,Movian,Engineered Wood,"Amazon Brand - Movian Martin Geometric Bookcase/Shelving unit with 3-Shelves, 35 x 77 x 114 cm, Oak Effect/Black Metal Frame",B07QTS7BWK.jpg,"a photo of a Amazon Brand - Movian Martin Geometric Bookcase/Shelving unit with 3-Shelves, 35 x 77 x 114 cm, Oak Effect/Black Metal Frame",1,1,5094_img|5460_img|5057_img|4530_img|5092_img|5582_img|4685_img|4860_img|4917_img|5496_img|5080_img|4733_img|4925_img|4761_img|5549_img|5484_img|5149_img|5003_img|4652_img|5372_img
5461,CELLULAR_PHONE_CASE,Amazon Brand - Solimo,Plastic,Amazon Brand - Solimo Designer Keep Calm and Shop 3D Printed Hard Back Case Mobile Cover for Samsung Galaxy M21,B08511K5Z7.jpg,a photo of a Amazon Brand - Solimo Designer Keep Calm and Shop 3D Printed Hard Back Case Mobile Cover for Samsung Galaxy M21,1,18,4769_img|5500_img|4528_img|4927_img|4883_img|4947_img|5481_img|4668_img|5029_img|4634_img|5098_img|4972_img|5334_img|4975_img|5177_img|5221_img|5561_img|4919_img|5461_img|5565_img
5462,HOME,Pinzon by Amazon.com,cotton,"Pinzon Luxury Reversible Cotton Bath Mat, 17-by-24-Inch, Sage",B000T2PG6W.jpg,"a photo of a Pinzon Luxury Reversible Cotton Bath Mat, 17-by-24-Inch, Sage",1,0,5462_img|4992_img|5359_img|5022_img|4563_img|5293_img|5509_img|4791_img|5331_img|4838_img|4765_img|4626_img|4915_img|5380_img|5467_img|5492_img|5357_img|5266_img|5570_img|5527_img
5463,SHOES,find.,Leather,"Amazon Brand - find. Men's Jute Sole Soft Leather Loafer, Taupe, US 11",B07J2C82MB.jpg,"a photo of a Amazon Brand - find. Men's Jute Sole Soft Leather Loafer, Taupe, US 11",1,3,5466_img|5579_img|4946_img|5463_img|4882_img|4684_img|5105_img|4817_img|4504_img|5457_img|5584_img|5035_img|5281_img|4558_img|4708_img|4613_img|4632_img|5335_img|5203_img|5309_img
5464,RUG,Rivet,wool,"Rivet Handcrafted Wool-and-Cotton Rug with Undulating Stripes, 8' x 10', Cream and Taupe",B07QB8JQ5H.jpg,"a photo of a Rivet Handcrafted Wool-and-Cotton Rug with Undulating Stripes, 8' x 10', Cream and Taupe",1,0,5464_img|4719_img|5096_img|4672_img|4702_img|5227_img|4957_img|4705_img|5164_img|5256_img|5261_img|5156_img|4937_img|4713_img|5331_img|4622_img|5010_img|5397_img|5218_img|5265_img
5465,CELLULAR_PHONE_CASE,Amazon Brand - Solimo,Silicon,Amazon Brand - Solimo Designer Pink Flowers UV Printed Soft Back Case Mobile Cover for Comio X1,B0857LXVXH.jpg,a photo of a Amazon Brand - Solimo Designer Pink Flowers UV Printed Soft Back Case Mobile Cover for Comio X1,1,2,4970_img|4779_img|5465_img|5446_img|5425_img|4894_img|4827_img|5207_img|4887_img|5095_img|5428_img|5129_img|4825_img|5402_img|5210_img|5571_img|5596_img|5122_img|4809_img|4521_img
5466,SHOES,Amazon Brand - Symbol,Leather,Symbol Amazon Brand Men's Leather Formal Loafers- 8 UK/India (42 EU)(AZ-WS-122A),B075T3PJ5G.jpg,a photo of a Symbol Amazon Brand Men's Leather Formal Loafers- 8 UK/India (42 EU)(AZ-WS-122A),1,0,5466_img|4684_img|4817_img|5309_img|5105_img|4946_img|5035_img|5281_img|5579_img|5158_img|5584_img|5463_img|4708_img|5423_img|4597_img|5203_img|5234_img|4558_img|4504_img|4593_img
5467,KITCHEN,AmazonBasics,stainless steel,"AmazonBasics Course Hand Grater with Stainless Steel Blade, Soft Grip Handle, Grey and Green (Renewed)",B08B7XRSS1.jpg,"a photo of a AmazonBasics Course Hand Grater with Stainless Steel Blade, Soft Grip Handle, Grey and Green (Renewed)",1,1,5266_img|5467_img|5021_img|5393_img|5599_img|4793_img|4488_img|4751_img|4903_img|4618_img|4711_img|4959_img|4641_img|4865_img|5361_img|4952_img|5445_img|4878_img|4790_img|5508_img
5468,RUG,Amazon Basics,Polypropylene,"Amazon Basics Modern Plush Standard-Pile Shag Area Rug - 5x8 (4'11"" x 7'8""), Ivory",B07Q5ZXRDV.jpg,"a photo of a Amazon Basics Modern Plush Standard-Pile Shag Area Rug - 5x8 (4'11"" x 7'8""), Ivory",1,0,5468_img|4724_img|4854_img|4943_img|4555_img|4654_img|4663_img|4571_img|5010_img|4579_img|5024_img|5119_img|4605_img|5510_img|4607_img|4900_img|5261_img|5484_img|4770_img|4676_img
5469,FINEEARRING,Amazon Collection,Not applicable,Women's Platinum Plated Sterling Silver Natural Paraiba Topaz Swarovski Stud Earrings,B079Y6HDZ8.jpg,a photo of a Women's Platinum Plated Sterling Silver Natural Paraiba Topaz Swarovski Stud Earrings,1,0,5469_img|4891_img|4967_img|4618_img|4816_img|5292_img|4932_img|4697_img|4978_img|4572_img|4822_img|4818_img|4711_img|5073_img|4693_img|5369_img|5044_img|4848_img|5002_img|4508_img
5470,KITCHEN,Amazon Brand - Solimo,Stainless Steel,"Amazon Brand - Solimo 6 Piece Stainless Steel Table Spoon Set, Stripes, Silver",B06Y13D6D9.jpg,"a photo of a Amazon Brand - Solimo 6 Piece Stainless Steel Table Spoon Set, Stripes, Silver",1,0,5470_img|4774_img|5020_img|4671_img|4641_img|4489_img|5088_img|5594_img|5285_img|5493_img|4780_img|4850_img|5393_img|5323_img|5541_img|4781_img|5021_img|4821_img|5464_img|5547_img
5471,HOME_BED_AND_BATH,Pinzon by Amazon,100% cotton,"Pinzon by Amazon 'Everyday' Spannbetttuch, Baumwolle, 140 x 190 x 30 cm - Elfenbein",B00MGSI7S6.jpg,"a photo of a Pinzon by Amazon 'Everyday' Spannbetttuch, Baumwolle, 140 x 190 x 30 cm - Elfenbein",1,1,4674_img|5471_img|5417_img|4982_img|5274_img|4787_img|5355_img|5148_img|5427_img|5414_img|5219_img|4772_img|4942_img|5595_img|4623_img|5116_img|4871_img|5568_img|4510_img|4962_img
5472,CELLULAR_PHONE_CASE,Amazon Brand - Solimo,Silicone,Amazon Brand - Solimo Designer Meow UV Printed Soft Back Case Mobile Cover for Mi Redmi Note 4,B0856B6WFT.jpg,a photo of a Amazon Brand - Solimo Designer Meow UV Printed Soft Back Case Mobile Cover for Mi Redmi Note 4,1,0,5472_img|4951_img|4554_img|4900_img|4607_img|5000_img|4947_img|5461_img|5029_img|4769_img|5334_img|5498_img|4883_img|4537_img|4691_img|5206_img|5450_img|4972_img|5302_img|5321_img
5473,FINENECKLACEBRACELETANKLET,Amazon Collection,metal,"Women's 10k White Gold Swarovski Zirconia Round Bezel Solitaire Necklace, One Size",B07DP4HMJF.jpg,"a photo of a Women's 10k White Gold Swarovski Zirconia Round Bezel Solitaire Necklace, One Size",1,0,5473_img|5395_img|5562_img|5577_img|5055_img|4797_img|5494_img|5434_img|4728_img|4989_img|5453_img|5340_img|4661_img|5295_img|5090_img|5084_img|5286_img|5056_img|4764_img|4803_img
5474,HOME_BED_AND_BATH,Pinzon by Amazon,cotton&down,"Pinzon by Amazon leichte Steppdecke, weie Entendaunen und -federn - 155 x 220 cm (6 TOG)",B00UYL732I.jpg,"a photo of a Pinzon by Amazon leichte Steppdecke, weie Entendaunen und -federn - 155 x 220 cm (6 TOG)",0,-1,4623_img|4965_img|4667_img|5429_img|5283_img|4617_img|5200_img|5316_img|5417_img|5201_img|5116_img|5296_img|5352_img|4512_img|4674_img|5288_img|5554_img|4525_img|4689_img|4499_img
5475,SHOES,Bourge,Mesh,Bourge Men's Loire-154 D.Grey and Red Footwear-8 UK (42 EU) (9 US) (Loire-154-08),B07Z896V7Z.jpg,a photo of a Bourge Men's Loire-154 D.Grey and Red Footwear-8 UK (42 EU) (9 US) (Loire-154-08),1,1,4546_img|5475_img|5259_img|5458_img|4640_img|4565_img|4587_img|5354_img|4747_img|5121_img|4990_img|4833_img|4820_img|5082_img|5384_img|5537_img|4858_img|4890_img|4593_img|4694_img
5476,WALL_ART,Rivet,canvas,"Amazon Brand - Rivet Contemporary Striped Print with Sand Texture Wall Art Decor on Canvas - 30 x 40 Inch, Pink and Blue",B07HSLTFY3.jpg,"a photo of a Amazon Brand - Rivet Contemporary Striped Print with Sand Texture Wall Art Decor on Canvas - 30 x 40 Inch, Pink and Blue",1,1,4567_img|5476_img|4731_img|5464_img|5100_img|5389_img|4929_img|5331_img|5117_img|4533_img|4521_img|5388_img|4485_img|4493_img|5227_img|4887_img|4987_img|5365_img|4621_img|4841_img
5477,CELLULAR_PHONE_CASE,Amazon Brand - Solimo,Plastic,Amazon Brand - Solimo Designer Watermelon Pattern 3D Printed Hard Back Case Mobile Cover for Vivo S1 Pro,B08569W3CG.jpg,a photo of a Amazon Brand - Solimo Designer Watermelon Pattern 3D Printed Hard Back Case Mobile Cover for Vivo S1 Pro,1,0,5477_img|4580_img|5054_img|5210_img|4903_img|4988_img|4743_img|5381_img|5098_img|5247_img|5266_img|5288_img|5207_img|4775_img|5058_img|4525_img|5000_img|5406_img|4878_img|4603_img
5478,SOFA,Amazon Brand - Solimo,Leatherette,Amazon Brand - Solimo Dual-Toned Leatherette 1 Seater Sofa (Red & Black),B07RF88QZ8.jpg,a photo of a Amazon Brand - Solimo Dual-Toned Leatherette 1 Seater Sofa (Red & Black),1,0,5478_img|5592_img|4864_img|4678_img|5553_img|5354_img|5032_img|5344_img|5161_img|5308_img|5433_img|4804_img|5121_img|4858_img|5381_img|4827_img|4894_img|5475_img|5145_img|5270_img
5479,FINEEARRING,Amazon Collection,Metal,14k White Gold Cushion-Cut Checkerboard Created Pink Sapphire Stud Earrings (8mm),B00UYIH75Y.jpg,a photo of a 14k White Gold Cushion-Cut Checkerboard Created Pink Sapphire Stud Earrings (8mm),1,0,5479_img|4640_img|5193_img|5443_img|5157_img|4687_img|4896_img|4929_img|5458_img|5077_img|4990_img|4995_img|4561_img|4847_img|5371_img|4693_img|5292_img|4677_img|4857_img|5578_img
5480,TABLE,AmazonBasics,Medium-density Fibreboard,AmazonBasics Classic 2-Drawer Wood Nightstand End Table - White Oak,B07PX3D82S.jpg,a photo of a AmazonBasics Classic 2-Drawer Wood Nightstand End Table - White Oak,1,0,5480_img|5189_img|5545_img|5575_img|5432_img|5103_img|4925_img|5489_img|5327_img|4777_img|5484_img|5582_img|5205_img|4761_img|4733_img|4935_img|4732_img|5263_img|5424_img|5282_img
5481,CELLULAR_PHONE_CASE,Amazon Brand - Solimo,Silicon::Plastic,Amazon Brand - Solimo Hybrid Shockproof Mobile Case Cover for Samsung Galaxy Note 10 Plus (Black),B083P93J71.jpg,a photo of a Amazon Brand - Solimo Hybrid Shockproof Mobile Case Cover for Samsung Galaxy Note 10 Plus (Black),1,1,4691_img|5481_img|5029_img|4939_img|4947_img|4927_img|4769_img|4528_img|5334_img|5496_img|4972_img|4966_img|5169_img|4883_img|5488_img|5221_img|5500_img|5377_img|4977_img|4624_img
5482,FINEEARRING,Amazon Collection,Resina sintetica,Orecchini a goccia in argento Sterling con fiore pressato,B005UQ1IW8.jpg,a photo of a Orecchini a goccia in argento Sterling con fiore pressato,0,-1,4932_img|4959_img|5182_img|4670_img|4792_img|4483_img|4711_img|5237_img|4995_img|4967_img|5041_img|4878_img|4989_img|5503_img|4822_img|5307_img|5293_img|5445_img|5599_img|5248_img
5483,HOME_FURNITURE_AND_DECOR,Stone & Beam,Solid Hardwood/Fabric,"Amazon Brand - Stone & Beam Hoffman Down-Filled Performance Fabric Loveseat Sofa, 79""W, Grey Tweed",B072JG3WSN.jpg,"a photo of a Amazon Brand - Stone & Beam Hoffman Down-Filled Performance Fabric Loveseat Sofa, 79""W, Grey Tweed",1,0,5483_img|5495_img|5226_img|4832_img|4950_img|4948_img|4768_img|5050_img|4599_img|4695_img|4866_img|5459_img|5529_img|4686_img|4767_img|5028_img|4550_img|4529_img|4830_img|5514_img
5484,HOME_FURNITURE_AND_DECOR,Movian,Other,"Amazon Brand - Movian MULTIBOX 2, Bookcase, 39.1 x 33.1 x 73.6 cm, White",B07YN51FXQ.jpg,"a photo of a Amazon Brand - Movian MULTIBOX 2, Bookcase, 39.1 x 33.1 x 73.6 cm, White",1,1,5582_img|5484_img|4925_img|5263_img|4733_img|4761_img|4917_img|5282_img|5189_img|4535_img|5149_img|5460_img|5205_img|5094_img|5092_img|4586_img|4935_img|4824_img|5516_img|5006_img
5485,FINEEARRING,Amazon Collection,Metal,"Pendientes de tuerca de oro blanco de 10 quilates con piedra preciosa corte princesa,5mm",B00433SL60.jpg,"a photo of a Pendientes de tuerca de oro blanco de 10 quilates con piedra preciosa corte princesa,5mm",1,5,4561_img|5016_img|5157_img|4844_img|4896_img|5485_img|4995_img|4687_img|5131_img|4637_img|5292_img|4967_img|5077_img|4755_img|5324_img|5373_img|4851_img|4905_img|4697_img|4874_img
5486,TABLE,Stone & Beam,wood,"Amazon Brand - Stone & Beam Sparrow Modern Industrial Coffee Table, 55.1""W, Wood and Bronze",B075Z85VX9.jpg,"a photo of a Amazon Brand - Stone & Beam Sparrow Modern Industrial Coffee Table, 55.1""W, Wood and Bronze",1,0,5486_img|4862_img|4907_img|4974_img|5350_img|4544_img|5053_img|5401_img|5139_img|5396_img|4971_img|4660_img|4866_img|4602_img|5184_img|4646_img|5013_img|5080_img|5255_img|5345_img
5487,SHOES,Belini,Mesh,Belini Women's Black Running Shoes-8 UK (41 EU) (BS 132BLACK8),B085D7NZ75.jpg,a photo of a Belini Women's Black Running Shoes-8 UK (41 EU) (BS 132BLACK8),1,0,5487_img|4833_img|5430_img|4511_img|5590_img|5004_img|5264_img|5539_img|5546_img|4861_img|4681_img|5457_img|4546_img|5475_img|5420_img|4824_img|5312_img|5431_img|5293_img|5387_img
5488,TABLE,AmazonBasics,Wood,"AmazonBasics Lift-Top Storage Coffee Table, Black",B07J29V51Q.jpg,"a photo of a AmazonBasics Lift-Top Storage Coffee Table, Black",1,0,5488_img|5496_img|5032_img|5398_img|4552_img|4685_img|5255_img|5575_img|4921_img|5005_img|4899_img|4935_img|4978_img|5480_img|4726_img|5451_img|5368_img|4966_img|5169_img|5103_img
5489,CHAIR,Stone & Beam,stone,"Amazon Brand - Stone & Beam Andover Modern Living Room Accent Chair, 35""H, Cream",B07B4MPXJP.jpg,"a photo of a Amazon Brand - Stone & Beam Andover Modern Living Room Accent Chair, 35""H, Cream",1,0,5489_img|5390_img|5166_img|4732_img|4656_img|5491_img|5555_img|4777_img|5538_img|5529_img|4714_img|4960_img|5252_img|4916_img|4616_img|5260_img|4586_img|5238_img|5304_img|4662_img
5490,SOFA,Movian,Polyester,Amazon Brand Movian Buran Fauteuil rembourre Gris 77 x 92 x 86 cm,B07K95NLNC.jpg,a photo of a Amazon Brand Movian Buran Fauteuil rembourre Gris 77 x 92 x 86 cm,1,1,5072_img|5490_img|4703_img|5064_img|4855_img|4768_img|5123_img|4837_img|4487_img|5241_img|4948_img|5515_img|5315_img|5298_img|5246_img|4664_img|4960_img|4823_img|5313_img|5010_img
5491,CHAIR,Stone & Beam,Linen,"Amazon Brand - Stone & Beam Andover Modern Living Room Accent Chair, 38""W, Grey Linen",B07B4MRJ6Z.jpg,"a photo of a Amazon Brand - Stone & Beam Andover Modern Living Room Accent Chair, 38""W, Grey Linen",1,0,5491_img|5166_img|5252_img|5390_img|5529_img|5555_img|4656_img|4969_img|4732_img|5241_img|5489_img|5246_img|5538_img|5382_img|4916_img|5366_img|5510_img|5256_img|5204_img|4703_img
5492,RUG,Rivet,wool,"Amazon Brand - Rivet Contemporary Geometric Wool Runner Hallway Rug, 2' 6"" x 8', Grey, Ivory",B07B4YVDH9.jpg,"a photo of a Amazon Brand - Rivet Contemporary Geometric Wool Runner Hallway Rug, 2' 6"" x 8', Grey, Ivory",1,7,5096_img|5164_img|5261_img|5260_img|4934_img|5464_img|4535_img|5492_img|4655_img|5106_img|4702_img|4560_img|5218_img|5015_img|4663_img|4801_img|5265_img|4770_img|5028_img|4672_img
5493,HOME,AmazonBasics,nickel_silver,"AmazonBasics 1"" Curtain Rod with Cap Finials, 72"" to 144"" and AmazonBasics 1"" Curtain Clip Ring, Set of 7, Nickel",B07588G261.jpg,"a photo of a AmazonBasics 1"" Curtain Rod with Cap Finials, 72"" to 144"" and AmazonBasics 1"" Curtain Clip Ring, Set of 7, Nickel",1,0,5493_img|4758_img|5337_img|5416_img|4865_img|5599_img|4754_img|5452_img|5056_img|5200_img|4671_img|5018_img|5216_img|4850_img|5088_img|4490_img|5533_img|5006_img|5113_img|4667_img
5494,FINENECKLACEBRACELETANKLET,Amazon Collection,metal,"Amazon CollectionPlata de ley Collar con Colgante""ir en la direcciA3n de tus SueAos"" con brAojula, 45,7A cm",B00R7NEDHE.jpg,"a photo of a Amazon CollectionPlata de ley Collar con Colgante""ir en la direcciA3n de tus SueAos"" con brAojula, 45,7A cm",0,-1,5055_img|4728_img|4661_img|5434_img|5453_img|4648_img|5562_img|5090_img|5580_img|5084_img|5305_img|5577_img|5179_img|5473_img|5295_img|5303_img|5150_img|5190_img|4810_img|4853_img
5495,HOME_FURNITURE_AND_DECOR,Stone & Beam,Hardwood/Laminate Wood With 100% Cotton,"Amazon Brand - Stone & Beam Carrigan Modern Loveseat Sofa Couch with Slipcover, 68""W, Grey Taupe",B073G9JY6Y.jpg,"a photo of a Amazon Brand - Stone & Beam Carrigan Modern Loveseat Sofa Couch with Slipcover, 68""W, Grey Taupe",1,1,5226_img|5495_img|4832_img|5483_img|5252_img|5491_img|4950_img|5529_img|4529_img|4599_img|4948_img|4686_img|5459_img|4695_img|5083_img|4830_img|5589_img|4807_img|4550_img|5283_img
5496,HOME_FURNITURE_AND_DECOR,Pinzon,Unknown Material,"Pinzon TV Bench, Espresso",B001ELJ9KG.jpg,"a photo of a Pinzon TV Bench, Espresso",1,0,5496_img|5181_img|5080_img|4646_img|5032_img|5451_img|5224_img|4940_img|5137_img|5255_img|5488_img|4602_img|5344_img|4685_img|5401_img|4899_img|5424_img|4757_img|5545_img|4652_img
5497,WALL_ART,Rivet,wood,"Amazon Brand - Rivet American Forest Map Wall Art Print in Gold Wood Frame, 30"" x 30""",B073P5QKNH.jpg,"a photo of a Amazon Brand - Rivet American Forest Map Wall Art Print in Gold Wood Frame, 30"" x 30""",1,0,5497_img|5421_img|4551_img|5225_img|4673_img|4730_img|5277_img|5550_img|5449_img|4867_img|5536_img|5328_img|5048_img|4615_img|4516_img|4785_img|4985_img|4631_img|4944_img|5405_img
5498,FINERING,Amazon Collection,metal,"Platinum-plated Sterling Silver Princess-Cut Solitaire Ring made with Swarovski Zirconia (1 cttw), Size 9",B012SZZF9K.jpg,"a photo of a Platinum-plated Sterling Silver Princess-Cut Solitaire Ring made with Swarovski Zirconia (1 cttw), Size 9",1,4,5206_img|5450_img|4729_img|4592_img|5498_img|4875_img|4494_img|5084_img|5295_img|5394_img|4896_img|4601_img|5131_img|5319_img|5090_img|5183_img|5073_img|4697_img|5292_img|4648_img
5499,FINENECKLACEBRACELETANKLET,Amazon Collection,Metal,"Sterling Silver Swarovski Elements Crystal Dolphin Pendant Necklace, 18""",B0079AZSL0.jpg,"a photo of a Sterling Silver Swarovski Elements Crystal Dolphin Pendant Necklace, 18""",1,2,4783_img|5078_img|5499_img|4639_img|4679_img|4618_img|4904_img|5286_img|4648_img|4989_img|5280_img|5319_img|4728_img|4959_img|4913_img|5448_img|5202_img|5400_img|5190_img|5082_img
5500,CELLULAR_PHONE_CASE,Amazon Brand - Solimo,Plastic,Amazon Brand - Solimo Designer Super Girl On Foil 3D Printed Hard Back Case Mobile Cover for Oppo A9 (2020),B085691413.jpg,a photo of a Amazon Brand - Solimo Designer Super Girl On Foil 3D Printed Hard Back Case Mobile Cover for Oppo A9 (2020),1,10,4919_img|5287_img|4659_img|5343_img|4972_img|4739_img|5561_img|4578_img|5339_img|4668_img|5500_img|5223_img|5431_img|4893_img|4634_img|5524_img|4769_img|5214_img|5546_img|4975_img
5501,RUG,Stone & Beam,stone,"Amazon Brand - Stone & Beam Los Altos Striped Dhurrie Farmhouse Area Rug, 5' x 7' 6"", Blue and Ivory",B075Z9S1ZJ.jpg,"a photo of a Amazon Brand - Stone & Beam Los Altos Striped Dhurrie Farmhouse Area Rug, 5' x 7' 6"", Blue and Ivory",1,0,5501_img|5156_img|4705_img|5389_img|4930_img|4548_img|4719_img|4717_img|4702_img|4713_img|4555_img|4534_img|5227_img|5051_img|5504_img|5464_img|5232_img|4586_img|4912_img|5127_img
5502,HOME_BED_AND_BATH,AmazonBasics,100% Cotton,AmazonBasics 400TC Cotton Sateen Wrinkle Free Fitted Sheet Smokey Blue 135 x 190 x 30 cm,B00Q8I9EUK.jpg,a photo of a AmazonBasics 400TC Cotton Sateen Wrinkle Free Fitted Sheet Smokey Blue 135 x 190 x 30 cm,1,0,5502_img|4831_img|4942_img|4495_img|5310_img|4835_img|4856_img|5175_img|4666_img|5045_img|4813_img|5365_img|5201_img|4680_img|5469_img|4962_img|4891_img|4499_img|5307_img|4507_img
5503,WALL_ART,Rivet,canvas,"Amazon Brand - Rivet Ripple Teal Succulent Canvas Print Wall Art Decor, 12"" x 12""",B073P1CK5F.jpg,"a photo of a Amazon Brand - Rivet Ripple Teal Succulent Canvas Print Wall Art Decor, 12"" x 12""",1,0,5503_img|4884_img|5382_img|4983_img|4517_img|4618_img|4759_img|5331_img|4631_img|5536_img|4904_img|5277_img|4932_img|5198_img|4901_img|4625_img|4715_img|5197_img|5469_img|5237_img
5504,RUG,Stone & Beam,stone,"Amazon Brand - Stone & Beam Casual Geometric Cotton Area Rug, 5 x 8 Foot, Flatweave, Blue, Orange, Ivory",B07B4WKMRB.jpg,"a photo of a Amazon Brand - Stone & Beam Casual Geometric Cotton Area Rug, 5 x 8 Foot, Flatweave, Blue, Orange, Ivory",1,0,5504_img|5381_img|4705_img|5015_img|5362_img|5326_img|4713_img|5227_img|4548_img|4930_img|4581_img|4721_img|5172_img|4723_img|4609_img|4953_img|5531_img|4650_img|5566_img|5333_img
5505,SOFA,Rivet,Linen,"Amazon Brand - Rivet Edgewest Low Back Modern Right Chaise Sofa Sectional, 115""W, Grey Linen",B07B4FZXK2.jpg,"a photo of a Amazon Brand - Rivet Edgewest Low Back Modern Right Chaise Sofa Sectional, 115""W, Grey Linen",1,0,5505_img|4906_img|4571_img|4660_img|4955_img|5112_img|4529_img|5175_img|4562_img|5136_img|4830_img|5069_img|5079_img|4834_img|4856_img|5244_img|4606_img|5525_img|5396_img|5510_img
5506,FINERING,Amazon Collection,Not Applicable,"Rose-Gold-Plated Sterling Silver Princess-Cut 5-Stone Ring made with Swarovski Zirconia (3 cttw), Size 8",B07359R9YM.jpg,"a photo of a Rose-Gold-Plated Sterling Silver Princess-Cut 5-Stone Ring made with Swarovski Zirconia (3 cttw), Size 8",1,0,5506_img|4493_img|5007_img|4897_img|4601_img|4885_img|5557_img|5485_img|4592_img|4896_img|4700_img|4539_img|5183_img|5319_img|5097_img|4987_img|5160_img|5131_img|4510_img|5578_img
5507,HOME_FURNITURE_AND_DECOR,Amazon Brand - Solimo,Plastic,"Amazon Brand - Solimo 12-inch Wall Clock - Spartan (Silent Movement, Black Frame)",B08GKZ6PLD.jpg,"a photo of a Amazon Brand - Solimo 12-inch Wall Clock - Spartan (Silent Movement, Black Frame)",1,4,5066_img|5180_img|5301_img|5138_img|5507_img|5441_img|5273_img|4651_img|5254_img|4826_img|5056_img|5116_img|5216_img|4726_img|4482_img|4764_img|4782_img|5526_img|5170_img|4552_img
5508,RUG,Rivet,wool,"Amazon Brand - Rivet Diamond Trellis Tassel Wool Rug, 7'6"" x 9'6"", Ivory",B0719STF79.jpg,"a photo of a Amazon Brand - Rivet Diamond Trellis Tassel Wool Rug, 7'6"" x 9'6"", Ivory",0,-1,4957_img|4713_img|5406_img|5492_img|4721_img|5010_img|4770_img|5144_img|5261_img|5233_img|4663_img|5464_img|5260_img|5256_img|5198_img|5164_img|5316_img|5265_img|4901_img|4580_img
5509,HOME,Pinzon by Amazon,Algodon,"Pinzon Quilted Manteles Individuales Y Coordinacion servilleta Sets, Gris, 1",B00E7NQTGK.jpg,"a photo of a Pinzon Quilted Manteles Individuales Y Coordinacion servilleta Sets, Gris, 1",1,1,4626_img|5509_img|4723_img|5385_img|5547_img|5233_img|5144_img|5447_img|4737_img|4776_img|4522_img|4956_img|5060_img|4671_img|4644_img|5419_img|4502_img|5196_img|4911_img|5120_img
5510,RUG,Stone & Beam,stone,"Amazon Brand - Stone & Beam Casual Handwoven Area Rug 8' x 10', Ivory",B07QB8J5ML.jpg,"a photo of a Amazon Brand - Stone & Beam Casual Handwoven Area Rug 8' x 10', Ivory",0,-1,4957_img|5238_img|4930_img|5333_img|5390_img|5357_img|5218_img|5501_img|5256_img|5407_img|5156_img|4609_img|5260_img|5492_img|5335_img|4719_img|5570_img|5464_img|4750_img|4662_img
5511,SHOES,Centrino,Synthetic,Centrino Men's Black Fisherman Sandals-10 UK (44 EU) (11 US) (6105-01),B08C39TL9P.jpg,a photo of a Centrino Men's Black Fisherman Sandals-10 UK (44 EU) (11 US) (6105-01),1,0,5511_img|5065_img|5349_img|5309_img|5203_img|4817_img|5584_img|4684_img|5588_img|5546_img|5587_img|5052_img|4628_img|4911_img|5047_img|5281_img|4791_img|4558_img|4515_img|5294_img
5512,FINENECKLACEBRACELETANKLET,Amazon Collection,Metal,Amazon Collection Mujer 925 14k oro amarillo y plata esterlina heart-shape;round-shape I-J diamante peridoto,B005GD3G0C.jpg,a photo of a Amazon Collection Mujer 925 14k oro amarillo y plata esterlina heart-shape;round-shape I-J diamante peridoto,1,0,5512_img|5026_img|4938_img|5229_img|5537_img|5384_img|5165_img|4991_img|4519_img|4794_img|5081_img|4547_img|4959_img|5353_img|5562_img|5280_img|5190_img|4574_img|5434_img|4483_img
5513,KITCHEN,Amazon Brand - Solimo,Aluminium,"(Renewed) Amazon Brand - Solimo Non Stick Cookware Set (22cm Kadhai, 26cm Tawa, Induction and Gas Compatible)",B07WH3RGW8.jpg,"a photo of a (Renewed) Amazon Brand - Solimo Non Stick Cookware Set (22cm Kadhai, 26cm Tawa, Induction and Gas Compatible)",1,0,5513_img|5552_img|4526_img|5358_img|5585_img|4780_img|4491_img|4725_img|4489_img|5102_img|5594_img|5030_img|5386_img|4538_img|4587_img|4582_img|5012_img|5354_img|5518_img|5285_img
5514,SOFA,Stone & Beam,Wood,"Amazon Brand - Stone & Beam Kristin Sofa, 88""W, Indigo",B07HZ6LL7B.jpg,"a photo of a Amazon Brand - Stone & Beam Kristin Sofa, 88""W, Indigo",1,0,5514_img|4636_img|4518_img|4796_img|4804_img|5137_img|5050_img|4767_img|4950_img|4840_img|5226_img|5483_img|4686_img|5278_img|5459_img|4866_img|4695_img|4666_img|4678_img|5146_img
5515,CHAIR,Movian,Polyester,Amazon Brand Movian Dofsan Chair 100 x 93 x 86 cm Grey,B075NR8HWJ.jpg,a photo of a Amazon Brand Movian Dofsan Chair 100 x 93 x 86 cm Grey,1,6,5072_img|5490_img|5064_img|5123_img|4768_img|4855_img|5515_img|4703_img|4487_img|5241_img|4837_img|4868_img|5009_img|4510_img|4823_img|4776_img|4960_img|4948_img|5178_img|5010_img
5516,HOME,Eono,Bois,Eono by Amazon - Cadre en Photos de 10x10 cm (avec Passe-Partout) et 20x20 cm (sans Passe-Partout) avec Verre Haute definition et Support arriere a Poser sur Un Meuble ou a accrocher au Mur Blanc,B07XDP85NM.jpg,a photo of a Eono by Amazon - Cadre en Photos de 10x10 cm (avec Passe-Partout) et 20x20 cm (sans Passe-Partout) avec Verre Haute definition et Support arriere a Poser sur Un Meuble ou a accrocher au Mur Blanc,1,2,4570_img|5142_img|5516_img|4688_img|4501_img|4805_img|5159_img|4600_img|5582_img|5162_img|5003_img|4630_img|4983_img|5484_img|4635_img|4624_img|5328_img|4917_img|5460_img|4925_img
5517,RUG,Stone & Beam,wool,"Amazon Brand - Stone & Beam Contemporary Speckle Wool Area Rug, 5' x 7' 6"", Grey",B071ZJ6C4W.jpg,"a photo of a Amazon Brand - Stone & Beam Contemporary Speckle Wool Area Rug, 5' x 7' 6"", Grey",1,2,5510_img|4704_img|5517_img|5342_img|5397_img|4901_img|4605_img|4672_img|4579_img|5256_img|4596_img|5119_img|5176_img|4943_img|5589_img|5491_img|4854_img|4569_img|5127_img|5357_img
5518,KITCHEN,Amazon Brand - Solimo,Stainless Steel,Amazon Brand - Solimo Premium Stainless Steel 20cm Dutch Oven with lid,B07PWGVHYB.jpg,a photo of a Amazon Brand - Solimo Premium Stainless Steel 20cm Dutch Oven with lid,1,0,5518_img|4611_img|4543_img|4500_img|5030_img|4835_img|4582_img|4821_img|5183_img|4553_img|5012_img|4871_img|5071_img|5525_img|4898_img|4550_img|5139_img|4945_img|4772_img|5226_img
5519,FINEEARRING,Amazon Collection,Not applicable,Sterling Silver Genuine Citrine 5mm and 3mm Three Stone November Birthstone Leverback Dangle Earrings,B073S7RQWP.jpg,a photo of a Sterling Silver Genuine Citrine 5mm and 3mm Three Stone November Birthstone Leverback Dangle Earrings,1,0,5519_img|5016_img|4844_img|5041_img|5248_img|4519_img|4557_img|4573_img|4936_img|4986_img|4926_img|5482_img|4755_img|4905_img|5157_img|5373_img|4846_img|4981_img|4912_img|4924_img
5520,KITCHEN,Amazon Brand - Solimo,Aluminium,Amazon Brand - Solimo Pressure Cooker Vent Tube with nut and washer,B07P825667.jpg,a photo of a Amazon Brand - Solimo Pressure Cooker Vent Tube with nut and washer,1,6,5216_img|4958_img|4939_img|5337_img|5416_img|4869_img|5520_img|5071_img|4734_img|4865_img|4553_img|5467_img|5049_img|4821_img|5437_img|4872_img|5526_img|5266_img|4500_img|5154_img
5521,FINENECKLACEBRACELETANKLET,Amazon Essentials,Metal,"Amazon Essentials Platinum Plated Sterling Silver Round Cut Cubic Zirconia Tennis Bracelet (6mm), 7""",B009OYO5PY.jpg,"a photo of a Amazon Essentials Platinum Plated Sterling Silver Round Cut Cubic Zirconia Tennis Bracelet (6mm), 7""",1,0,5521_img|5438_img|5543_img|4742_img|4771_img|4728_img|4909_img|4710_img|5558_img|5040_img|5577_img|5173_img|4822_img|4911_img|5132_img|5297_img|5062_img|4711_img|5444_img|5409_img
5522,HOME,UMI,Plastico,"UMI Merryfeel Microfiber Duvet Cover Set,Lightweight and Soft Bedding Set (8 Sizes,12 Colours)(155x220+1x80x80cm,Orange)",B07PP67G28.jpg,"a photo of a UMI Merryfeel Microfiber Duvet Cover Set,Lightweight and Soft Bedding Set (8 Sizes,12 Colours)(155x220+1x80x80cm,Orange)",1,0,5522_img|4795_img|5442_img|5362_img|4782_img|5110_img|5426_img|4521_img|4705_img|5128_img|4885_img|5591_img|5242_img|5568_img|4527_img|4800_img|5058_img|4736_img|5592_img|4503_img
5523,KITCHEN,AmazonBasics,Unknown Material,AmazonBasics Lot de 2 tapis de cuisson en silicone pour macarons,B077XR38W3.jpg,a photo of a AmazonBasics Lot de 2 tapis de cuisson en silicone pour macarons,0,-1,5124_img|5440_img|5236_img|5088_img|5235_img|5110_img|5359_img|4663_img|5208_img|4571_img|5006_img|5216_img|5592_img|5015_img|4854_img|5323_img|4506_img|4773_img|4934_img|5268_img
5524,FINENECKLACEBRACELETANKLET,Amazon Collection,metal,"Sterling Silver ""I Love You To The Moon and Back"" Pendant Necklace, 18""",B005G13PRI.jpg,"a photo of a Sterling Silver ""I Love You To The Moon and Back"" Pendant Necklace, 18""",1,0,5524_img|5494_img|5150_img|5562_img|4661_img|5473_img|5580_img|5395_img|5533_img|5055_img|4604_img|4989_img|5305_img|4692_img|5202_img|5378_img|5434_img|4610_img|4867_img|4728_img
5525,SOFA,Stone & Beam,Linen,"Amazon Brand - Stone & Beam Andover Modern Left L-Sectional Sofa, 124""W, Linen",B07CB54MFS.jpg,"a photo of a Amazon Brand - Stone & Beam Andover Modern Left L-Sectional Sofa, 124""W, Linen",1,1,5136_img|5525_img|5069_img|5112_img|4906_img|4562_img|5505_img|4889_img|4629_img|5163_img|4529_img|5175_img|4856_img|5463_img|5324_img|5079_img|4571_img|4871_img|5489_img|4955_img
5526,TABLE,Strathwood by Amazon.com,cast aluminum,Strathwood Whidbey Cast-Aluminum Side Table with Ice Bucket,B00GBVDWCA.jpg,a photo of a Strathwood Whidbey Cast-Aluminum Side Table with Ice Bucket,1,2,4737_img|4585_img|5526_img|4620_img|5583_img|5139_img|5192_img|5104_img|4612_img|5573_img|4524_img|5422_img|4734_img|5255_img|5132_img|5297_img|4718_img|4788_img|4662_img|5341_img
5527,HOME_BED_AND_BATH,Pinzon by Amazon,Melange Cotton Yarn,Pinzon by Amazon Drap en jersey Avoine chine 240 x 320 + 10 cm,B00MHUVK4G.jpg,a photo of a Pinzon by Amazon Drap en jersey Avoine chine 240 x 320 + 10 cm,1,3,5228_img|5335_img|5310_img|5527_img|5570_img|5022_img|5389_img|5509_img|5357_img|5471_img|5217_img|5390_img|4953_img|5531_img|4992_img|5218_img|4546_img|5417_img|4973_img|5359_img
5528,TABLE,Strathwood by Amazon.com,Teak,Strathwood Mercer Collection Malas Hardwood Rectangular Table,B000BIVK3W.jpg,a photo of a Strathwood Mercer Collection Malas Hardwood Rectangular Table,0,-1,4718_img|5053_img|5541_img|5172_img|5013_img|4549_img|5255_img|5447_img|5458_img|5026_img|5537_img|4930_img|4542_img|5396_img|4572_img|5333_img|4748_img|5248_img|5017_img|5134_img
5529,HOME_FURNITURE_AND_DECOR,Stone & Beam,linen,"Amazon Brand - Stone & Beam Marin Studded Chair, 33""W, Linen",B075X4N551.jpg,"a photo of a Amazon Brand - Stone & Beam Marin Studded Chair, 33""W, Linen",1,2,5555_img|5390_img|5529_img|4960_img|4656_img|4732_img|4916_img|5538_img|5211_img|5491_img|5166_img|4749_img|5489_img|5252_img|4969_img|5246_img|5407_img|5366_img|5238_img|4628_img
5530,HOME_FURNITURE_AND_DECOR,Stone & Beam,stone,"Amazon Brand - Stone & Beam Katama Slipcover Queen Headboard, 66""W, Spinnsol Natural",B07B4Z2WFY.jpg,"a photo of a Amazon Brand - Stone & Beam Katama Slipcover Queen Headboard, 66""W, Spinnsol Natural",1,1,5083_img|5530_img|5304_img|4529_img|5226_img|4765_img|5038_img|5252_img|5348_img|4686_img|5459_img|4616_img|5491_img|5489_img|4961_img|5390_img|4750_img|4583_img|4712_img|5555_img
5531,HOME,UMI,cotton,"UMI By Amazon 100% Organic Cotton 1 Fitted Sheet Only, 300 Thread Count Soft Sateen Weave GOTS Certified with 30cm deep Pockets Size -King, Color- White",B08FBYSKZC.jpg,"a photo of a UMI By Amazon 100% Organic Cotton 1 Fitted Sheet Only, 300 Thread Count Soft Sateen Weave GOTS Certified with 30cm deep Pockets Size -King, Color- White",1,0,5531_img|4953_img|5411_img|5249_img|5570_img|4957_img|5217_img|4509_img|5144_img|4961_img|5233_img|5061_img|5569_img|4662_img|5335_img|4502_img|4527_img|5379_img|5267_img|4824_img
5532,HOME,Amazon Brand - Solimo,Fabric,"Amazon Brand - Solimo Fabric Storage Box with Lid Set, 6 Piece, Medical Blue and Royal Blue",B081FHW8VM.jpg,"a photo of a Amazon Brand - Solimo Fabric Storage Box with Lid Set, 6 Piece, Medical Blue and Royal Blue",1,0,5532_img|5253_img|5014_img|5456_img|5102_img|4921_img|4929_img|5386_img|5224_img|4548_img|5585_img|5245_img|4606_img|5103_img|4636_img|5442_img|4619_img|5372_img|4491_img|5560_img
5533,FINENECKLACEBRACELETANKLET,Amazon Collection,Metal,"Sterling Silver Tree Catch""One Family Lots of Hearts"" Bangle Bracelet",B00M1NG2N8.jpg,"a photo of a Sterling Silver Tree Catch""One Family Lots of Hearts"" Bangle Bracelet",1,1,5363_img|5533_img|5524_img|5384_img|4753_img|5339_img|5307_img|5018_img|5122_img|5026_img|4494_img|5388_img|4727_img|5056_img|5578_img|4566_img|4764_img|4839_img|4850_img|4517_img
5534,CHAIR,Movian,Plastica,"Amazon Brand - Movian Arendsee - Set da 2 sedie sala da pranzo, 55 x 48,5 x 85 cm, Bianco/ gambe in rubberwood verniciate di bianco",B07THSWCJ4.jpg,"a photo of a Amazon Brand - Movian Arendsee - Set da 2 sedie sala da pranzo, 55 x 48,5 x 85 cm, Bianco/ gambe in rubberwood verniciate di bianco",1,1,5586_img|5534_img|4586_img|4714_img|4774_img|5023_img|5316_img|5024_img|4549_img|5064_img|5010_img|4523_img|4834_img|5268_img|4781_img|5285_img|4770_img|5204_img|4773_img|5367_img
5535,FINENECKLACEBRACELETANKLET,Amazon Collection,Metal,"Sterling Silver and 14k Yellow Gold Amethyst and Diamond-Accent Tear Drop Pendant Necklace, 18",B005GT0F0A.jpg,"a photo of a Sterling Silver and 14k Yellow Gold Amethyst and Diamond-Accent Tear Drop Pendant Necklace, 18",1,0,5535_img|5280_img|4752_img|4519_img|4556_img|4792_img|4995_img|5262_img|5041_img|5108_img|4938_img|4574_img|5193_img|5482_img|5286_img|4908_img|5434_img|5537_img|5165_img|4487_img
5536,WALL_ART,Stone & Beam,canvas,"Amazon Brand - Stone & Beam Modern Green on White Botanical Canvas Print Wall Art, 24"" x 36""",B073P1CJKL.jpg,"a photo of a Amazon Brand - Stone & Beam Modern Green on White Botanical Canvas Print Wall Art, 24"" x 36""",1,1,5277_img|5536_img|4517_img|5328_img|4863_img|4699_img|5331_img|4959_img|4555_img|5382_img|5503_img|5421_img|4631_img|4913_img|4605_img|5330_img|4848_img|5002_img|5554_img|5599_img
5537,FINENECKLACEBRACELETANKLET,Amazon Collection,Metal,Amazon Collection Mujer 925 14k oro amarillo y plata esterlina heart-shape^round-shape I-J diamante rubi,B0043RTQEW.jpg,a photo of a Amazon Collection Mujer 925 14k oro amarillo y plata esterlina heart-shape^round-shape I-J diamante rubi,1,4,5026_img|5229_img|4938_img|5384_img|5537_img|4991_img|5165_img|5190_img|4794_img|5353_img|5512_img|4519_img|4574_img|4638_img|4874_img|5081_img|5167_img|5580_img|5339_img|5280_img
5538,CHAIR,Rivet,Brass,"Amazon Brand - Rivet Charlotte Mid-Century Modern Upholstered Gold Accent Chair, 29""W, Natural",B0746KJVP2.jpg,"a photo of a Amazon Brand - Rivet Charlotte Mid-Century Modern Upholstered Gold Accent Chair, 29""W, Natural",1,0,5538_img|4656_img|5366_img|5252_img|4732_img|4960_img|4643_img|5491_img|5515_img|5204_img|5529_img|5166_img|5555_img|5241_img|4806_img|5390_img|4923_img|4749_img|4916_img|5153_img
5539,SHOES,The Fix,Suede,"Amazon Brand - The Fix Women's Finley Dome Stud Slide Sandal,Black,6 B US",B01MTEI9AA.jpg,"a photo of a Amazon Brand - The Fix Women's Finley Dome Stud Slide Sandal,Black,6 B US",1,1,5546_img|5539_img|5264_img|5431_img|5590_img|5293_img|5035_img|5511_img|5584_img|5457_img|5065_img|5309_img|4684_img|4726_img|4504_img|4882_img|4647_img|5398_img|5488_img|4552_img
5540,FINERING,Amazon Collection,Not applicableNot applicableNot applicableNot applicable,"Steeltime 18k Rose Gold Plated Hail Mary Prayer Ring, Size 10",B074MB47WW.jpg,"a photo of a Steeltime 18k Rose Gold Plated Hail Mary Prayer Ring, Size 10",1,0,5540_img|5007_img|5160_img|5275_img|4987_img|4885_img|4842_img|4735_img|4897_img|5506_img|5128_img|4700_img|4627_img|4638_img|4493_img|5557_img|5179_img|5392_img|5522_img|4683_img
5541,TABLE,Rivet,Hardwood,"Amazon Brand - Rivet Mid-Century Modern Minimalist Dining Kitchen Table, 53.1""L, Walnut Wood",B075YQXRJM.jpg,"a photo of a Amazon Brand - Rivet Mid-Century Modern Minimalist Dining Kitchen Table, 53.1""L, Walnut Wood",1,1,5013_img|5541_img|5053_img|5396_img|5170_img|5204_img|4834_img|5424_img|4497_img|4588_img|5017_img|4549_img|5470_img|5151_img|4542_img|5019_img|4587_img|4727_img|4513_img|4977_img
5542,CELLULAR_PHONE_CASE,Amazon Brand - Solimo,Silicon,Amazon Brand - Solimo Designer Love Couples Pattern UV Printed Soft Back Case Mobile Cover for LG K9,B0854BHDLH.jpg,a photo of a Amazon Brand - Solimo Designer Love Couples Pattern UV Printed Soft Back Case Mobile Cover for LG K9,1,0,5542_img|5039_img|5075_img|4876_img|5086_img|5500_img|4610_img|5561_img|4668_img|4748_img|5353_img|4743_img|5339_img|5524_img|5098_img|5130_img|5214_img|4566_img|4634_img|5388_img
5543,FINERING,Amazon Collection,metal,"Sterling Silver Diamond Anniversary Ring (1/4 cttw), Size 6",B00394F4LY.jpg,"a photo of a Sterling Silver Diamond Anniversary Ring (1/4 cttw), Size 6",1,6,4494_img|4515_img|5581_img|4753_img|5533_img|5593_img|5543_img|5363_img|4683_img|4738_img|5213_img|4716_img|4601_img|5128_img|5573_img|5183_img|4522_img|4592_img|4649_img|5444_img
5544,FINERING,Amazon Collection,perla,"Amazon CollectionPlatinum Plated Sterling Silver Cubic Zirconia Freshwater Cultured White Pearl Ring, Size 8",B00ZHT1V20.jpg,"a photo of a Amazon CollectionPlatinum Plated Sterling Silver Cubic Zirconia Freshwater Cultured White Pearl Ring, Size 8",1,0,5544_img|5272_img|4784_img|5182_img|5212_img|5434_img|4963_img|5489_img|4616_img|5106_img|4670_img|5402_img|4604_img|4649_img|4728_img|5074_img|4664_img|4738_img|5213_img|5586_img
5545,TABLE,AmazonBasics,Medium-density Fibreboard,AmazonBasics Classic 2-Drawer Wood Nightstand End Table - Walnut,B07Q2MFD1V.jpg,a photo of a AmazonBasics Classic 2-Drawer Wood Nightstand End Table - Walnut,1,0,5545_img|4940_img|5424_img|5575_img|5186_img|5224_img|5368_img|5480_img|4513_img|5451_img|4577_img|5103_img|4795_img|4902_img|4733_img|5092_img|4685_img|5195_img|5496_img|5014_img
5546,SHOES,Flavia,Polyurethane,Flavia Women's Black Fashion Sandals-6 UK (38 EU) (7 US) (FL146/BLK),B07XG4ZKC1.jpg,a photo of a Flavia Women's Black Fashion Sandals-6 UK (38 EU) (7 US) (FL146/BLK),1,0,5546_img|5539_img|5065_img|5431_img|5511_img|5584_img|5264_img|5293_img|5457_img|5590_img|5309_img|5035_img|4504_img|5349_img|5203_img|4647_img|4684_img|4552_img|4882_img|5487_img
5547,HOME,Amazon Brand - Solimo,Fabric,"Amazon Brand - Solimo Fabric Shoe Pouch with String, Waves, Set of 6",B07YGBB6RL.jpg,"a photo of a Amazon Brand - Solimo Fabric Shoe Pouch with String, Waves, Set of 6",1,0,5547_img|5331_img|5567_img|5359_img|4957_img|4595_img|4533_img|5389_img|5509_img|5006_img|4524_img|4924_img|5378_img|4626_img|5385_img|4953_img|5531_img|5120_img|5248_img|5539_img
5548,CELLULAR_PHONE_CASE,Amazon Brand - Solimo,Plastic,Amazon Brand - Solimo Designer Dry Leafs 3D Printed Hard Back Case Mobile Cover for Samsung Galaxy M21,B08511K8R6.jpg,a photo of a Amazon Brand - Solimo Designer Dry Leafs 3D Printed Hard Back Case Mobile Cover for Samsung Galaxy M21,1,0,5548_img|5122_img|5369_img|5446_img|4883_img|5230_img|4634_img|4517_img|4584_img|4775_img|4589_img|5207_img|4537_img|5561_img|4691_img|5210_img|4540_img|4603_img|4901_img|5331_img
5549,HOME_FURNITURE_AND_DECOR,Rivet,Hardwood/ metal casters,"Amazon Brand - Rivet Modern Rustic Rolling Bar Cart with Wheels, 32 Inch Height, Wood with Black Iron Finish",B07B83KVGH.jpg,"a photo of a Amazon Brand - Rivet Modern Rustic Rolling Bar Cart with Wheels, 32 Inch Height, Wood with Black Iron Finish",1,0,5549_img|5080_img|4860_img|4505_img|5107_img|4685_img|4585_img|5094_img|5092_img|5398_img|5192_img|4530_img|4758_img|5350_img|5460_img|5496_img|5137_img|5372_img|5375_img|4801_img
5550,WALL_ART,Rivet,wood,"Amazon Brand - Rivet Modern Gold Pyramid Triangle Print Wall Art, 30"" x 30"", Gold Frame",B073P5YXDV.jpg,"a photo of a Amazon Brand - Rivet Modern Gold Pyramid Triangle Print Wall Art, 30"" x 30"", Gold Frame",1,0,5550_img|5289_img|4707_img|5003_img|4600_img|5559_img|5382_img|4561_img|5449_img|4730_img|5373_img|5497_img|5250_img|4908_img|5279_img|5371_img|4744_img|4785_img|5131_img|4688_img
5551,FINENECKLACEBRACELETANKLET,Amazon Essentials,metal,"Amazon Essentials Yellow Gold Plated Sterling Silver Round Cut Cubic Zirconia Tennis Bracelet (2mm), 7""",B00BIG2MCO.jpg,"a photo of a Amazon Essentials Yellow Gold Plated Sterling Silver Round Cut Cubic Zirconia Tennis Bracelet (2mm), 7""",1,2,5521_img|4771_img|5551_img|5173_img|4799_img|5444_img|5418_img|5062_img|4742_img|5438_img|4532_img|4810_img|4909_img|5543_img|4828_img|4728_img|4710_img|5558_img|4853_img|4785_img
5552,KITCHEN,Amazon Brand - Solimo,Aluminium,Amazon Brand - Solimo 3-Piece Non-Stick Cookware Set (Induction and Gas Compatible),B08637F7W2.jpg,a photo of a Amazon Brand - Solimo 3-Piece Non-Stick Cookware Set (Induction and Gas Compatible),1,1,4526_img|5552_img|5358_img|5585_img|5560_img|5513_img|5285_img|5386_img|5236_img|4773_img|4786_img|5147_img|5102_img|4781_img|4563_img|4774_img|5437_img|4725_img|4491_img|4843_img
5553,CHAIR,Strathwood by Amazon.com,Wood,"Strathwood Aspen Leather Chaise, Brown",B000P2068O.jpg,"a photo of a Strathwood Aspen Leather Chaise, Brown",0,-1,5203_img|5528_img|5067_img|5065_img|4696_img|5584_img|5079_img|5281_img|4946_img|5412_img|4504_img|4790_img|4864_img|5037_img|5466_img|5329_img|5349_img|5579_img|4793_img|5278_img
5554,HOME_BED_AND_BATH,AmazonBasics,%100 pamuk,"AmazonBasics% 100 Cotton yorgan seti, Bold kontrolleri,%100 pamuk, Yesil, 200 x 200 cm & 2 Kissenbezuge 80 x 80 cm",B00R45AJ6Y.jpg,"a photo of a AmazonBasics% 100 Cotton yorgan seti, Bold kontrolleri,%100 pamuk, Yesil, 200 x 200 cm & 2 Kissenbezuge 80 x 80 cm",1,0,5554_img|5296_img|4800_img|4848_img|5002_img|4855_img|4617_img|5058_img|4745_img|4965_img|4623_img|5381_img|5243_img|4667_img|4689_img|4512_img|5288_img|4903_img|5240_img|4723_img
5555,HOME_FURNITURE_AND_DECOR,Stone & Beam,stone,"Amazon Brand - Stone & Beam Marin Studded Chair, 33""W, Latte",B075X4PRXC.jpg,"a photo of a Amazon Brand - Stone & Beam Marin Studded Chair, 33""W, Latte",1,0,5555_img|5529_img|5390_img|4960_img|5211_img|4916_img|4628_img|4656_img|4969_img|5407_img|4695_img|5356_img|4749_img|4732_img|5166_img|4814_img|5238_img|5491_img|5538_img|5403_img
5556,FINEEARRING,Amazon Collection,Fine-other-material,Rose Gold Over Sterling Silver Filigree Tear Drop Earrings,B075L9GRY1.jpg,a photo of a Rose Gold Over Sterling Silver Filigree Tear Drop Earrings,1,0,5556_img|5248_img|5482_img|4926_img|4922_img|5063_img|5208_img|5353_img|4610_img|4595_img|4803_img|4557_img|4573_img|4936_img|5567_img|4981_img|4924_img|4797_img|5447_img|5378_img
5557,FINERING,Amazon Collection,No aplica,"Anillo de plata de ley chapada en platino o oro de 7 piedras fabricado con circonita Swarovski,dorado, rosa, plateado (Rose Gold Plated Silver),Size 6",B07356T6WW.jpg,"a photo of a Anillo de plata de ley chapada en platino o oro de 7 piedras fabricado con circonita Swarovski,dorado, rosa, plateado (Rose Gold Plated Silver),Size 6",1,0,5557_img|5007_img|4987_img|4627_img|4897_img|4885_img|5160_img|4700_img|5402_img|5392_img|5128_img|5506_img|5540_img|4990_img|4521_img|4493_img|5215_img|5522_img|4857_img|4492_img
5558,FINERING,Amazon Essentials,metal,"Amazon Essentials Platinum Plated Sterling Silver Round Cut Cubic Zirconia All-Around Band Ring (2.5mm), Size 6",B009PKAP74.jpg,"a photo of a Amazon Essentials Platinum Plated Sterling Silver Round Cut Cubic Zirconia All-Around Band Ring (2.5mm), Size 6",1,1,5444_img|5558_img|5056_img|4710_img|5581_img|5363_img|4799_img|4536_img|5409_img|4738_img|5213_img|4716_img|5132_img|5297_img|4742_img|5438_img|5543_img|5418_img|5533_img|5404_img
5559,FINERING,Amazon Collection,Not Applicable,"Yellow-Gold-Plated Sterling Silver Swarovski Zirconia Round Solitaire Ring, Size 8",B01N26FA1Y.jpg,"a photo of a Yellow-Gold-Plated Sterling Silver Swarovski Zirconia Round Solitaire Ring, Size 8",1,0,5559_img|4828_img|5394_img|4590_img|4829_img|5131_img|4492_img|4902_img|4845_img|4716_img|5576_img|5275_img|4627_img|4724_img|5550_img|5168_img|5468_img|5392_img|5373_img|5498_img
5560,KITCHEN,Amazon Brand - Solimo,Plastic,"Amazon Brand - Solimo Regal Insulated Casseroles Set with Roti Basket, 3-Piece, White",B01E5FI83G.jpg,"a photo of a Amazon Brand - Solimo Regal Insulated Casseroles Set with Roti Basket, 3-Piece, White",1,0,5560_img|5585_img|5386_img|5285_img|5147_img|4662_img|5102_img|4491_img|5594_img|4781_img|5552_img|4843_img|4780_img|4526_img|4786_img|4538_img|5532_img|5437_img|5323_img|5518_img
5561,CELLULAR_PHONE_CASE,Amazon Brand - Solimo,Plastic,Amazon Brand - Solimo Designer Girl Design 3D Printed Hard Back Case Mobile Cover for Vivo Y83 Pro,B07XZGQFVV.jpg,a photo of a Amazon Brand - Solimo Designer Girl Design 3D Printed Hard Back Case Mobile Cover for Vivo Y83 Pro,1,10,4972_img|5287_img|4919_img|4578_img|5500_img|4769_img|4975_img|5343_img|5098_img|4659_img|5561_img|4668_img|5177_img|4893_img|4528_img|4927_img|5446_img|4779_img|4743_img|5207_img
5562,FINENECKLACEBRACELETANKLET,Amazon Collection,metal,"Amazon Collection14k White Gold Bezel Set Solitaire Adjustable Pendant Necklace (1/3cttw, K-L Color, I2-I3 Clarity), 16"" + 2"" Extender",B01GUYFELO.jpg,"a photo of a Amazon Collection14k White Gold Bezel Set Solitaire Adjustable Pendant Necklace (1/3cttw, K-L Color, I2-I3 Clarity), 16"" + 2"" Extender",1,1,5473_img|5562_img|5577_img|5395_img|5055_img|5434_img|5494_img|4797_img|4989_img|4728_img|4661_img|5084_img|5295_img|5340_img|5090_img|5286_img|5150_img|4648_img|4688_img|5291_img
5563,WALL_ART,Rivet,canvas,"Amazon Brand - Rivet Black and White Eiffel Tower Wall Art Print in Black Frame, 17.75"" x 21.75""",B073P1F23Q.jpg,"a photo of a Amazon Brand - Rivet Black and White Eiffel Tower Wall Art Print in Black Frame, 17.75"" x 21.75""",1,0,5563_img|5347_img|4707_img|5289_img|4624_img|5003_img|4630_img|5436_img|5250_img|5550_img|4918_img|4999_img|5109_img|4541_img|4763_img|5583_img|4501_img|4805_img|4635_img|5027_img
5564,CHAIR,Strathwood by Amazon.com,Polyester,"Strathwood Chaise Lounge Replacement Cushion, Bluehaze",B000E66NDI.jpg,"a photo of a Strathwood Chaise Lounge Replacement Cushion, Bluehaze",1,0,5564_img|4880_img|5065_img|4956_img|4776_img|4751_img|5528_img|4790_img|5203_img|4962_img|5412_img|4793_img|4992_img|4723_img|4952_img|4618_img|5429_img|4539_img|4488_img|5411_img
5565,CELLULAR_PHONE_CASE,Amazon Brand - Solimo,Plastic,Amazon Brand - Solimo Designer Button Jeans Alphabet-C 3D Printed Hard Back Case Mobile Cover for Samsung Galaxy A20s,B081HN31RD.jpg,a photo of a Amazon Brand - Solimo Designer Button Jeans Alphabet-C 3D Printed Hard Back Case Mobile Cover for Samsung Galaxy A20s,1,0,5565_img|5130_img|4893_img|4634_img|4919_img|5230_img|4975_img|4665_img|5098_img|5500_img|5334_img|5177_img|4769_img|4668_img|5310_img|4528_img|4743_img|4706_img|4818_img|4883_img
5566,RUG,Stone & Beam,wool,"Amazon Brand - Stone & Beam Vinton Persian Wool Area Rug, 5' x 7'6"", Rust Multi",B075Z99LDZ.jpg,"a photo of a Amazon Brand - Stone & Beam Vinton Persian Wool Area Rug, 5' x 7'6"", Rust Multi",1,3,5362_img|5043_img|4846_img|5566_img|4858_img|5329_img|4798_img|5504_img|5015_img|4704_img|5067_img|4581_img|5381_img|5342_img|4795_img|4650_img|4933_img|5095_img|5451_img|5370_img
5567,FINEEARRING,Amazon Collection,metal,Sterling Silver Filigree Round Hoop Earrings,B00FPBANRY.jpg,a photo of a Sterling Silver Filigree Round Hoop Earrings,1,1,5196_img|5567_img|4764_img|4595_img|4911_img|4642_img|4981_img|5556_img|4692_img|5248_img|5378_img|4683_img|4954_img|5018_img|5132_img|5297_img|4924_img|5198_img|5290_img|4737_img
5568,HOME,UMI,Fabric,UMI by Amazon Thermal Insulated Decorative Bedroom Curtains Pencil Pleat Blackout Curtains for Livingroom 55 x 70 Inch Red 2 Panels,B07JJDTJJN.jpg,a photo of a UMI by Amazon Thermal Insulated Decorative Bedroom Curtains Pencil Pleat Blackout Curtains for Livingroom 55 x 70 Inch Red 2 Panels,1,0,5568_img|4587_img|4640_img|4482_img|5116_img|4858_img|5381_img|5163_img|5200_img|4894_img|5110_img|4825_img|4827_img|4747_img|4953_img|5531_img|5414_img|4542_img|4851_img|5308_img
5569,HOME,Unknown,Abajo,Pinzon Pyrenees Down Bedding Collection,B000X1UXS0.jpg,a photo of a Pinzon Pyrenees Down Bedding Collection,0,-1,5110_img|5296_img|5058_img|5455_img|4800_img|4736_img|4723_img|4848_img|5002_img|5326_img|4667_img|4928_img|5426_img|5144_img|4791_img|4617_img|5233_img|4949_img|5591_img|5554_img
5570,HOME_BED_AND_BATH,Rivet,Faux Fur,"Amazon Brand - Rivet Modern Faux Fur Decorative Throw Pillow, Soft and Luxurious, 20"" x 20"", Ivory",B07BMT4DYN.jpg,"a photo of a Amazon Brand - Rivet Modern Faux Fur Decorative Throw Pillow, Soft and Luxurious, 20"" x 20"", Ivory",1,4,4509_img|4732_img|5390_img|5411_img|5570_img|4961_img|5489_img|5348_img|4501_img|4805_img|4662_img|5529_img|4656_img|5531_img|4953_img|5569_img|5217_img|4852_img|4871_img|5252_img
5571,CELLULAR_PHONE_CASE,Amazon Brand - Solimo,Silicone,Amazon Brand - Solimo Designer Blue Flower UV Printed Soft Back Case Mobile Cover for Oppo A3S,B0857MGS4G.jpg,a photo of a Amazon Brand - Solimo Designer Blue Flower UV Printed Soft Back Case Mobile Cover for Oppo A3S,1,0,5571_img|5596_img|5207_img|5465_img|4970_img|5503_img|5369_img|4779_img|5446_img|5336_img|5122_img|4706_img|4831_img|5041_img|4843_img|5230_img|5572_img|5482_img|4894_img|4989_img
5572,RUG,Rivet,Wool Pile,"Rivet Motion Modern Patterned Wool Runner Rug, 2' 3"" x 7' 6"", Denim Blue",B075Z9SBGN.jpg,"a photo of a Rivet Motion Modern Patterned Wool Runner Rug, 2' 3"" x 7' 6"", Denim Blue",1,0,5572_img|5265_img|4952_img|4721_img|4934_img|5194_img|5406_img|4663_img|5070_img|4992_img|4596_img|5015_img|4789_img|5019_img|4831_img|5164_img|5232_img|4522_img|4606_img|5419_img
5573,FINERING,Amazon Collection,Non applicabile,"Anello in argento Sterling placcato platino""Elizabeth"" con zirconi Swarovski,Trasparente,US 8 (EU M)",B06XQ6FBJK.jpg,"a photo of a Anello in argento Sterling placcato platino""Elizabeth"" con zirconi Swarovski,Trasparente,US 8 (EU M)",0,-1,5089_img|4694_img|4932_img|4820_img|4945_img|4874_img|4990_img|5336_img|5183_img|4683_img|5578_img|5211_img|4649_img|4995_img|4593_img|4738_img|5213_img|5543_img|4628_img|4771_img
5574,HOME_FURNITURE_AND_DECOR,Amazon Brand - Solimo,PVC Vinyl,"Amazon Brand - Solimo Wall Sticker for Living Room (Your Path is Beautiful, Ideal Size on Wall - 60 cm x 90 cm)",B076VFXNZK.jpg,"a photo of a Amazon Brand - Solimo Wall Sticker for Living Room (Your Path is Beautiful, Ideal Size on Wall - 60 cm x 90 cm)",1,6,5076_img|5428_img|4566_img|5240_img|5129_img|5311_img|5574_img|5277_img|5536_img|4623_img|5347_img|5374_img|5056_img|4617_img|5024_img|4698_img|5109_img|5006_img|4653_img|4517_img
5575,TABLE,AmazonBasics,Metal,AmazonBasics Classic Wood Nightstand End Table with Cabinet - Cappuccino,B07PY8XFFC.jpg,a photo of a AmazonBasics Classic Wood Nightstand End Table with Cabinet - Cappuccino,1,1,5545_img|5575_img|5424_img|4940_img|5186_img|5480_img|5224_img|5103_img|4513_img|4577_img|4902_img|5451_img|5092_img|4733_img|4685_img|5368_img|4761_img|5398_img|5189_img|5107_img
5576,FINERING,Amazon Collection,Unknown Material,14K 18(US9),B0043RTQSI.jpg,a photo of a 14K 18(US9),1,8,5392_img|5559_img|5131_img|4844_img|4905_img|4716_img|4755_img|5538_img|5576_img|5515_img|5394_img|4938_img|4902_img|4784_img|5535_img|4987_img|4842_img|5424_img|4788_img|5113_img
5577,FINENECKLACEBRACELETANKLET,Amazon Collection,metal,"Amazon CollectionPlatinum-Plated Sterling Silver Swarovski Zirconia Round Solitaire Pendant Necklace, 2cttw",B00FXWAOV0.jpg,"a photo of a Amazon CollectionPlatinum-Plated Sterling Silver Swarovski Zirconia Round Solitaire Pendant Necklace, 2cttw",1,0,5577_img|5473_img|5295_img|5395_img|5084_img|4648_img|5090_img|5286_img|5562_img|5494_img|4797_img|5498_img|4989_img|4875_img|5059_img|5319_img|5055_img|4728_img|4547_img|4878_img
5578,FINENECKLACEBRACELETANKLET,Amazon Collection,Metal,"Sterling Silver Created Ruby, Pink Sapphire, and White Sapphire Bracelet, 7.25""",B00CCYXZ5O.jpg,"a photo of a Sterling Silver Created Ruby, Pink Sapphire, and White Sapphire Bracelet, 7.25""",1,1,4847_img|5578_img|4909_img|5363_img|5062_img|4678_img|5370_img|5387_img|4990_img|4771_img|5414_img|5418_img|5384_img|5095_img|4858_img|5543_img|5329_img|4822_img|5479_img|5160_img
5579,SHOES,find.,Suede,"find. Suede Moccasins, Beige Biege), 13",B07N28H3V8.jpg,"a photo of a find. Suede Moccasins, Beige Biege), 13",1,2,5463_img|4504_img|5579_img|4882_img|4613_img|5105_img|5584_img|5324_img|5466_img|5457_img|5379_img|5035_img|4817_img|5281_img|4946_img|4708_img|5349_img|5203_img|5546_img|5539_img
5580,FINENECKLACEBRACELETANKLET,Amazon Collection,Resina sintetica,"Collar con colgante redondo de plata de ley, diseno de flor prensada, 40,6 cm",B005UQ1KTE.jpg,"a photo of a Collar con colgante redondo de plata de ley, diseno de flor prensada, 40,6 cm",1,13,4728_img|5286_img|5090_img|5453_img|4483_img|4661_img|4547_img|5165_img|5537_img|5482_img|5174_img|5303_img|4618_img|5580_img|5055_img|4959_img|4810_img|4639_img|5434_img|5172_img
5581,FINERING,Amazon Collection,metal,"Platinum-Plated Sterling Silver Swarovski Zirconia Channel Set All-Around Band Ring (1 cttw), Size 8",B00FXW75HQ.jpg,"a photo of a Platinum-Plated Sterling Silver Swarovski Zirconia Channel Set All-Around Band Ring (1 cttw), Size 8",1,4,5543_img|4710_img|4742_img|5438_img|5581_img|5558_img|4910_img|4799_img|4515_img|5418_img|4911_img|5444_img|5132_img|5297_img|5173_img|4822_img|5593_img|5363_img|4683_img|5006_img
5582,HOME_FURNITURE_AND_DECOR,Movian,Other,"Marca Amazon - Movian MULTIBOX 8, Bookcase, 73.7 x 33.1 x 142.8 cm, White",B07YN3FH3J.jpg,"a photo of a Marca Amazon - Movian MULTIBOX 8, Bookcase, 73.7 x 33.1 x 142.8 cm, White",1,0,5582_img|5484_img|4925_img|5263_img|4733_img|4761_img|4917_img|5282_img|5189_img|4535_img|5149_img|5205_img|5094_img|5092_img|4935_img|5460_img|4824_img|4586_img|4777_img|5106_img
5583,TABLE,Rivet,metal,"Amazon Brand - Rivet Mid-Century Modern White Marble and Metal Side End Table, 22"", Black &amp; Marble",B07B7GV4P3.jpg,"a photo of a Amazon Brand - Rivet Mid-Century Modern White Marble and Metal Side End Table, 22"", Black &amp; Marble",1,0,5583_img|5135_img|4770_img|5415_img|5164_img|5104_img|5261_img|5139_img|5170_img|5526_img|4737_img|5096_img|5204_img|5260_img|5192_img|4596_img|4620_img|4655_img|4714_img|4524_img
5584,SHOES,Amazon Brand - Symbol,Synthetic,Amazon Brand - Symbol Men's Tan Sandals-8 (AZ-KY-314B),B079PZMFBR.jpg,a photo of a Amazon Brand - Symbol Men's Tan Sandals-8 (AZ-KY-314B),1,3,5203_img|5349_img|5065_img|5584_img|5281_img|4817_img|4504_img|4946_img|5546_img|5466_img|5457_img|5511_img|5579_img|5528_img|5079_img|5155_img|4647_img|5105_img|5431_img|5423_img
5585,KITCHEN,Amazon Brand - Solimo,Plastic,"Amazon Brand - Solimo Sparkle Insulated Casseroles Set with Roti Basket, 3-Piece, Red",B01E5FI7DM.jpg,"a photo of a Amazon Brand - Solimo Sparkle Insulated Casseroles Set with Roti Basket, 3-Piece, Red",1,0,5585_img|5386_img|5552_img|5560_img|5513_img|5372_img|4587_img|5102_img|4526_img|5285_img|4929_img|4640_img|4565_img|5163_img|5147_img|4778_img|5475_img|4491_img|4546_img|4542_img
5586,HOME_FURNITURE_AND_DECOR,Movian,Plastica,"Tima - Set di 2 sedie da Pranzo, Colore Bianco, Effetto Pelle, Gambe in Legno di Gomma, Tinto Rovere, trattate a Olio",B084T7RYVP.jpg,"a photo of a Tima - Set di 2 sedie da Pranzo, Colore Bianco, Effetto Pelle, Gambe in Legno di Gomma, Tinto Rovere, trattate a Olio",1,0,5586_img|4774_img|5285_img|5534_img|5470_img|5020_img|4714_img|4781_img|4586_img|5594_img|4542_img|4786_img|4780_img|4523_img|4834_img|5204_img|4524_img|4773_img|4641_img|4491_img
5587,SHOES,Klepe,Mesh,Klepe Men's Navy Flyknit with Memory Foam Running Shoes-10 UK (44 EU) (11 US) (BX035/NVY),B07X9RHP9J.jpg,a photo of a Klepe Men's Navy Flyknit with Memory Foam Running Shoes-10 UK (44 EU) (11 US) (BX035/NVY),1,5,5199_img|5093_img|5314_img|4802_img|5239_img|5587_img|4879_img|5125_img|5143_img|5004_img|5114_img|4789_img|4681_img|4564_img|4861_img|4708_img|5284_img|5487_img|5220_img|4626_img
5588,SHOES,Amazon Brand - Symbol,Synthetic,Amazon Brand - Symbol Men's Black PU Formal Shoes - 11 UK (AZ-SY-438),B07WN6JFR4.jpg,a photo of a Amazon Brand - Symbol Men's Black PU Formal Shoes - 11 UK (AZ-SY-438),1,0,5588_img|5188_img|5294_img|5001_img|5410_img|5231_img|5234_img|5158_img|4597_img|4593_img|5511_img|5309_img|5488_img|5264_img|4861_img|5133_img|5496_img|5351_img|5481_img|4684_img
5589,HOME_BED_AND_BATH,AmazonBasics,Satin,"AmazonBasics Thread Count 400 Cotton Sateen Duvet Set, 240 x 220 cm",B079Y6X8NR.jpg,"a photo of a AmazonBasics Thread Count 400 Cotton Sateen Duvet Set, 240 x 220 cm",1,10,5569_img|4762_img|5195_img|5426_img|5144_img|4965_img|5454_img|5233_img|5283_img|4509_img|5589_img|4623_img|4633_img|5242_img|5061_img|5045_img|5316_img|5217_img|4680_img|4961_img
5590,SHOES,The Fix,Suede,"Amazon Brand - The Fix Women's Finley Dome Stud Slide Sandal,Fuchsia,8 B US",B01N16ECR3.jpg,"a photo of a Amazon Brand - The Fix Women's Finley Dome Stud Slide Sandal,Fuchsia,8 B US",1,0,5590_img|5457_img|5095_img|5430_img|5539_img|4833_img|5584_img|5259_img|4929_img|5370_img|5387_img|5479_img|5264_img|5546_img|4511_img|5215_img|4849_img|5287_img|4521_img|4882_img
5591,HOME_BED_AND_BATH,AmazonBasics,Polyester,"AmazonBasics College Dorm Bed-in-a-Bag with Elastic Storage Pockets - Full/Queen, Spa Blue Aztec Stripe",B0835DX21D.jpg,"a photo of a AmazonBasics College Dorm Bed-in-a-Bag with Elastic Storage Pockets - Full/Queen, Spa Blue Aztec Stripe",1,0,5591_img|4723_img|5326_img|4548_img|4813_img|4534_img|4666_img|5455_img|4751_img|5242_img|4680_img|4956_img|5092_img|5045_img|4617_img|4949_img|5442_img|4521_img|5547_img|4685_img
5592,SOFA,Amazon Brand - Solimo,Fabric,Amazon Brand - Solimo Metro Fabric 3 seater Sofa cum Bed (Red),B083VMMGG7.jpg,a photo of a Amazon Brand - Solimo Metro Fabric 3 seater Sofa cum Bed (Red),1,0,5592_img|4678_img|5478_img|5161_img|5381_img|4804_img|5344_img|5270_img|5308_img|5414_img|4858_img|5372_img|5433_img|5475_img|4864_img|5110_img|4870_img|4565_img|4894_img|4636_img
5593,FINERING,Amazon Collection,metal,"Sterling Silver Diamond Crossover Band Ring (1 cttw), Size 7",B005P32550.jpg,"a photo of a Sterling Silver Diamond Crossover Band Ring (1 cttw), Size 7",0,-1,5363_img|5533_img|5444_img|5581_img|5543_img|4710_img|4716_img|4842_img|4895_img|5056_img|5558_img|4799_img|4742_img|5160_img|5018_img|5438_img|5418_img|5128_img|4515_img|5021_img
5594,KITCHEN,AmazonBasics,Others,(Renewed) AmazonBasics 18-Piece Dinnerware Set - Modern Beams,B085T18FGM.jpg,a photo of a (Renewed) AmazonBasics 18-Piece Dinnerware Set - Modern Beams,1,1,4780_img|5594_img|4491_img|4538_img|5285_img|4781_img|4786_img|5102_img|5147_img|4774_img|5235_img|5191_img|4843_img|5020_img|4489_img|4662_img|5030_img|5513_img|5560_img|5470_img
5595,HOME_BED_AND_BATH,Pinzon by Amazon,mikro elyaf,"Pinzon by Amazon lastikli carsaf, mikrofiber, mikro elyaf, Taubengrau, 180 x 200 x 30 cm",B00M92QWQS.jpg,"a photo of a Pinzon by Amazon lastikli carsaf, mikrofiber, mikro elyaf, Taubengrau, 180 x 200 x 30 cm",1,2,5148_img|5427_img|5595_img|4982_img|5274_img|5417_img|4838_img|4962_img|5414_img|5219_img|4674_img|5283_img|5313_img|5471_img|4942_img|5193_img|4787_img|5355_img|4847_img|5181_img
5596,CELLULAR_PHONE_CASE,Amazon Brand - Solimo,Silicone,Amazon Brand - Solimo Designer Blue Flower UV Printed Soft Back Case Mobile Cover for Oppo A37,B0856B5YNN.jpg,a photo of a Amazon Brand - Solimo Designer Blue Flower UV Printed Soft Back Case Mobile Cover for Oppo A37,1,1,5571_img|5596_img|5207_img|5465_img|4970_img|5503_img|5369_img|4779_img|5336_img|5446_img|5122_img|4706_img|4831_img|5041_img|4843_img|5230_img|5572_img|5482_img|4989_img|4894_img
5597,FINEEARRING,Amazon Collection,Metal,"IGI Certified 14k White Gold Round-Cut Diamond Studs (1/4 cttw, H-I Color, I1 Clarity)",B006A05Y14.jpg,"a photo of a IGI Certified 14k White Gold Round-Cut Diamond Studs (1/4 cttw, H-I Color, I1 Clarity)",1,4,5044_img|4818_img|4675_img|4508_img|5597_img|5452_img|4697_img|5292_img|4816_img|5073_img|5371_img|5307_img|4754_img|4931_img|4692_img|4891_img|5440_img|5473_img|5534_img|4596_img
5598,CHAIR,Pinzon by Amazon,Madera,Pinzon by Crypton Hillsboro Armchair,B00104AM9Y.jpg,a photo of a Pinzon by Crypton Hillsboro Armchair,0,-1,4960_img|5072_img|5490_img|5315_img|5052_img|4916_img|4855_img|4814_img|5037_img|5356_img|4880_img|4793_img|5529_img|5246_img|4980_img|4777_img|4568_img|4531_img|4969_img|5412_img
5599,KITCHEN,AmazonBasics,stainless steel,"AmazonBasics 3-Piece Peeler Set, Soft Grip Handle, Grey and Green (Renewed)",B0885XLQKH.jpg,"a photo of a AmazonBasics 3-Piece Peeler Set, Soft Grip Handle, Grey and Green (Renewed)",1,0,5599_img|5266_img|5467_img|4848_img|5002_img|4800_img|4489_img|4641_img|5021_img|5393_img|4745_img|4793_img|4618_img|4711_img|5554_img|4822_img|4490_img|4751_img|5438_img|5247_img
5600,TABLE,Stone & Beam,wood,"Amazon Brand - Stone & Beam Jon Casual Farmhouse Wood Dining Table, 54""-72""W, Birch Finish",B07B78G4QH.jpg,"a photo of a Amazon Brand - Stone & Beam Jon Casual Farmhouse Wood Dining Table, 54""-72""W, Birch Finish",1,7,5053_img|5013_img|5541_img|4718_img|5396_img|5186_img|4834_img|5600_img|5486_img|4542_img|5192_img|5255_img|5051_img|5358_img|4748_img|5185_img|5549_img|5342_img|4725_img|4545_img
