product_id,ProductType,Brand,Material,ProductTitle,Image,prompt_text,hit,rank,retrieved_ids
20,FINERING,Amazon Collection,rhodium-plated-gold-and-silver,"Tri-Tone Sterling Silver Cubic Zirconia All-Around Band Stacking Ring Set (Set of 3), Size 8",B00MCK2SQ0.jpg,"a photo of a Tri-Tone Sterling Silver Cubic Zirconia All-Around Band Stacking Ring Set (Set of 3), Size 8",0,-1,5132_img|4710_img|1621_img|1868_img|1551_img|199_img|3127_img|2142_img|1644_img|5418_img|3110_img|2136_img|435_img|1352_img|5347_img|1110_img|1643_img|2957_img|3754_img|3075_img
27,HOME,Amazon Brand - Solimo,Fabric,"Amazon Brand - Solimo Fabric Storage Box, Medium, Dark Grey",B081FHW8P7.jpg,"a photo of a Amazon Brand - Solimo Fabric Storage Box, Medium, Dark Grey",1,0,27_img|4100_img|2526_img|1406_img|532_img|5253_img|2462_img|1936_img|5049_img|5014_img|1030_img|5313_img|5375_img|5532_img|3723_img|230_img|5399_img|4768_img|2796_img|3856_img
33,CHAIR,AmazonBasics,finta_pelle,"AmazonBasics - Sedia da ufficio con schienale alto e rotelle, in poliuretano Puresoft a costine, nero",B07TQ7PPTM.jpg,"a photo of a AmazonBasics - Sedia da ufficio con schienale alto e rotelle, in poliuretano Puresoft a costine, nero",0,-1,2575_img|5315_img|4837_img|5052_img|4657_img|3977_img|648_img|686_img|4294_img|5049_img|2126_img|3426_img|2713_img|4854_img|4840_img|1634_img|4782_img|153_img|477_img|210_img
35,FINENECKLACEBRACELETANKLET,Amazon Collection,metal,"Sterling Silver Diamond 3 Stone Pendant Necklace (1/4 cttw), 18""",B00933MTOA.jpg,"a photo of a Sterling Silver Diamond 3 Stone Pendant Necklace (1/4 cttw), 18""",1,5,5562_img|1944_img|4470_img|5174_img|4101_img|35_img|4050_img|4282_img|2454_img|839_img|4728_img|2529_img|700_img|684_img|5434_img|2439_img|5303_img|1685_img|1603_img|5494_img
36,TABLE,Rivet,glass,"Amazon Brand - Rivet Modern Round Glass and Gold Coffee Table, 36""W, Gold Finish",B074KLRCPW.jpg,"a photo of a Amazon Brand - Rivet Modern Round Glass and Gold Coffee Table, 36""W, Gold Finish",1,2,619_img|775_img|36_img|2774_img|3825_img|133_img|5391_img|572_img|2531_img|4836_img|1486_img|2634_img|1999_img|5332_img|993_img|4545_img|545_img|3110_img|1047_img|192_img
38,RUG,Rivet,Wool,"Amazon Brand - Rivet Modern Moroccan Inspired Area Rug, 4 x 6 Foot, Multicolor Red Accent",B07HSHMVNF.jpg,"a photo of a Amazon Brand - Rivet Modern Moroccan Inspired Area Rug, 4 x 6 Foot, Multicolor Red Accent",1,0,38_img|2075_img|2686_img|5362_img|872_img|5161_img|227_img|5015_img|1361_img|178_img|502_img|5370_img|5387_img|3199_img|873_img|2211_img|3526_img|204_img|3830_img|1919_img
50,SOFA,Rivet,Leather,"Amazon Brand - Rivet Edgewest Modern Left-Facing U-Shape Sectional, Leather, 117""W, Charcoal",B07BWMQLS9.jpg,"a photo of a Amazon Brand - Rivet Edgewest Modern Left-Facing U-Shape Sectional, Leather, 117""W, Charcoal",1,2,987_img|2321_img|50_img|201_img|5175_img|3815_img|1499_img|163_img|1188_img|1019_img|729_img|4526_img|4200_img|1585_img|1143_img|1542_img|147_img|1156_img|2859_img|3230_img
51,HOME_BED_AND_BATH,Pinzon by Amazon,100% Cotton,"Pinzon 160 Gram Plaid Flannel Cotton Bed Sheet Set, Full, Cream / Blue Stripe Plaid",B06XG3DLV5.jpg,"a photo of a Pinzon 160 Gram Plaid Flannel Cotton Bed Sheet Set, Full, Cream / Blue Stripe Plaid",1,0,51_img|5045_img|328_img|4762_img|1600_img|1369_img|2077_img|1444_img|189_img|3830_img|2425_img|115_img|5326_img|1004_img|5454_img|5303_img|2655_img|1263_img|298_img|647_img
54,KITCHEN,Amazon Brand Solimo,Ceramic,"Amazon Brand - Solimo Dinnerware Set, 14 Pieces",B08BVNDMCP.jpg,"a photo of a Amazon Brand - Solimo Dinnerware Set, 14 Pieces",1,7,4436_img|312_img|4780_img|5285_img|247_img|5147_img|5235_img|54_img|5560_img|4040_img|1019_img|4526_img|860_img|1546_img|729_img|1766_img|2167_img|1694_img|4203_img|4222_img
58,WALL_ART,Rivet,Wood,"Amazon Brand - Rivet Pineapple Speck Print Wall Art in White Wood Frame, 12"" x 12""",B073P5FLZP.jpg,"a photo of a Amazon Brand - Rivet Pineapple Speck Print Wall Art in White Wood Frame, 12"" x 12""",1,0,58_img|5382_img|2436_img|578_img|5289_img|5503_img|3222_img|4609_img|1329_img|1833_img|2516_img|3063_img|1004_img|1292_img|3696_img|2737_img|3012_img|2650_img|2633_img|761_img
60,FINEEARRING,Amazon Collection,metal,Platinum Plated Sterling Silver Heart-Shape Stud Earrings made with Swarovski Zirconia,B00FRIJ9E8.jpg,a photo of a Platinum Plated Sterling Silver Heart-Shape Stud Earrings made with Swarovski Zirconia,1,0,60_img|2446_img|5353_img|5388_img|2354_img|2973_img|660_img|5292_img|2368_img|2006_img|1946_img|1957_img|5229_img|1117_img|1930_img|1699_img|2432_img|4463_img|5452_img|2758_img
79,HOME_FURNITURE_AND_DECOR,Amazon Brand - Solimo,Plastic,"Amazon Brand - Solimo 12-inch Wall Clock - Desginer (Silent Movement, Black Frame), SC-1079",B08GL1DVHT.jpg,"a photo of a Amazon Brand - Solimo 12-inch Wall Clock - Desginer (Silent Movement, Black Frame), SC-1079",1,5,1783_img|4300_img|5180_img|4393_img|752_img|79_img|5441_img|4651_img|1917_img|4480_img|621_img|200_img|2224_img|1915_img|4225_img|2448_img|926_img|253_img|2872_img|4286_img
94,CELLULAR_PHONE_CASE,Amazon Brand - Solimo,Plastic,Amazon Brand - Solimo Designer Queen 3D Printed Hard Back Case Mobile Cover for Samsung Galaxy J7 Prime,B0853X7GRS.jpg,a photo of a Amazon Brand - Solimo Designer Queen 3D Printed Hard Back Case Mobile Cover for Samsung Galaxy J7 Prime,1,0,94_img|5561_img|248_img|787_img|4634_img|3095_img|2659_img|4945_img|1590_img|1844_img|4584_img|5133_img|3919_img|631_img|5230_img|235_img|1512_img|274_img|772_img|2355_img
98,SHOES,Solefit,Mesh,Solefit Men's Blue Running Shoes-8 UK (41 EU) (SLFT-1116),B07YF8LKB9.jpg,a photo of a Solefit Men's Blue Running Shoes-8 UK (41 EU) (SLFT-1116),1,1,5143_img|98_img|2260_img|5125_img|1148_img|4072_img|2127_img|5475_img|5314_img|4389_img|4488_img|1539_img|335_img|1781_img|2021_img|855_img|299_img|3217_img|4187_img|5336_img
115,HOME,Pinzon by Amazon,Cotton,"Pinzon 200-Thread Count Percale Printed Kids Butterfly, Full Sheet Set, Dots",B003S3RF1I.jpg,"a photo of a Pinzon 200-Thread Count Percale Printed Kids Butterfly, Full Sheet Set, Dots",1,0,115_img|4244_img|51_img|5326_img|1765_img|139_img|4069_img|2798_img|4792_img|2700_img|1444_img|4025_img|821_img|2077_img|5147_img|873_img|2211_img|2026_img|4762_img|1050_img
133,FINENECKLACEBRACELETANKLET,Amazon Collection,Metal,"18k Yellow Gold Plated Sterling Silver Genuine Citrine and Diamond Accent Filigree Mandala Pendant Necklace, 18""",B00MCK2UT0.jpg,"a photo of a 18k Yellow Gold Plated Sterling Silver Genuine Citrine and Diamond Accent Filigree Mandala Pendant Necklace, 18""",1,0,133_img|1999_img|3046_img|4382_img|566_img|2615_img|4223_img|1934_img|2634_img|985_img|5041_img|1532_img|2419_img|765_img|1603_img|4395_img|3249_img|3260_img|502_img|4878_img
139,HOME,Umi,Polyester,[Amazon] Umi.() 5(1L+2M+2S) T-////,B089DHZVFD.jpg,a photo of a [Amazon] Umi.() 5(1L+2M+2S) T-////,0,-1,1132_img|3216_img|3906_img|4961_img|180_img|4039_img|625_img|3028_img|5314_img|320_img|5442_img|743_img|1828_img|2835_img|2728_img|2478_img|744_img|1701_img|949_img|429_img
140,CHAIR,Rivet,Metal,"Amazon Brand - Rivet Willard Contemporary Accent Lounge Chair, 26""W, Navy",B07J2YB486.jpg,"a photo of a Amazon Brand - Rivet Willard Contemporary Accent Lounge Chair, 26""W, Navy",1,0,140_img|141_img|1493_img|2284_img|2012_img|4178_img|1732_img|4253_img|4840_img|687_img|5366_img|495_img|1792_img|190_img|4837_img|1204_img|2183_img|4993_img|2031_img|1539_img
141,CHAIR,Stone & Beam,Stone,"Amazon Brand - Stone & Beam Modern Sweeping Arm Accent Chair, 28""W, Sea Blue",B073GC43L7.jpg,"a photo of a Amazon Brand - Stone & Beam Modern Sweeping Arm Accent Chair, 28""W, Sea Blue",1,0,141_img|495_img|2416_img|1690_img|4488_img|140_img|4840_img|5241_img|2284_img|2733_img|1732_img|1511_img|4178_img|4206_img|3041_img|5356_img|1539_img|3354_img|4916_img|1734_img
147,SOFA,Rivet,metal,"Amazon Brand - Rivet Edgewest Modern Left-Facing Sofa Chaise Sectional, Leather, 115""W, Saddle",B07BWM2CSV.jpg,"a photo of a Amazon Brand - Rivet Edgewest Modern Left-Facing Sofa Chaise Sectional, Leather, 115""W, Saddle",1,0,147_img|163_img|50_img|5505_img|1301_img|2321_img|3504_img|3224_img|748_img|1874_img|1585_img|5278_img|1619_img|866_img|2443_img|789_img|321_img|704_img|5013_img|5053_img
150,CHAIR,Rivet,Metal frame with cotton fabric,"Amazon Brand - Rivet Ferry Modern Industrial Dining Room Kitchen Chairs, 36 Inch Height, Set of 2, Grey, Black Metal",B07B7BGYVB.jpg,"a photo of a Amazon Brand - Rivet Ferry Modern Industrial Dining Room Kitchen Chairs, 36 Inch Height, Set of 2, Grey, Black Metal",1,1,2899_img|150_img|1758_img|4523_img|4046_img|201_img|4297_img|1204_img|593_img|1691_img|140_img|33_img|2992_img|4367_img|4586_img|4657_img|5064_img|648_img|3815_img|5440_img
153,CHAIR,AmazonBasics,PVC,AmazonBasics High-Back Bonded Leather Executive Office Computer Desk Chair - Black,B082L1F4MS.jpg,a photo of a AmazonBasics High-Back Bonded Leather Executive Office Computer Desk Chair - Black,1,3,4657_img|3426_img|4294_img|153_img|33_img|2575_img|210_img|1461_img|4116_img|3960_img|4968_img|201_img|1542_img|1156_img|1707_img|4453_img|658_img|1204_img|1256_img|4837_img
158,HOME_BED_AND_BATH,Pinzon by Amazon,100% cotton,"Pinzon by Amazon Spannbetttuch, agyptischer Baumwollsatin, 160 x 200 x 20 cm, Wei",B00MPM1FPA.jpg,"a photo of a Pinzon by Amazon Spannbetttuch, agyptischer Baumwollsatin, 160 x 200 x 20 cm, Wei",1,0,158_img|1125_img|1612_img|5417_img|890_img|2756_img|3341_img|3883_img|319_img|540_img|5148_img|5427_img|5219_img|2672_img|1682_img|755_img|2094_img|4341_img|5355_img|1099_img
162,HOME_BED_AND_BATH,AmazonBasics,tela,"AmazonBasics - Juego de cortinas que no dejan pasar la luz, con ojales, 168 x 229 cm, Beige",B07BHY68MP.jpg,"a photo of a AmazonBasics - Juego de cortinas que no dejan pasar la luz, con ojales, 168 x 229 cm, Beige",1,0,162_img|320_img|3187_img|2478_img|5352_img|2662_img|1992_img|1887_img|4409_img|2501_img|4667_img|1342_img|799_img|5200_img|1800_img|3223_img|1639_img|2835_img|4588_img|744_img
163,SOFA,Rivet,Leather,"Amazon Brand - Rivet Edgewest Modern Right-Facing L-Shape Sectional, Leather, 116""W, Saddle",B07BWK7JWZ.jpg,"a photo of a Amazon Brand - Rivet Edgewest Modern Right-Facing L-Shape Sectional, Leather, 116""W, Saddle",1,0,163_img|147_img|987_img|50_img|1499_img|2321_img|1301_img|5175_img|3224_img|1619_img|201_img|748_img|5013_img|2443_img|5505_img|1542_img|866_img|3815_img|1486_img|1585_img
169,SOFA,Movian,Schaumstoff,"Amazon Brand - Movian Scutari - 3 Seater Sofa Bed, 182 x 83 x 81, Dark Grey",B07R3CYRX5.jpg,"a photo of a Amazon Brand - Movian Scutari - 3 Seater Sofa Bed, 182 x 83 x 81, Dark Grey",1,1,2404_img|169_img|4955_img|4830_img|2497_img|3815_img|2448_img|1874_img|1156_img|294_img|4866_img|50_img|1915_img|782_img|4200_img|5383_img|1856_img|4870_img|789_img|3060_img
175,KITCHEN,Amazon Brand - Solimo,Aluminium,"Amazon Brand - Solimo Non Stick Handi with Stainless Steel Lid (4.25L, Hammertone finish, 3 coat, 2.9mm thickness)",B07P8ZW575.jpg,"a photo of a Amazon Brand - Solimo Non Stick Handi with Stainless Steel Lid (4.25L, Hammertone finish, 3 coat, 2.9mm thickness)",1,1,325_img|175_img|1882_img|5071_img|3949_img|2872_img|739_img|4271_img|4390_img|3232_img|4265_img|1620_img|1226_img|871_img|926_img|4725_img|381_img|2587_img|1706_img|54_img
178,HOME_BED_AND_BATH,Amazon Brand - Solimo,polyresin,"Amazon Brand - Solimo Room Darkening Blackout Door Curtain, 7 Feet (Maroon)",B07PPFV5B6.jpg,"a photo of a Amazon Brand - Solimo Room Darkening Blackout Door Curtain, 7 Feet (Maroon)",1,0,178_img|3301_img|4588_img|227_img|744_img|1928_img|5306_img|1015_img|4474_img|2812_img|4667_img|5161_img|4409_img|1232_img|2009_img|638_img|873_img|2211_img|739_img|162_img
179,HOME_FURNITURE_AND_DECOR,Movian,Wood,"Amazon Brand - Movian Desk, 138 x 74.5 x 69 cm, Dark Oak",B082YNV6F7.jpg,"a photo of a Amazon Brand - Movian Desk, 138 x 74.5 x 69 cm, Dark Oak",1,0,179_img|3818_img|1074_img|1573_img|4907_img|2281_img|1585_img|4602_img|1653_img|1856_img|3194_img|5401_img|1577_img|4447_img|633_img|2515_img|1382_img|3175_img|5152_img|3937_img
180,HOME_FURNITURE_AND_DECOR,Amazon Brand - Solimo,Synthetic Wood,"Amazon Brand - Solimo Collage Photo Frames, Set of 3, Tabletop (2 pcs - 4x6 inch, 1 pc - 6x8 inch), Golden",B07LH5Y15K.jpg,"a photo of a Amazon Brand - Solimo Collage Photo Frames, Set of 3, Tabletop (2 pcs - 4x6 inch, 1 pc - 6x8 inch), Golden",1,0,180_img|3856_img|743_img|625_img|1110_img|1644_img|2694_img|5014_img|1064_img|54_img|710_img|2834_img|3723_img|5532_img|2605_img|860_img|2462_img|952_img|384_img|1129_img
184,WALL_ART,Rivet,wood,"Amazon Brand - Rivet Canvas Print of Gold Rhinoceros, 15"" x 10""",B073P1N45G.jpg,"a photo of a Amazon Brand - Rivet Canvas Print of Gold Rhinoceros, 15"" x 10""",1,0,184_img|579_img|4812_img|5222_img|754_img|384_img|1129_img|4944_img|5036_img|962_img|4302_img|246_img|3313_img|5318_img|5078_img|545_img|952_img|2035_img|4334_img|5330_img
186,FINENECKLACEBRACELETANKLET,Amazon Collection,metal,"Amazon CollectionAmazon Collection 14k Gold-Filled Medium Round Saint Christopher Pendant Necklace with Stainless Steel Chain, 20""",B005INC8TU.jpg,"a photo of a Amazon CollectionAmazon Collection 14k Gold-Filled Medium Round Saint Christopher Pendant Necklace with Stainless Steel Chain, 20""",1,1,217_img|186_img|2572_img|1999_img|4268_img|2555_img|3994_img|2043_img|4916_img|2550_img|2576_img|3307_img|1628_img|985_img|949_img|2984_img|839_img|5322_img|3046_img|1453_img
188,WALL_ART,Rivet,canvas,"Amazon Brand - Rivet Geometric Aqua and Black Modern Angled Canvas Print Wall Art in Silver Frame, 13.75"" x 13.75""",B073P117FZ.jpg,"a photo of a Amazon Brand - Rivet Geometric Aqua and Black Modern Angled Canvas Print Wall Art in Silver Frame, 13.75"" x 13.75""",1,0,188_img|4983_img|1263_img|2318_img|4572_img|4144_img|5289_img|5503_img|678_img|2516_img|3063_img|533_img|1919_img|5406_img|4465_img|5399_img|2540_img|3696_img|1329_img|5413_img
189,HOME,Pinzon by Amazon,Cotton,"Pinzon Hemstitch 400-Thread-Count Egyptian Cotton Sateen Full/Queen Duvet Set, Eggshell",B001E0V4HI.jpg,"a photo of a Pinzon Hemstitch 400-Thread-Count Egyptian Cotton Sateen Full/Queen Duvet Set, Eggshell",1,0,189_img|5454_img|2143_img|5195_img|4151_img|5455_img|4039_img|3906_img|4762_img|1568_img|1992_img|4965_img|54_img|681_img|2662_img|3028_img|1698_img|1761_img|1663_img|1125_img
190,CHAIR,Rivet,Leather,"Amazon Brand - Rivet Spear Mid-Century Modern Channel Tufted Leather Accent Chair with Wood Arms, 29.1""W, Grey",B082QCVWWF.jpg,"a photo of a Amazon Brand - Rivet Spear Mid-Century Modern Channel Tufted Leather Accent Chair with Wood Arms, 29.1""W, Grey",1,2,688_img|3244_img|190_img|5133_img|3976_img|1732_img|2797_img|950_img|1204_img|2284_img|4980_img|141_img|3230_img|5390_img|5366_img|5241_img|5258_img|3224_img|4253_img|593_img
191,TABLE,Alkove,Oak,"Marque Amazon - Alkove - Hayes - Table a rallonges en bois massif, 180 cm, Chene sauvage",B07K7K4CDY.jpg,"a photo of a Marque Amazon - Alkove - Hayes - Table a rallonges en bois massif, 180 cm, Chene sauvage",1,18,4172_img|1653_img|5401_img|1856_img|886_img|2001_img|2653_img|3630_img|633_img|179_img|572_img|4447_img|630_img|3788_img|3083_img|4279_img|2810_img|4602_img|191_img|4836_img
192,TABLE,Rivet,Metal,"Amazon Brand - Rivet Bristol Natural Edge Black Metal Side Table, Walnut",B072ZLCB3M.jpg,"a photo of a Amazon Brand - Rivet Bristol Natural Edge Black Metal Side Table, Walnut",1,0,192_img|993_img|1720_img|475_img|3788_img|1479_img|5170_img|2117_img|3194_img|5192_img|4836_img|2531_img|1614_img|1003_img|2281_img|4545_img|1577_img|3288_img|5424_img|2774_img
197,WALL_ART,Rivet,Paper,"Amazon Brand - Rivet Modern Farmhouse American Quilt Print Wall Art Decor - 27"" x 27"" Frame, Warm Grey Barnwood",B075YL5LFQ.jpg,"a photo of a Amazon Brand - Rivet Modern Farmhouse American Quilt Print Wall Art Decor - 27"" x 27"" Frame, Warm Grey Barnwood",1,1,678_img|197_img|188_img|821_img|2516_img|3063_img|533_img|592_img|1563_img|4522_img|5289_img|1329_img|2035_img|4144_img|677_img|578_img|1903_img|618_img|225_img|4344_img
199,FINENECKLACEBRACELETANKLET,Amazon Collection,Not applicableNot applicableNot applicableNot applicable,"Men's Set of 3 Black and Simulated Coral Beaded Bracelets with Anchor Medallion Bracelet, 8""x 0.3""",B06Y2HQR62.jpg,"a photo of a Men's Set of 3 Black and Simulated Coral Beaded Bracelets with Anchor Medallion Bracelet, 8""x 0.3""",1,0,199_img|1073_img|1551_img|5521_img|259_img|1400_img|3915_img|1232_img|2009_img|2325_img|4710_img|1557_img|2589_img|3260_img|1848_img|2142_img|5132_img|1868_img|4642_img|5354_img
200,HOME_FURNITURE_AND_DECOR,Amazon Brand - Solimo,Plastic,"Amazon Brand - Solimo 12-inch Wall Clock - Desginer (Silent Movement, Black Frame)",B08GL15MZ2.jpg,"a photo of a Amazon Brand - Solimo 12-inch Wall Clock - Desginer (Silent Movement, Black Frame)",1,11,1783_img|5180_img|4300_img|4393_img|79_img|752_img|5441_img|4651_img|1917_img|4480_img|621_img|200_img|2224_img|1915_img|4225_img|2448_img|4286_img|2872_img|3220_img|253_img
201,SOFA,Rivet,Leather,"Amazon Brand - Rivet Aiden Mid-Century Leather Sectional with Tapered Wood Legs, 86""W, Black",B07QFP5W3W.jpg,"a photo of a Amazon Brand - Rivet Aiden Mid-Century Leather Sectional with Tapered Wood Legs, 86""W, Black",1,0,201_img|3815_img|987_img|4200_img|2321_img|1542_img|2448_img|50_img|1188_img|3060_img|3230_img|1156_img|147_img|5133_img|1585_img|1499_img|729_img|163_img|4526_img|1019_img
202,HOME_BED_AND_BATH,Amazon Brand - Solimo,Cotton,"Amazon Brand - Solimo Amazon Brand Waterproof Mattress Protector King Size (White, 72X78 Inches)",B06VSJ5Q6W.jpg,"a photo of a Amazon Brand - Solimo Amazon Brand Waterproof Mattress Protector King Size (White, 72X78 Inches)",1,0,202_img|4339_img|4139_img|3102_img|696_img|1663_img|1437_img|5161_img|1546_img|704_img|2471_img|5480_img|321_img|926_img|4166_img|5219_img|1764_img|1397_img|4915_img|1821_img
203,CELLULAR_PHONE_CASE,Amazon Brand - Solimo,Silicon,Amazon Brand - Solimo Designer White Dog UV Printed Soft Back Case Mobile Cover for Lyf Flame 8,B0856BLQLZ.jpg,a photo of a Amazon Brand - Solimo Designer White Dog UV Printed Soft Back Case Mobile Cover for Lyf Flame 8,1,0,203_img|3236_img|3313_img|754_img|1417_img|1437_img|239_img|2441_img|5480_img|2029_img|4166_img|4359_img|5570_img|1322_img|1399_img|5472_img|1375_img|1397_img|1487_img|4116_img
204,WALL_ART,Rivet,canvas,"Amazon Brand - Rivet Abstract Brushed Blue and Yellow Canvas Print Wall Art, 36"" x 24""",B073P1H6CF.jpg,"a photo of a Amazon Brand - Rivet Abstract Brushed Blue and Yellow Canvas Print Wall Art, 36"" x 24""",1,16,2609_img|3696_img|545_img|1263_img|962_img|4302_img|246_img|431_img|1903_img|1702_img|2650_img|4983_img|3946_img|5330_img|930_img|1652_img|204_img|2671_img|5332_img|1438_img
210,HOME_FURNITURE_AND_DECOR,AmazonBasics,Tela,AmazonBasics - Sedia da ufficio con mezzo schienale a rete,B00TFJY9RC.jpg,a photo of a AmazonBasics - Sedia da ufficio con mezzo schienale a rete,0,-1,2713_img|477_img|2126_img|686_img|2272_img|2575_img|1256_img|5315_img|4793_img|3960_img|1613_img|153_img|5052_img|648_img|1707_img|1821_img|4294_img|834_img|4837_img|4116_img
211,RUG,Rivet,Polypropylene,"Amazon Brand - Rivet Old World Vintage Persian Area Rug, 5' 3"" x 7' 3"", Passion Pink",B079KV17MW.jpg,"a photo of a Amazon Brand - Rivet Old World Vintage Persian Area Rug, 5' 3"" x 7' 3"", Passion Pink",1,0,211_img|2686_img|4933_img|5370_img|5387_img|870_img|2576_img|2063_img|3199_img|4430_img|2690_img|5451_img|200_img|178_img|5322_img|38_img|5430_img|2984_img|3526_img|2031_img
215,CELLULAR_PHONE_CASE,Amazon Brand - Solimo,Plastic,Amazon Brand - Solimo Designer Multicolor Pattern 3D Printed Hard Back Case Mobile Cover for Samsung Galaxy M21,B085118RGC.jpg,a photo of a Amazon Brand - Solimo Designer Multicolor Pattern 3D Printed Hard Back Case Mobile Cover for Samsung Galaxy M21,1,0,215_img|4441_img|274_img|4141_img|2671_img|4988_img|4584_img|821_img|4013_img|1050_img|533_img|2010_img|2564_img|873_img|2211_img|3526_img|872_img|764_img|2441_img|3240_img
217,FINENECKLACEBRACELETANKLET,Amazon Collection,Metal,"Amazon Collection14k Gold-Filled Solid Round Saint Christopher Medal with Black Epoxy Border and Gold Plated Stainless Steel Chain, 20""",B00LCX75VQ.jpg,"a photo of a Amazon Collection14k Gold-Filled Solid Round Saint Christopher Medal with Black Epoxy Border and Gold Plated Stainless Steel Chain, 20""",1,0,217_img|186_img|2572_img|1999_img|3994_img|2550_img|4268_img|1605_img|133_img|2043_img|2598_img|2576_img|3046_img|4404_img|2984_img|4395_img|949_img|2419_img|189_img|4319_img
225,HOME,Unknown,Polipropileno,Pinzon Diamond Matelasse Sham,B000V9Y59C.jpg,a photo of a Pinzon Diamond Matelasse Sham,1,0,225_img|1568_img|2152_img|5411_img|4039_img|1765_img|2737_img|1663_img|4961_img|4522_img|4420_img|698_img|4965_img|888_img|950_img|688_img|1764_img|751_img|2143_img|1600_img
227,SOFA,Amazon Brand - Solimo,Fabric,Amazon Brand - Solimo Metro Fabric 3 seater Sofa cum Bed (Brown),B083VMZL96.jpg,a photo of a Amazon Brand - Solimo Metro Fabric 3 seater Sofa cum Bed (Brown),1,2,4870_img|4067_img|227_img|2497_img|3013_img|2443_img|4830_img|4782_img|5161_img|940_img|1074_img|709_img|748_img|5433_img|251_img|4308_img|5495_img|1382_img|4696_img|3856_img
230,TABLE,AmazonBasics,Legno,"AmazonBasics - Comodino, 45 x 38 x 50 cm, colore marrone",B07RMJPJWF.jpg,"a photo of a AmazonBasics - Comodino, 45 x 38 x 50 cm, colore marrone",0,-1,3083_img|27_img|828_img|1074_img|5399_img|2810_img|4602_img|592_img|3477_img|5049_img|5313_img|2281_img|1821_img|2540_img|5375_img|680_img|4275_img|1653_img|2001_img|1527_img
231,SOFA,Rivet,"Velvet, Hardwood frame, Metal legs","Amazon Brand - Rivet Emerly Modern Sofa, 83.5""W, Emerald",B07HZ48ZXS.jpg,"a photo of a Amazon Brand - Rivet Emerly Modern Sofa, 83.5""W, Emerald",1,0,231_img|2012_img|3060_img|1410_img|4866_img|294_img|494_img|4555_img|5383_img|4001_img|2448_img|3626_img|560_img|4699_img|4830_img|791_img|2741_img|5332_img|3942_img|1915_img
235,CELLULAR_PHONE_CASE,Amazon Brand - Solimo,Silicone,Amazon Brand - Solimo Designer Golden Butterfly Pattern UV Printed Soft Back Case Mobile Cover for Tecno Camon i Twin,B0853X9ZNF.jpg,a photo of a Amazon Brand - Solimo Designer Golden Butterfly Pattern UV Printed Soft Back Case Mobile Cover for Tecno Camon i Twin,1,0,235_img|4025_img|4584_img|5446_img|4141_img|4404_img|764_img|5561_img|2600_img|4792_img|2659_img|94_img|2564_img|1640_img|1590_img|4382_img|2403_img|1370_img|4537_img|3095_img
239,RUG,Rivet,80% Wool 20% Cotton,"Amazon Brand - Rivet Contemporary Linear Distressed Wool Area Rug, 5 x 8 Foot, Grey",B0735RJPDH.jpg,"a photo of a Amazon Brand - Rivet Contemporary Linear Distressed Wool Area Rug, 5 x 8 Foot, Grey",1,5,5070_img|2528_img|1322_img|5194_img|3178_img|239_img|1691_img|5096_img|1702_img|317_img|38_img|2959_img|4217_img|5464_img|2404_img|539_img|5510_img|332_img|5241_img|1361_img
242,SHOES,The Fix,Leather,"Amazon Brand - The Fix Women's Garza Whipstitch Platform Dress Sandal, Black/Green, 11 B US",B01MSD6XXM.jpg,"a photo of a Amazon Brand - The Fix Women's Garza Whipstitch Platform Dress Sandal, Black/Green, 11 B US",1,0,242_img|4124_img|4283_img|4504_img|1625_img|5584_img|5457_img|4269_img|2961_img|1580_img|543_img|1042_img|1571_img|1833_img|826_img|5266_img|5065_img|1507_img|764_img|4001_img
243,FINERING,Amazon Collection,No aplica,"Amazon CollectionYellow Gold-Plated Sterling Silver Swarovski Zirconia Princess Eternity Band Ring, Size 7",B07359D5LK.jpg,"a photo of a Amazon CollectionYellow Gold-Plated Sterling Silver Swarovski Zirconia Princess Eternity Band Ring, Size 7",1,0,243_img|772_img|2957_img|5418_img|787_img|20_img|708_img|2589_img|3095_img|5131_img|4819_img|1073_img|259_img|5521_img|248_img|4710_img|5132_img|5394_img|1292_img|3843_img
246,WALL_ART,Stone & Beam,canvas,"Amazon Brand - Stone & Beam Abstract Grey and Gold Print on Canvas Wall Art, 24"" x 24""",B073P1JNF6.jpg,"a photo of a Amazon Brand - Stone & Beam Abstract Grey and Gold Print on Canvas Wall Art, 24"" x 24""",1,0,246_img|962_img|4302_img|545_img|952_img|2035_img|5391_img|3946_img|1359_img|2650_img|5330_img|1122_img|2609_img|3696_img|4842_img|4151_img|1329_img|431_img|4944_img|5036_img
247,KITCHEN,AmazonBasics,Others,"(Renewed) AmazonBasics 18-Piece Kitchen Dinnerware Set, Dishes, Bowls, Service for 6, Sketch",B0848Q9NGZ.jpg,"a photo of a (Renewed) AmazonBasics 18-Piece Kitchen Dinnerware Set, Dishes, Bowls, Service for 6, Sketch",1,3,4780_img|4436_img|312_img|247_img|5285_img|5147_img|5235_img|5560_img|54_img|4040_img|1019_img|1546_img|1694_img|860_img|4526_img|729_img|3979_img|1766_img|2167_img|2034_img
248,FINERING,Amazon Collection,metal,"Platinum-Plated Sterling Silver Princess-Cut 3-Stone Ring made with Swarovski Zirconia (2 cttw), Size 6",B00FXW6M3Y.jpg,"a photo of a Platinum-Plated Sterling Silver Princess-Cut 3-Stone Ring made with Swarovski Zirconia (2 cttw), Size 6",1,0,248_img|3095_img|787_img|4945_img|5573_img|2711_img|631_img|5450_img|5206_img|772_img|3919_img|2973_img|243_img|5007_img|5498_img|1660_img|293_img|5394_img|2006_img|5131_img
251,TABLE,Amazon Brand - Solimo,Engineered Wood^Particle Board,Amazon Brand - Solimo Uno Engineered Wood Bedside Table (Wenge Finish),B07L1DPX3Q.jpg,a photo of a Amazon Brand - Solimo Uno Engineered Wood Bedside Table (Wenge Finish),1,0,251_img|5152_img|4081_img|3083_img|532_img|4100_img|1074_img|940_img|230_img|5545_img|1605_img|5424_img|2398_img|4180_img|2810_img|4782_img|1015_img|2959_img|4067_img|4840_img
252,WALL_ART,Rivet,canvas,"Amazon Brand - Rivet Seagulls Across The Water Sunset Horizon Canvas Print Wall Art, 45"" x 30""",B073P1H7KQ.jpg,"a photo of a Amazon Brand - Rivet Seagulls Across The Water Sunset Horizon Canvas Print Wall Art, 45"" x 30""",1,0,252_img|2683_img|3946_img|5318_img|1506_img|1696_img|4541_img|5499_img|939_img|5027_img|204_img|4404_img|2693_img|1359_img|4465_img|4999_img|5413_img|246_img|1504_img|2436_img
253,FINEEARRING,Amazon Essentials,metal,Amazon Essentials Rose Gold Plated Stainless Steel Flattened Hoop Earrings (60mm),B00E1GYCA8.jpg,a photo of a Amazon Essentials Rose Gold Plated Stainless Steel Flattened Hoop Earrings (60mm),1,0,253_img|3853_img|680_img|1097_img|4642_img|635_img|4857_img|4346_img|2583_img|1848_img|4191_img|2992_img|1495_img|3731_img|543_img|5457_img|5007_img|2325_img|576_img|1543_img
256,CHAIR,AmazonBasics,Polyurethane,AmazonBasics Classic Faux Leather Arm Push Recliner Chair - Brown,B07N2Y55D9.jpg,a photo of a AmazonBasics Classic Faux Leather Arm Push Recliner Chair - Brown,1,0,256_img|5052_img|5315_img|940_img|686_img|4696_img|3977_img|3910_img|1121_img|2713_img|1619_img|4980_img|748_img|709_img|4837_img|190_img|4840_img|4067_img|1224_img|2272_img
258,RUG,Stone & Beam,wool,"Amazon Brand - Stone & Beam Serene Tassled Wool Area Rug, 4 x 6 Foot, Multi",B0735TZDBS.jpg,"a photo of a Amazon Brand - Stone & Beam Serene Tassled Wool Area Rug, 4 x 6 Foot, Multi",1,0,258_img|4555_img|1554_img|3526_img|1734_img|2598_img|791_img|2984_img|1502_img|560_img|3626_img|2576_img|5322_img|294_img|4878_img|4001_img|4699_img|1580_img|1284_img|494_img
259,FINENECKLACEBRACELETANKLET,Amazon Essentials,metal,"Amazon Essentials Sterling Silver Round Cut Cubic Zirconia Tennis Bracelet (6mm), 7.25""",B015N3RNB2.jpg,"a photo of a Amazon Essentials Sterling Silver Round Cut Cubic Zirconia Tennis Bracelet (6mm), 7.25""",1,1,1400_img|259_img|5521_img|1073_img|2142_img|4710_img|1848_img|5059_img|4536_img|2325_img|4101_img|2589_img|2711_img|1868_img|3915_img|4364_img|4642_img|1551_img|2957_img|787_img
261,RUG,Stone & Beam,stone,"Amazon Brand - Stone & Beam Modern Striped Area Rug, 4 x 6 Foot, Beige",B0735WFBHQ.jpg,"a photo of a Amazon Brand - Stone & Beam Modern Striped Area Rug, 4 x 6 Foot, Beige",1,0,261_img|1761_img|5510_img|5096_img|2690_img|5256_img|1838_img|5357_img|5464_img|3830_img|1004_img|3178_img|1529_img|2501_img|4409_img|4319_img|1691_img|4217_img|1122_img|2984_img
264,FINENECKLACEBRACELETANKLET,Amazon Collection,Metal,"10k White Gold Amethyst and Diamond Accent Flame Pendant Necklace, 18""",B00L7PIX7Y.jpg,"a photo of a 10k White Gold Amethyst and Diamond Accent Flame Pendant Necklace, 18""",1,0,264_img|3059_img|2454_img|604_img|1152_img|1378_img|2403_img|2414_img|3907_img|4470_img|985_img|4792_img|5041_img|5562_img|5434_img|3012_img|431_img|2043_img|3598_img|5499_img
272,FINERING,Amazon Collection,Fine-other-material,"SS Larimar Ring, Size 7",B074CC19KN.jpg,"a photo of a SS Larimar Ring, Size 7",1,0,272_img|1781_img|4670_img|4145_img|4819_img|3180_img|4572_img|5336_img|1690_img|1667_img|3041_img|4488_img|4983_img|4967_img|2741_img|1034_img|2615_img|4223_img|3598_img|3754_img
274,CELLULAR_PHONE_CASE,Amazon Brand - Solimo,Plastic,Amazon Brand - Solimo Designer Random Pattern 3D Printed Hard Back Case Mobile Cover for Samsung Galaxy M21,B08511TGPM.jpg,a photo of a Amazon Brand - Solimo Designer Random Pattern 3D Printed Hard Back Case Mobile Cover for Samsung Galaxy M21,1,6,1116_img|2010_img|4988_img|5446_img|2659_img|4141_img|274_img|3964_img|1590_img|4634_img|821_img|1844_img|2564_img|5561_img|2557_img|2600_img|1903_img|215_img|4013_img|5221_img
275,FINEEARRING,Amazon Essentials,metal,Amazon Essentials Rose Gold Plated Sterling Silver Round Cut Cubic Zirconia Stud Earrings (5mm),B01BDA15H2.jpg,a photo of a Amazon Essentials Rose Gold Plated Sterling Silver Round Cut Cubic Zirconia Stud Earrings (5mm),1,0,275_img|5443_img|4191_img|3731_img|4857_img|4463_img|1495_img|3839_img|2432_img|2463_img|385_img|2573_img|336_img|3476_img|1464_img|1349_img|4967_img|253_img|2554_img|292_img
292,FINEEARRING,Amazon Collection,metal,Sterling Silver Diamond Round Stud Earrings (1/2 cttw),B00KE1X4ZS.jpg,a photo of a Sterling Silver Diamond Round Stud Earrings (1/2 cttw),1,2,660_img|378_img|292_img|5452_img|997_img|2758_img|711_img|1432_img|2432_img|5440_img|4463_img|1464_img|2463_img|590_img|5494_img|1593_img|4046_img|60_img|2834_img|4169_img
293,FINERING,Amazon Collection,Not Applicable,"Rose-Gold-Plated Sterling Silver Asscher-Cut 3-Stone Ring made with Swarovski Zirconia (3 cttw), Size 8",B0735BCQCS.jpg,"a photo of a Rose-Gold-Plated Sterling Silver Asscher-Cut 3-Stone Ring made with Swarovski Zirconia (3 cttw), Size 8",1,0,293_img|5007_img|1495_img|728_img|2554_img|2711_img|1292_img|5394_img|2527_img|5131_img|1490_img|4024_img|5573_img|5540_img|576_img|3919_img|20_img|708_img|1253_img|1746_img
294,HOME_FURNITURE_AND_DECOR,Stone & Beam,stone,"Amazon Brand - Stone & Beam Hoffman Down-Filled Chaise Sectional Sofa Couch, 87.5""W, Dark Grey Tweed",B07BW8MJV9.jpg,"a photo of a Amazon Brand - Stone & Beam Hoffman Down-Filled Chaise Sectional Sofa Couch, 87.5""W, Dark Grey Tweed",1,2,50_img|2321_img|294_img|987_img|169_img|4048_img|1701_img|1143_img|5375_img|5175_img|1874_img|2859_img|4866_img|5321_img|2874_img|1563_img|2826_img|618_img|2295_img|5174_img
298,TABLE,Ravenna Home,wood,"Amazon Brand - Ravenna Home Angela Modern Turned Leg Console Entry Table, 47.2""W, Grey",B07DBDPMRS.jpg,"a photo of a Amazon Brand - Ravenna Home Angela Modern Turned Leg Console Entry Table, 47.2""W, Grey",1,0,298_img|2655_img|1389_img|1479_img|5350_img|300_img|1614_img|3075_img|3288_img|2808_img|5356_img|5192_img|420_img|2835_img|2475_img|1800_img|3194_img|5241_img|950_img|2103_img
299,SHOES,Klepe,Mesh,Klepe Men's Running Shoes-9 UK (43 EU) (10 US) (BX020/BLK),B07XDY2LND.jpg,a photo of a Klepe Men's Running Shoes-9 UK (43 EU) (10 US) (BX020/BLK),1,0,299_img|3217_img|2295_img|4861_img|1693_img|1631_img|3990_img|4389_img|1180_img|5314_img|440_img|1583_img|2260_img|5143_img|5125_img|1580_img|5475_img|3394_img|98_img|1148_img
300,TABLE,Ravenna Home,wood,"Amazon Brand - Ravenna Home Angela Modern Turned Wood Leg Console Entryway Table, 47.2""W, White",B07DBGJ5PM.jpg,"a photo of a Amazon Brand - Ravenna Home Angela Modern Turned Wood Leg Console Entryway Table, 47.2""W, White",1,0,300_img|298_img|2655_img|2475_img|1389_img|3288_img|2602_img|2808_img|1430_img|5390_img|2081_img|4206_img|1614_img|5480_img|3893_img|5451_img|5192_img|1964_img|1047_img|1605_img
302,FINEEARRING,Amazon+Collection,Metal,10k Yellow Gold Round Checkerboard Cut Created Opal Leverback Earrings (6mm),B01GPY6WYM.jpg,a photo of a 10k Yellow Gold Round Checkerboard Cut Created Opal Leverback Earrings (6mm),1,0,302_img|1158_img|4573_img|2742_img|4169_img|800_img|1502_img|638_img|560_img|2414_img|3059_img|1930_img|5519_img|1453_img|2377_img|4967_img|5041_img|4085_img|3942_img|895_img
312,KITCHEN,Amazon Brand - Solimo,Plastic,Amazon Brand - Solimo 12 Piece Dinnerware Set (Line Design),B07HJ4DPFT.jpg,a photo of a Amazon Brand - Solimo 12 Piece Dinnerware Set (Line Design),1,0,312_img|4436_img|4780_img|5285_img|247_img|5147_img|5235_img|54_img|5560_img|1019_img|4040_img|4526_img|729_img|1766_img|4222_img|860_img|4203_img|1546_img|2167_img|1047_img
317,RUG,Rivet,steel,"Amazon Brand - Rivet Steel Slanted Lines Wool Modern Area Rug, 5 x 8 Foot",B0735T7KTC.jpg,"a photo of a Amazon Brand - Rivet Steel Slanted Lines Wool Modern Area Rug, 5 x 8 Foot",1,0,317_img|5464_img|1691_img|4311_img|2528_img|5096_img|2451_img|5194_img|5070_img|2619_img|4217_img|1585_img|2992_img|1322_img|4275_img|1003_img|1919_img|539_img|261_img|5013_img
319,HOME_BED_AND_BATH,Pinzon by Amazon,Cotone,"Pinzon by Amazon 'Everyday' Set copripiumino in 100% cotone, Marrone chiaro, 260 x 220 cm & 2 federe 50 x 75 cm",B00EQ5GJ5A.jpg,"a photo of a Pinzon by Amazon 'Everyday' Set copripiumino in 100% cotone, Marrone chiaro, 260 x 220 cm & 2 federe 50 x 75 cm",0,-1,4151_img|2143_img|5455_img|3906_img|4965_img|4762_img|540_img|5148_img|5427_img|2700_img|5417_img|5433_img|404_img|5454_img|1444_img|4504_img|1967_img|5195_img|189_img|5306_img
320,HOME,UMI,Textura,UMI. by Amazon - Cortinas Opacas Termicas de Salon Dormitorio Anti Ruido para Ventana de Habitaciones Infantiles Juveniles 2 Piezas con Ojales 117 x 138 cm Blanco,B07DFFKYXS.jpg,a photo of a UMI. by Amazon - Cortinas Opacas Termicas de Salon Dormitorio Anti Ruido para Ventana de Habitaciones Infantiles Juveniles 2 Piezas con Ojales 117 x 138 cm Blanco,1,5,2478_img|1887_img|2662_img|1992_img|2835_img|320_img|162_img|5352_img|3187_img|744_img|799_img|5200_img|1800_img|4482_img|3893_img|2152_img|2501_img|1342_img|2081_img|2347_img
321,HOME_FURNITURE_AND_DECOR,AmazonBasics,Metal,"AmazonBasics Steel Mattress Foundation / Alternative to Traditional Box Spring - 5-Inch, King",B07BHH3XZJ.jpg,"a photo of a AmazonBasics Steel Mattress Foundation / Alternative to Traditional Box Spring - 5-Inch, King",1,1,704_img|321_img|3102_img|4139_img|3774_img|202_img|2874_img|572_img|4048_img|5375_img|633_img|888_img|1874_img|2786_img|4339_img|4522_img|2451_img|3738_img|1844_img|712_img
324,HOME,Solimo,100% Virgin Paper,Solimo 3 Ply Bathroom Tissue Toilet Paper Roll - 4 Rolls (160 gm/roll),B01N2NP1TA.jpg,a photo of a Solimo 3 Ply Bathroom Tissue Toilet Paper Roll - 4 Rolls (160 gm/roll),1,15,2425_img|1549_img|1527_img|841_img|3187_img|3509_img|4915_img|1610_img|647_img|5462_img|5361_img|4916_img|1882_img|1620_img|4265_img|324_img|871_img|1487_img|4667_img|5132_img
325,KITCHEN,Amazon Brand - Solimo,Stainless Steel,Amazon Brand - Solimo Premium Stainless Steel 18cm Saucepan with lid,B07PVJXKFW.jpg,a photo of a Amazon Brand - Solimo Premium Stainless Steel 18cm Saucepan with lid,1,0,325_img|1882_img|4271_img|1766_img|2872_img|175_img|2587_img|3232_img|5071_img|1226_img|3949_img|4265_img|4367_img|429_img|381_img|1620_img|4545_img|54_img|2721_img|5437_img
328,HOME_BED_AND_BATH,AmazonBasics,75% Cotton/25% Rayon derived from Bamboo,"AmazonBasics Cotton and Rayon Derived from Bamboo Sheet Set - Queen, Dark Blue",B07PYSHZDD.jpg,"a photo of a AmazonBasics Cotton and Rayon Derived from Bamboo Sheet Set - Queen, Dark Blue",1,0,328_img|4762_img|5045_img|1444_img|5454_img|3094_img|2700_img|4151_img|51_img|189_img|3075_img|647_img|2425_img|5195_img|3907_img|2077_img|536_img|4800_img|2812_img|1099_img
332,RUG,Rivet,jute,"Amazon Brand - Rivet Contemporary Striated Jute Area Rug, 5' 9"" x 3' 9"", Aegean Blue",B07B4ZJTXJ.jpg,"a photo of a Amazon Brand - Rivet Contemporary Striated Jute Area Rug, 5' 9"" x 3' 9"", Aegean Blue",1,0,332_img|3178_img|1554_img|4702_img|2031_img|1702_img|5357_img|2528_img|1361_img|4993_img|2596_img|4095_img|2959_img|1652_img|5070_img|1734_img|1539_img|4572_img|3041_img|5362_img
335,SHOES,Amazon Brand - Symbol,Polyester,Amazon Brand - Symbol Men's Navy Sneakers-11 (AZ-YS-205 A),B07BF1SZV8.jpg,a photo of a Amazon Brand - Symbol Men's Navy Sneakers-11 (AZ-YS-205 A),1,3,5220_img|724_img|4072_img|335_img|5125_img|2260_img|5314_img|2127_img|4565_img|655_img|1148_img|5143_img|1493_img|4890_img|4702_img|786_img|4040_img|4185_img|687_img|1693_img
336,WALL_ART,Rivet,canvas,"Amazon Brand - Rivet Abstract Black, Silver, Pink Canvas Wall Art Print, 10"" x 15""",B073P19TNN.jpg,"a photo of a Amazon Brand - Rivet Abstract Black, Silver, Pink Canvas Wall Art Print, 10"" x 15""",1,0,336_img|204_img|4191_img|1359_img|3731_img|4857_img|1562_img|2605_img|200_img|2686_img|5425_img|635_img|939_img|5027_img|390_img|962_img|4302_img|1691_img|1099_img|211_img
343,SHOES,Amazon Brand - Symbol,Mesh,Amazon Brand - Symbol Men's White Polyester Sneakers-11 (AZ-YS-203 A),B07913QP2M.jpg,a photo of a Amazon Brand - Symbol Men's White Polyester Sneakers-11 (AZ-YS-203 A),1,2,4359_img|4890_img|343_img|2105_img|1417_img|675_img|4565_img|3893_img|2816_img|5480_img|1548_img|2152_img|2471_img|1437_img|1430_img|300_img|1397_img|751_img|696_img|203_img
368,CELLULAR_PHONE_CASE,Amazon Brand - Solimo,Plastic,Amazon Brand - Solimo Designer Water Drops 3D Printed Hard Back Case Mobile Cover for Oppo Reno Ace/Realme X2 Pro,B08569K5R3.jpg,a photo of a Amazon Brand - Solimo Designer Water Drops 3D Printed Hard Back Case Mobile Cover for Oppo Reno Ace/Realme X2 Pro,1,0,368_img|2950_img|2535_img|5086_img|4988_img|4584_img|2671_img|4915_img|910_img|1844_img|2010_img|4463_img|4634_img|1506_img|3607_img|3266_img|5262_img|5561_img|1468_img|5230_img
378,FINEEARRING,Amazon Essentials,metal,Amazon Essentials Sterling Silver Polished Ball Stud Earrings (5mm),B008J8I8PE.jpg,a photo of a Amazon Essentials Sterling Silver Polished Ball Stud Earrings (5mm),1,0,378_img|4865_img|4967_img|660_img|1643_img|3731_img|5440_img|4191_img|2758_img|5077_img|4169_img|3754_img|1667_img|4857_img|1644_img|429_img|292_img|997_img|4463_img|3839_img
381,KITCHEN,AmazonBasics,SILVER,AmazonBasics Electric Glass and Steel Kettle 1.0 Litre,B082Q98F2V.jpg,a photo of a AmazonBasics Electric Glass and Steel Kettle 1.0 Litre,1,0,381_img|600_img|5437_img|4187_img|4872_img|4265_img|3487_img|871_img|1620_img|3949_img|5071_img|2510_img|2872_img|1882_img|2021_img|2745_img|4271_img|1272_img|4100_img|4837_img
384,FINEEARRING,Amazon Collection,Not applicable,"AGS Certified 14k Yellow Gold Round-Cut Diamond Stud Earrings (1cttw, J-K Color, I2-I3 Clarity)",B075XW1PVB.jpg,"a photo of a AGS Certified 14k Yellow Gold Round-Cut Diamond Stud Earrings (1cttw, J-K Color, I2-I3 Clarity)",1,0,384_img|1129_img|4944_img|5036_img|711_img|1432_img|536_img|1349_img|2681_img|3307_img|3477_img|2573_img|3476_img|4315_img|2555_img|839_img|4085_img|5452_img|659_img|2035_img
385,KITCHEN,Amazon Brand - Solimo,Plastic,"Amazon Brand - Solimo Fruit Basket Set (3 pieces, Pink)",B07P96J8BW.jpg,"a photo of a Amazon Brand - Solimo Fruit Basket Set (3 pieces, Pink)",1,0,385_img|2605_img|2842_img|2167_img|1064_img|5532_img|2462_img|139_img|5430_img|3979_img|543_img|3723_img|3287_img|834_img|2591_img|898_img|5014_img|2077_img|2565_img|1694_img
390,CELLULAR_PHONE_CASE,Amazon Brand - Solimo,Plastic,Amazon Brand - Solimo Designer Ladies Accessories Pattern 3D Printed Hard Back Case Mobile Cover for Samsung Galaxy M31,B08511L8RQ.jpg,a photo of a Amazon Brand - Solimo Designer Ladies Accessories Pattern 3D Printed Hard Back Case Mobile Cover for Samsung Galaxy M31,1,13,1590_img|2659_img|5561_img|5446_img|2564_img|2010_img|4634_img|4584_img|274_img|4013_img|94_img|4141_img|3964_img|390_img|1116_img|5230_img|1844_img|2557_img|910_img|1370_img
396,FINERING,Amazon Collection,Not applicable,"Yellow-Gold-Plated Sterling Silver Round-Cut 5-Stone Ring made with Swarovski Zirconia (1.25 cttw), Size 7",B07359PB23.jpg,"a photo of a Yellow-Gold-Plated Sterling Silver Round-Cut 5-Stone Ring made with Swarovski Zirconia (1.25 cttw), Size 7",1,3,3843_img|4829_img|2554_img|396_img|2633_img|2419_img|4536_img|2678_img|5418_img|2615_img|4223_img|5433_img|2934_img|404_img|2573_img|1292_img|2433_img|2589_img|1756_img|4364_img
404,CHAIR,Rivet,Stainless steel base; Plywood,"Amazon Brand - Rivet Farr Lotus Accent Chair, Canary",B073G94FW8.jpg,"a photo of a Amazon Brand - Rivet Farr Lotus Accent Chair, Canary",1,0,404_img|5332_img|5366_img|593_img|5433_img|5538_img|1486_img|1732_img|4253_img|688_img|1792_img|3230_img|141_img|140_img|2012_img|2797_img|3244_img|3914_img|5241_img|5072_img
420,HOME_FURNITURE_AND_DECOR,Ravenna Home,glass,"Amazon Brand - Ravenna Home Westly Corner Glass Cabinet Storage TV Media Entertainment Stand, 52""W, Grey",B07DBFWCQ3.jpg,"a photo of a Amazon Brand - Ravenna Home Westly Corner Glass Cabinet Storage TV Media Entertainment Stand, 52""W, Grey",1,0,420_img|298_img|5350_img|555_img|1277_img|1936_img|5094_img|2655_img|1479_img|4866_img|1389_img|3937_img|300_img|5451_img|3175_img|2475_img|1614_img|2796_img|3075_img|5241_img
429,HOME_BED_AND_BATH,AmazonBasics,nickel_silver,"AmazonBasics Marble Ball Finial with 1"" Curtain Rod - 36-72"", Nickel",B07MNBLKDF.jpg,"a photo of a AmazonBasics Marble Ball Finial with 1"" Curtain Rod - 36-72"", Nickel",1,0,429_img|659_img|1620_img|4212_img|2681_img|2835_img|378_img|4271_img|4865_img|325_img|3477_img|1643_img|2478_img|320_img|2377_img|1882_img|4265_img|5452_img|2662_img|5352_img
431,WALL_ART,Rivet,Paper,"Amazon Brand - Rivet Yellow and Purple Contrast Watercolor Print Wall Art in White Frame, 13"" x 16""",B073P1CJGD.jpg,"a photo of a Amazon Brand - Rivet Yellow and Purple Contrast Watercolor Print Wall Art in White Frame, 13"" x 16""",1,0,431_img|2609_img|3696_img|2650_img|264_img|533_img|324_img|962_img|4302_img|204_img|3907_img|604_img|1152_img|3598_img|2683_img|545_img|3946_img|1378_img|4403_img|3930_img
435,FINERING,Amazon Collection,metal,"Platinum-Plated Sterling Silver Round Ring Set made with Swarovski Zirconia (1 Carat Center Stone), Size 7",B00FRIJMRW.jpg,"a photo of a Platinum-Plated Sterling Silver Round Ring Set made with Swarovski Zirconia (1 Carat Center Stone), Size 7",1,0,435_img|1098_img|5059_img|4364_img|853_img|4243_img|2633_img|2678_img|2142_img|4536_img|2433_img|1756_img|2934_img|1868_img|4710_img|3127_img|1253_img|1746_img|1490_img|4024_img
440,SHOES,Klepe,Mesh,Klepe Men's Grey Running Shoes-9 UK (43 EU) (10 US) (BX035/GRY),B07XFV4MKK.jpg,a photo of a Klepe Men's Grey Running Shoes-9 UK (43 EU) (10 US) (BX035/GRY),1,2,3990_img|3394_img|440_img|1583_img|299_img|3217_img|1580_img|2846_img|2295_img|1631_img|675_img|2127_img|2956_img|1693_img|5314_img|4283_img|1148_img|4861_img|3075_img|1180_img
443,SHOES,Amazon Brand - Symbol,Synthetic,Amazon Brand - Symbol Men's Brown/ Tan PU Formal Shoes - 9 UK (AZ-SY-420),B07VT9M6J3.jpg,a photo of a Amazon Brand - Symbol Men's Brown/ Tan PU Formal Shoes - 9 UK (AZ-SY-420),1,0,443_img|1829_img|2754_img|2620_img|3461_img|4632_img|3505_img|2956_img|2721_img|4504_img|2816_img|952_img|54_img|5463_img|4038_img|1677_img|962_img|4302_img|4253_img|5252_img
463,FINENECKLACEBRACELETANKLET,Amazon Collection,METALLO,"Collana tennis in argento Sterling placcato platino o oro con zirconi Swarovski taglio rotondo, lunghezza 17"",Placcato in oro giallo,4.5mm",B00NFSDWUY.jpg,"a photo of a Collana tennis in argento Sterling placcato platino o oro con zirconi Swarovski taglio rotondo, lunghezza 17"",Placcato in oro giallo,4.5mm",1,16,765_img|2634_img|133_img|4382_img|1603_img|3249_img|1999_img|3260_img|566_img|1934_img|502_img|3046_img|4101_img|2589_img|985_img|5308_img|463_img|1532_img|4728_img|4470_img
475,TABLE,Rivet,metal,"Amazon Brand - Rivet Modern Round Metal Side End Accent Table, 15""W, Black",B07B7J5XSQ.jpg,"a photo of a Amazon Brand - Rivet Modern Round Metal Side End Accent Table, 15""W, Black",1,0,475_img|192_img|1614_img|993_img|2531_img|619_img|4836_img|5170_img|3230_img|36_img|2117_img|3976_img|775_img|1720_img|1605_img|4545_img|2774_img|3244_img|1047_img|3825_img
477,HOME_FURNITURE_AND_DECOR,AmazonBasics,Cuir synthetique,AmazonBasics Tabouret de bureau multi-usages reglable avec roulettes Certifie BIFMA (renouvele) Tabouret de dessin avec coussin de dossier. beige,B082S4FCR1.jpg,a photo of a AmazonBasics Tabouret de bureau multi-usages reglable avec roulettes Certifie BIFMA (renouvele) Tabouret de dessin avec coussin de dossier. beige,1,2,4298_img|5366_img|477_img|1792_img|1613_img|3906_img|4453_img|4116_img|1761_img|5538_img|658_img|2515_img|5258_img|404_img|4968_img|1064_img|3083_img|593_img|1707_img|1256_img
494,SOFA,Movian,Tela,"Amazon Brand - Movian Morat - Divano a 2 posti, 90 x 154 x 80 cm (Lu x La x A), tessuto color sabbia",B07VLFWGN6.jpg,"a photo of a Amazon Brand - Movian Morat - Divano a 2 posti, 90 x 154 x 80 cm (Lu x La x A), tessuto color sabbia",1,13,227_img|231_img|1034_img|4510_img|2404_img|4830_img|2012_img|782_img|5433_img|5072_img|3013_img|2448_img|2842_img|494_img|5161_img|4870_img|3199_img|3060_img|5362_img|3914_img
495,CHAIR,Rivet,solid beech wood/ Velvet,"Amazon Brand - Rivet Ashworth Armless Velvet Accent Chair, 21.6""W, Smoky Teal",B072PZJZY3.jpg,"a photo of a Amazon Brand - Rivet Ashworth Armless Velvet Accent Chair, 21.6""W, Smoky Teal",1,2,141_img|140_img|495_img|2284_img|1732_img|1204_img|5241_img|3976_img|4253_img|593_img|688_img|4837_img|3244_img|2797_img|5366_img|190_img|3230_img|3910_img|2012_img|4488_img
502,FINENECKLACEBRACELETANKLET,Amazon Collection,Metal,Amazon Collection Mujer 925 14K oro amarillo y plata esterlina pear-shape^round-shape I-J diamante rubi,B005GT0FNW.jpg,a photo of a Amazon Collection Mujer 925 14K oro amarillo y plata esterlina pear-shape^round-shape I-J diamante rubi,1,0,502_img|5229_img|1934_img|566_img|1117_img|5354_img|5172_img|5308_img|588_img|3598_img|2615_img|4223_img|4382_img|2054_img|1106_img|264_img|2354_img|5041_img|2043_img|133_img
508,WALL_ART,Rivet,Cotton,"Amazon Brand - Rivet Arizona Desert Sand Horizon Photo with Wood Hanger, 18"" x 24""",B073P5V2P3.jpg,"a photo of a Amazon Brand - Rivet Arizona Desert Sand Horizon Photo with Wood Hanger, 18"" x 24""",1,0,508_img|4730_img|2693_img|4263_img|2683_img|4465_img|939_img|5027_img|609_img|2930_img|592_img|3946_img|2555_img|3165_img|2516_img|3063_img|3307_img|246_img|839_img|962_img
514,HOME_FURNITURE_AND_DECOR,Stone & Beam,cotton; Solid hardwood and laminate wood,"Amazon Brand - Stone & Beam Carrigan Modern Loveseat Sofa Couch with Slipcover, 68""W, Natural",B072M1VGBP.jpg,"a photo of a Amazon Brand - Stone & Beam Carrigan Modern Loveseat Sofa Couch with Slipcover, 68""W, Natural",1,0,514_img|4166_img|2530_img|4432_img|5226_img|5495_img|494_img|2333_img|4830_img|1375_img|618_img|5252_img|5555_img|3053_img|4916_img|5483_img|3968_img|4185_img|2296_img|4178_img
532,TABLE,Ravenna Home,Steel,"Amazon Brand - Ravenna Home Archer Outdoor Patio C-Shaped Steel Side Table with Panel Top, 16.54""W, Gray",B082VSLQBK.jpg,"a photo of a Amazon Brand - Ravenna Home Archer Outdoor Patio C-Shaped Steel Side Table with Panel Top, 16.54""W, Gray",0,-1,1614_img|5192_img|1389_img|4048_img|1479_img|192_img|475_img|2531_img|4545_img|633_img|298_img|5419_img|2808_img|3288_img|5170_img|993_img|1720_img|950_img|2655_img|4836_img
533,WALL_ART,Rivet,paper,"Amazon Brand - Rivet Mid Century Modern Marbled Abstract Geode I Print Framed Wall Art Decor - 19"" x 23"" Frame, Cool Wood-Tone",B075YNL75G.jpg,"a photo of a Amazon Brand - Rivet Mid Century Modern Marbled Abstract Geode I Print Framed Wall Art Decor - 19"" x 23"" Frame, Cool Wood-Tone",1,0,533_img|821_img|4621_img|188_img|1562_img|3696_img|1903_img|4983_img|2609_img|578_img|431_img|1263_img|678_img|197_img|215_img|1833_img|3240_img|2982_img|1359_img|4465_img
536,FINEEARRING,Amazon Collection,Metal,"10k Yellow Gold Princess Diamond Stud Earrings (1/5 cttw, J-K Color, I2-I3 Clarity)",B004RE85M0.jpg,"a photo of a 10k Yellow Gold Princess Diamond Stud Earrings (1/5 cttw, J-K Color, I2-I3 Clarity)",1,0,536_img|4315_img|2519_img|2006_img|5292_img|2973_img|243_img|1453_img|384_img|1129_img|4944_img|5036_img|1660_img|5131_img|3476_img|772_img|4151_img|5394_img|3095_img|787_img
539,RUG,Rivet,cotton blend,"Amazon Brand - Rivet Contemporary Handtufted Cotton and Wool Rug Runner with Geometric Feathered Pattern, 2'6"" x 8', Purple and Cream",B07QB8JYWZ.jpg,"a photo of a Amazon Brand - Rivet Contemporary Handtufted Cotton and Wool Rug Runner with Geometric Feathered Pattern, 2'6"" x 8', Purple and Cream",1,2,5194_img|317_img|539_img|2451_img|5015_img|4311_img|264_img|5464_img|2619_img|1538_img|604_img|1152_img|169_img|2403_img|2596_img|4510_img|5013_img|872_img|873_img|2211_img
540,HOME_BED_AND_BATH,Pinzon by Amazon,mikro elyaf,"Pinzon by Amazon lastikli carsaf, mikrofiber, mikro elyaf, boz kahverengi, 135 x 190 x 38",B00M92LSD0.jpg,"a photo of a Pinzon by Amazon lastikli carsaf, mikrofiber, mikro elyaf, boz kahverengi, 135 x 190 x 38",1,1,2672_img|540_img|5148_img|5427_img|5417_img|5219_img|890_img|2756_img|3341_img|2112_img|5355_img|755_img|2094_img|4341_img|3660_img|319_img|5313_img|1967_img|604_img|1152_img
543,SHOES,Flavia,Polyurethane,Flavia Women's Pink Fashion Slippers-4 UK (36 EU) (5 US) (FL/247/PNK),B07XRYM8NG.jpg,a photo of a Flavia Women's Pink Fashion Slippers-4 UK (36 EU) (5 US) (FL/247/PNK),1,0,543_img|5430_img|1625_img|5457_img|385_img|211_img|2961_img|2631_img|3771_img|2686_img|1042_img|4124_img|5370_img|5387_img|5463_img|390_img|5584_img|734_img|4933_img|4191_img
545,WALL_ART,Rivet,canvas,"Amazon Brand - Rivet Contemporary Print with Gold Leaf Wall Artwork Decor on Canvas - 18 x 24 Inch, Blue and Grey",B07HSK114S.jpg,"a photo of a Amazon Brand - Rivet Contemporary Print with Gold Leaf Wall Artwork Decor on Canvas - 18 x 24 Inch, Blue and Grey",1,0,545_img|962_img|4302_img|246_img|2609_img|1263_img|3696_img|4983_img|1903_img|3946_img|204_img|2683_img|2035_img|952_img|1359_img|252_img|1438_img|1702_img|5330_img|431_img
546,CELLULAR_PHONE_CASE,Amazon Brand - Solimo,Silicon,Amazon Brand - Solimo Designer Happy UV Printed Soft Back Case Mobile Cover for Samsung Galaxy J1,B0857L6134.jpg,a photo of a Amazon Brand - Solimo Designer Happy UV Printed Soft Back Case Mobile Cover for Samsung Galaxy J1,1,1,1101_img|546_img|798_img|609_img|2410_img|1913_img|1010_img|1504_img|2671_img|761_img|5025_img|910_img|4668_img|4263_img|368_img|2930_img|1399_img|5461_img|4537_img|1034_img
555,HOME_FURNITURE_AND_DECOR,Movian,Other,"Marchio Amazon - Movian MULTIBOX accessories, door, 32.9 x 32.1 x 32.9 cm, grey",B07YN3TYWD.jpg,"a photo of a Marchio Amazon - Movian MULTIBOX accessories, door, 32.9 x 32.1 x 32.9 cm, grey",1,0,555_img|1342_img|1639_img|1949_img|5126_img|799_img|5200_img|5321_img|5241_img|4275_img|5194_img|4588_img|2835_img|4667_img|5092_img|4768_img|27_img|5483_img|162_img|4344_img
560,FINEEARRING,Amazon Collection,Metal,"Pendientes de oro de 10 quilates con piedra preciosa a cuadros de corte cojin,esmeralda (Created-Emerald),8mm",B00UTHUV12.jpg,"a photo of a Pendientes de oro de 10 quilates con piedra preciosa a cuadros de corte cojin,esmeralda (Created-Emerald),8mm",1,0,560_img|1502_img|3942_img|3626_img|997_img|2414_img|800_img|302_img|1158_img|4573_img|2377_img|3012_img|5077_img|4878_img|1580_img|3059_img|2758_img|294_img|4001_img|5292_img
566,FINENECKLACEBRACELETANKLET,Amazon Collection,metal,"Sterling Silver Trillion-Cut Citrine and Diamond Accent Pendant Necklace, 18""",B01DTRW3IC.jpg,"a photo of a Sterling Silver Trillion-Cut Citrine and Diamond Accent Pendant Necklace, 18""",1,0,566_img|4382_img|1934_img|1603_img|2615_img|4223_img|5172_img|765_img|133_img|3260_img|3249_img|2634_img|502_img|1589_img|985_img|4470_img|4979_img|4878_img|2589_img|1999_img
572,TABLE,Ravenna Home,Plywood/ Gold Painted Metal Frame,"Amazon Brand - Ravenna Home Parker Coffee Table, 47.2""W, Marble &amp; Gold",B07DBFQV23.jpg,"a photo of a Amazon Brand - Ravenna Home Parker Coffee Table, 47.2""W, Marble &amp; Gold",1,8,5391_img|619_img|5304_img|36_img|2774_img|775_img|4545_img|2653_img|572_img|545_img|2183_img|2796_img|5350_img|2355_img|4319_img|1999_img|5322_img|962_img|4302_img|133_img
576,FINERING,Amazon Collection,No aplica,"Anillo de plata de ley para mujer, con destello en oro rosa, 7",B07CVCTCPP.jpg,"a photo of a Anillo de plata de ley para mujer, con destello en oro rosa, 7",1,4,728_img|2527_img|4857_img|5540_img|576_img|1495_img|635_img|4191_img|5007_img|543_img|680_img|3731_img|2136_img|4842_img|293_img|3839_img|588_img|336_img|5430_img|1232_img
578,WALL_ART,Stone & Beam,Paper,"Amazon Brand - Stone & Beam Modern Tropical Green Monstera Leaf Print I Framed Wall Art Decor - 14 x 20 Inch Frame, Wood-Tone",B075YLKDPG.jpg,"a photo of a Amazon Brand - Stone & Beam Modern Tropical Green Monstera Leaf Print I Framed Wall Art Decor - 14 x 20 Inch Frame, Wood-Tone",1,1,1833_img|578_img|2472_img|5382_img|1231_img|3222_img|1580_img|4283_img|4403_img|592_img|58_img|4621_img|242_img|643_img|1571_img|5503_img|2436_img|764_img|3626_img|1967_img
579,WALL_ART,Stone & Beam,paper,"Amazon Brand - Stone & Beam Vibrant Horse Photo Framed Wall Art Decor - 13 x 15 Inch Frame, Rustic Brown",B075YNL7HD.jpg,"a photo of a Amazon Brand - Stone & Beam Vibrant Horse Photo Framed Wall Art Decor - 13 x 15 Inch Frame, Rustic Brown",1,0,579_img|4812_img|184_img|5222_img|5318_img|197_img|3313_img|5078_img|4344_img|256_img|592_img|578_img|4541_img|186_img|3222_img|217_img|1121_img|4980_img|3910_img|5126_img
588,FINENECKLACEBRACELETANKLET,Amazon Collection,metall,"Halskette mit Kreuz-Anhanger 14 Karat Rotgold auf Sterlingsilber, kunstlicher Opal mit rosa Saphir, 45,7 cm",B009F7IBWS.jpg,"a photo of a Halskette mit Kreuz-Anhanger 14 Karat Rotgold auf Sterlingsilber, kunstlicher Opal mit rosa Saphir, 45,7 cm",1,0,588_img|502_img|985_img|566_img|5434_img|1934_img|264_img|5172_img|3825_img|4967_img|3012_img|3249_img|4857_img|5308_img|463_img|1603_img|635_img|4572_img|1003_img|2992_img
590,FINEEARRING,Amazon Collection,metal,Amazon CollectionSterling Silver Garnet Flower Stud Earrings,B00MCK31G6.jpg,a photo of a Amazon CollectionSterling Silver Garnet Flower Stud Earrings,1,0,590_img|2354_img|660_img|2595_img|3839_img|4827_img|4069_img|1609_img|1378_img|2812_img|1774_img|5041_img|2758_img|2054_img|638_img|5082_img|739_img|4792_img|2769_img|997_img
592,HOME,AmazonBasics,glass,"AmazonBasics Gallery Wall Frame - 17"" x 23"" Frame For 11"" x 14"" Photo Display, Aged Walnut",B07K3H7YGP.jpg,"a photo of a AmazonBasics Gallery Wall Frame - 17"" x 23"" Frame For 11"" x 14"" Photo Display, Aged Walnut",1,0,592_img|4344_img|578_img|180_img|743_img|3222_img|4144_img|1949_img|5126_img|678_img|4465_img|1231_img|1382_img|4212_img|677_img|2038_img|625_img|4541_img|579_img|4812_img
593,CHAIR,Rivet,Fabric,"Rivet Modern Upholstered Side Chair, 24.4""W, Gray",B07QD6V1Q9.jpg,"a photo of a Rivet Modern Upholstered Side Chair, 24.4""W, Gray",1,2,5241_img|1204_img|593_img|2797_img|5258_img|688_img|5072_img|950_img|5383_img|1732_img|5366_img|2296_img|5064_img|495_img|658_img|3244_img|5313_img|5538_img|5194_img|2103_img
595,SHOES,Centrino,Synthetic,Centrino Men's Chiku Fisherman Sandals-8 UK (42 EU) (9 US) (6113-01),B08C3891RQ.jpg,a photo of a Centrino Men's Chiku Fisherman Sandals-8 UK (42 EU) (9 US) (6113-01),1,1,5349_img|595_img|5065_img|5281_img|1042_img|5584_img|4124_img|3734_img|1625_img|2961_img|2900_img|2565_img|2040_img|4565_img|2272_img|2713_img|1504_img|4956_img|3437_img|4038_img
600,KITCHEN,Amazon Basics,Unknown Material,Jarra de agua AmazonBasics 10-Cup con filtro,B06XYWH6BC.jpg,a photo of a Jarra de agua AmazonBasics 10-Cup con filtro,1,0,600_img|871_img|4265_img|1620_img|1272_img|2021_img|4187_img|381_img|1527_img|4271_img|3487_img|1882_img|2510_img|4872_img|4667_img|3949_img|5437_img|1614_img|5071_img|5361_img
603,TABLE,Ravenna Home,wood,"Amazon Brand - Ravenna Home Anne Marie Wood Shelf Curved Leg Storage Coffee Table, 52.5""W, Dark Espresso",B07DBDWZ7V.jpg,"a photo of a Amazon Brand - Ravenna Home Anne Marie Wood Shelf Curved Leg Storage Coffee Table, 52.5""W, Dark Espresso",1,0,603_img|2117_img|5451_img|2808_img|3288_img|3874_img|1389_img|1605_img|1720_img|4081_img|4048_img|4907_img|633_img|2281_img|1573_img|1614_img|1856_img|1585_img|993_img|2183_img
604,HOME_BED_AND_BATH,Pinzon by Amazon,Melange Cotton Yarn,"Pinzon by Amazon Spannbetttuch, Jersey, Violett-meliert, 140 x 190 x 30 cm",B00MHUWLV2.jpg,"a photo of a Pinzon by Amazon Spannbetttuch, Jersey, Violett-meliert, 140 x 190 x 30 cm",1,0,604_img|1152_img|3907_img|264_img|1538_img|4264_img|2403_img|2454_img|1378_img|5313_img|431_img|2414_img|4420_img|4244_img|4792_img|324_img|328_img|3059_img|540_img|5148_img
609,CELLULAR_PHONE_CASE,Amazon Brand - Solimo,Silicone,Amazon Brand - Solimo Designer Lake View UV Printed Soft Back Case Mobile Cover for Huawei Honor 6X,B0856BFFCW.jpg,a photo of a Amazon Brand - Solimo Designer Lake View UV Printed Soft Back Case Mobile Cover for Huawei Honor 6X,1,5,1504_img|2930_img|2950_img|2535_img|368_img|609_img|3607_img|1101_img|1512_img|1010_img|4263_img|546_img|1844_img|2671_img|5262_img|2693_img|4584_img|4537_img|2021_img|1468_img
616,FINEEARRING,Amazon Collection,metal,Amazon Collection14A K oro amarillo arete de aro,B0000B35D3.jpg,a photo of a Amazon Collection14A K oro amarillo arete de aro,1,0,616_img|2742_img|5519_img|4404_img|4346_img|4382_img|1457_img|2992_img|2589_img|5041_img|1453_img|4373_img|4842_img|5341_img|765_img|800_img|4315_img|4504_img|3260_img|1543_img
618,SOFA,Stone & Beam,Wood,"Amazon Brand - Stone & Beam Calhoun Sofa Couch, 91""W, Tweed",B07J2JGX7F.jpg,"a photo of a Amazon Brand - Stone & Beam Calhoun Sofa Couch, 91""W, Tweed",1,0,618_img|2333_img|4866_img|4432_img|1563_img|1410_img|2530_img|5495_img|5483_img|5226_img|294_img|5278_img|4830_img|494_img|3968_img|4765_img|2416_img|4583_img|2733_img|5356_img
619,TABLE,Ravenna Home,Plywood; Tempered glass; Metal frame,"Amazon Brand - Ravenna Home Parker Round Shelf Storage Coffee Table, 31.5""W, Faux Marble/Gold/Glass",B07DBF5J5P.jpg,"a photo of a Amazon Brand - Ravenna Home Parker Round Shelf Storage Coffee Table, 31.5""W, Faux Marble/Gold/Glass",1,0,619_img|775_img|36_img|2774_img|1999_img|133_img|5391_img|2531_img|5304_img|3825_img|4222_img|1614_img|3046_img|2183_img|2634_img|2117_img|692_img|1047_img|4545_img|2355_img
621,HOME_FURNITURE_AND_DECOR,Amazon Brand - Solimo,Plastic,"Amazon Brand - Solimo 12-inch Wall Clock - CORE (Silent Movement, Black Frame)",B08GKYN85S.jpg,"a photo of a Amazon Brand - Solimo 12-inch Wall Clock - CORE (Silent Movement, Black Frame)",1,10,5180_img|1783_img|4300_img|4393_img|79_img|752_img|5441_img|1917_img|4651_img|4480_img|621_img|200_img|2224_img|1915_img|4225_img|4286_img|2872_img|2448_img|475_img|3220_img
625,HOME,UMI,Bois,"UMI. Essentials - Lot de 2 Cadres 21.6x28cm Rustiques pour Photos Certificats Document,Mural ou a Poser,Vitre en Verre,Marron",B07SBMJFPV.jpg,"a photo of a UMI. Essentials - Lot de 2 Cadres 21.6x28cm Rustiques pour Photos Certificats Document,Mural ou a Poser,Vitre en Verre,Marron",1,0,625_img|743_img|180_img|1110_img|4344_img|2728_img|799_img|5200_img|744_img|4212_img|3856_img|4782_img|1224_img|4482_img|1342_img|3839_img|3216_img|4588_img|1639_img|592_img
630,TABLE,Alkove,Beech,"Amazon Brand - Alkove Hayes Rectangular Solid Wood Coffee Table with 1-Shelf, 100 x 70 x 45cm, Core Beech",B07K7K956L.jpg,"a photo of a Amazon Brand - Alkove Hayes Rectangular Solid Wood Coffee Table with 1-Shelf, 100 x 70 x 45cm, Core Beech",1,0,630_img|3630_img|4279_img|5401_img|4602_img|886_img|191_img|2001_img|5185_img|1653_img|3734_img|514_img|3877_img|2565_img|4447_img|2144_img|4166_img|2842_img|1375_img|2281_img
631,FINERING,Amazon Collection,Metal,"Platinum-plated Sterling Silver Princess-Cut Solitaire Ring made with Swarovski Zirconia (3 cttw), Size 7",B00FXW70DA.jpg,"a photo of a Platinum-plated Sterling Silver Princess-Cut Solitaire Ring made with Swarovski Zirconia (3 cttw), Size 7",1,3,5206_img|5450_img|3919_img|631_img|5498_img|5394_img|1253_img|1746_img|3095_img|5573_img|248_img|4945_img|5131_img|787_img|2711_img|2006_img|1292_img|5292_img|4243_img|2973_img
633,TABLE,Movian,silver,"Amazon Brand - Movian Kuban Dining Table, 160 x 78 x 90cm, Brown Oak-Effect Table Top/Black Legs",B07H93GTHW.jpg,"a photo of a Amazon Brand - Movian Kuban Dining Table, 160 x 78 x 90cm, Brown Oak-Effect Table Top/Black Legs",1,1,1856_img|633_img|3874_img|5152_img|4172_img|179_img|191_img|3818_img|1720_img|1585_img|4836_img|4447_img|4048_img|5053_img|5013_img|5170_img|603_img|1577_img|5401_img|475_img
635,FINENECKLACEBRACELETANKLET,Amazon Collection,Metal,"14k Rose Gold Plated Sterling Silver""A"" Cursive Initial Pendant Necklace, 18""",B00BHY2PM4.jpg,"a photo of a 14k Rose Gold Plated Sterling Silver""A"" Cursive Initial Pendant Necklace, 18""",1,0,635_img|2466_img|1564_img|4857_img|588_img|1106_img|4191_img|2439_img|4050_img|2992_img|576_img|1589_img|3731_img|2454_img|2550_img|2529_img|3839_img|4979_img|4193_img|253_img
638,FINEEARRING,Amazon Collection,Metal,10k Yellow Gold Cushion-Cut Checkerboard Created Ruby Leverback Earrings (6mm),B00UYE9QO8.jpg,a photo of a 10k Yellow Gold Cushion-Cut Checkerboard Created Ruby Leverback Earrings (6mm),1,0,638_img|302_img|1158_img|4573_img|2742_img|1502_img|1453_img|560_img|2414_img|800_img|3942_img|1930_img|2354_img|873_img|2211_img|3059_img|4085_img|1928_img|5519_img|5041_img
643,WALL_ART,Stone & Beam,canvas,"Amazon Brand - Stone & Beam Modern Print Wall Art of Green Fern, Espresso-Color Frame, 17.75"" x 21.75""",B073P18WZF.jpg,"a photo of a Amazon Brand - Stone & Beam Modern Print Wall Art of Green Fern, Espresso-Color Frame, 17.75"" x 21.75""",1,10,578_img|1833_img|2472_img|1231_img|592_img|3222_img|1580_img|5382_img|4403_img|4283_img|643_img|294_img|4621_img|4465_img|764_img|242_img|2453_img|5318_img|1511_img|3626_img
647,HOME_BED_AND_BATH,Pinzon by Amazon,100% cotton,Pinzon 6 Piece Pima Cotton Bath Towel Set - Mineral Green,B00CB8COO4.jpg,a photo of a Pinzon 6 Piece Pima Cotton Bath Towel Set - Mineral Green,1,0,647_img|2425_img|5462_img|841_img|1549_img|3509_img|1610_img|4001_img|4800_img|560_img|5361_img|888_img|1538_img|4555_img|791_img|294_img|1444_img|2462_img|242_img|3626_img
648,CHAIR,Movian,sammet,"Amazon-marke - Movian Up Round Set med 2 matstolar Mae: 88,5 H x 43,5 L x 55,0 B GRA",B07JKJS833.jpg,"a photo of a Amazon-marke - Movian Up Round Set med 2 matstolar Mae: 88,5 H x 43,5 L x 55,0 B GRA",1,0,648_img|2842_img|2126_img|4523_img|2700_img|169_img|3774_img|50_img|834_img|4800_img|2605_img|4369_img|2497_img|227_img|139_img|2515_img|5064_img|1110_img|2826_img|1856_img
655,SHOES,Amazon Brand - Symbol,Synthetic,Amazon Brand - Symbol Men's Black Sneakers-7 UK/India (40.5 EU)(AZ-YS-188 A),B07914J25Y.jpg,a photo of a Amazon Brand - Symbol Men's Black Sneakers-7 UK/India (40.5 EU)(AZ-YS-188 A),1,0,655_img|724_img|1631_img|1693_img|4890_img|786_img|4861_img|335_img|1548_img|4565_img|5220_img|2631_img|3771_img|4389_img|1180_img|4699_img|4359_img|2295_img|343_img|2105_img
658,CHAIR,AmazonBasics,finta_pelle,"AmazonBasics - Sedia da ufficio con schienale alto e rotelle, in poliuretano Puresoft a costine, grigio",B07TN1PGY3.jpg,"a photo of a AmazonBasics - Sedia da ufficio con schienale alto e rotelle, in poliuretano Puresoft a costine, grigio",0,-1,2103_img|5064_img|648_img|5052_img|1511_img|5072_img|5258_img|4768_img|1634_img|4523_img|4837_img|1204_img|4854_img|2515_img|3977_img|150_img|686_img|4657_img|5241_img|256_img
659,HOME,AmazonBasics,Metal,"(Renewed) AmazonBasics Adjustable 1"" Curtain Rod with Square Finials and Brackets, 72"" to 144"", Nickel",B08BWXCR9G.jpg,"a photo of a (Renewed) AmazonBasics Adjustable 1"" Curtain Rod with Square Finials and Brackets, 72"" to 144"", Nickel",1,1,429_img|659_img|2681_img|4212_img|3477_img|5452_img|162_img|1620_img|5350_img|1800_img|2835_img|5352_img|3223_img|3187_img|2478_img|320_img|2655_img|325_img|3075_img|4265_img
660,FINEEARRING,Amazon Collection,metal,Sterling Silver Rose Stud Earrings,B01CZYWEEI.jpg,a photo of a Sterling Silver Rose Stud Earrings,1,0,660_img|3839_img|4191_img|3731_img|4857_img|576_img|5452_img|2992_img|2354_img|336_img|2758_img|590_img|2557_img|2006_img|5440_img|2439_img|5353_img|2681_img|5388_img|2519_img
675,SHOES,Concept 3 by Skechers,Microfiber,"Concept 3 by Skechers Women's Taking Control Slip-on Sneaker, Taupe, 9 Medium US",B07YFGVLTN.jpg,"a photo of a Concept 3 by Skechers Women's Taking Control Slip-on Sneaker, Taupe, 9 Medium US",0,-1,681_img|5463_img|4504_img|2631_img|3771_img|5457_img|5430_img|826_img|2721_img|2961_img|543_img|5096_img|2816_img|3731_img|2846_img|2774_img|3825_img|2642_img|4253_img|5366_img
677,HOME_FURNITURE_AND_DECOR,Pinzon by Amazon,ull,Pinzon handkrok hostkant ullmatta 3'6 X 5'6,B001DA0KXS.jpg,a photo of a Pinzon handkrok hostkant ullmatta 3'6 X 5'6,0,-1,888_img|1050_img|4522_img|225_img|2737_img|828_img|2696_img|3877_img|2152_img|1967_img|2769_img|2578_img|2672_img|4956_img|698_img|1568_img|592_img|320_img|5352_img|2540_img
678,WALL_ART,Stone & Beam,Paper,"Amazon Brand - Stone & Beam Boho Blue 3-Tile Wall Art Tryptych I, Beige Frame, 25.5"" x 57.5""",B073P6BQQF.jpg,"a photo of a Amazon Brand - Stone & Beam Boho Blue 3-Tile Wall Art Tryptych I, Beige Frame, 25.5"" x 57.5""",1,0,678_img|1903_img|1263_img|4983_img|4144_img|188_img|197_img|677_img|592_img|821_img|4344_img|4541_img|5390_img|533_img|5503_img|3696_img|578_img|2737_img|1284_img|2355_img
680,FINERING,Amazon Collection,Precious Metal,"Simple Essentials 14K Rose Gold Plated Sterling Silver Fashion Band, Size 7",B082PQHR8C.jpg,"a photo of a Simple Essentials 14K Rose Gold Plated Sterling Silver Fashion Band, Size 7",1,0,680_img|728_img|2527_img|635_img|253_img|4857_img|5540_img|1495_img|576_img|4191_img|5418_img|5007_img|293_img|2136_img|1557_img|1868_img|3731_img|543_img|5132_img|3915_img
681,SHOES,CARE OF by PUMA,Leather,"CARE OF by PUMA Women's Leather Platform Low-Top Trainers, Beige, US 8",B07R58WPLR.jpg,"a photo of a CARE OF by PUMA Women's Leather Platform Low-Top Trainers, Beige, US 8",1,0,681_img|5463_img|2631_img|3771_img|4504_img|1417_img|2816_img|5457_img|2961_img|4359_img|5430_img|343_img|2105_img|4890_img|2956_img|962_img|4302_img|1992_img|4151_img|1571_img
684,FINENECKLACEBRACELETANKLET,Amazon Collection,Metal,"Sterling Silver Round Disc Initial""D"" Pendant Necklace, 18.64""",B00CIOBSHA.jpg,"a photo of a Sterling Silver Round Disc Initial""D"" Pendant Necklace, 18.64""",1,0,684_img|2529_img|5562_img|5494_img|4268_img|1564_img|2043_img|2439_img|3994_img|4470_img|2550_img|4193_img|2466_img|4979_img|1589_img|217_img|5499_img|186_img|1905_img|2572_img
686,CHAIR,Stone & Beam,Engineered Wood,"Amazon Brand - Stone & Beam Primrose Upholstered Rocking Recliner Chair, 33""W, Gray",B085GXS8JG.jpg,"a photo of a Amazon Brand - Stone & Beam Primrose Upholstered Rocking Recliner Chair, 33""W, Gray",1,18,4916_img|2103_img|1511_img|3977_img|5356_img|4206_img|5052_img|495_img|5555_img|4768_img|1677_img|2733_img|5495_img|2416_img|256_img|5483_img|5315_img|1964_img|686_img|4840_img
687,SOFA,Rivet,Solid wood frame; Velvet upholstery; Metal,"Amazon Brand - Rivet Uptown Mid-Century Velvet Tufted Customizable Daybed Sofa, 78""W, Navy &amp; Brass",B075X4F578.jpg,"a photo of a Amazon Brand - Rivet Uptown Mid-Century Velvet Tufted Customizable Daybed Sofa, 78""W, Navy &amp; Brass",1,0,687_img|1493_img|3738_img|4583_img|2355_img|3224_img|2183_img|5332_img|3976_img|2012_img|36_img|5391_img|545_img|572_img|3230_img|866_img|4765_img|3244_img|3060_img|704_img
688,CHAIR,Rivet,silver,"Amazon Brand - Rivet Hawthorne Mid-Century Tufted Modern Accent Chair, 35""W, Silver",B071W5VD5C.jpg,"a photo of a Amazon Brand - Rivet Hawthorne Mid-Century Tufted Modern Accent Chair, 35""W, Silver",1,0,688_img|3244_img|3976_img|2797_img|950_img|5133_img|2284_img|1732_img|3230_img|1204_img|5366_img|593_img|5241_img|190_img|141_img|5390_img|5064_img|140_img|5538_img|5258_img
692,TABLE,Stone & Beam,Stone,"Amazon Brand - Stone & Beam Commodore Casual Round Coffee Table, 23.6""W, Whitewash Mango Wood",B07HSLKFD5.jpg,"a photo of a Amazon Brand - Stone & Beam Commodore Casual Round Coffee Table, 23.6""W, Whitewash Mango Wood",1,16,619_img|775_img|2774_img|1047_img|4545_img|3825_img|2531_img|36_img|5304_img|4222_img|2484_img|3788_img|1614_img|4436_img|312_img|1999_img|692_img|993_img|4836_img|133_img
696,HOME_BED_AND_BATH,Pinzon by Amazon,pamuk,"Pinzon by Amazon Ultrasoft yatak takm, sk dokunmus kumas, beyaz, 220 x 225 cm & 2 yastk klf (50 x 75 cm)",B00EQ5FXA2.jpg,"a photo of a Pinzon by Amazon Ultrasoft yatak takm, sk dokunmus kumas, beyaz, 220 x 225 cm & 2 yastk klf (50 x 75 cm)",1,1,4965_img|696_img|319_img|1663_img|5411_img|755_img|2094_img|4341_img|5355_img|3883_img|1764_img|2756_img|3341_img|3855_img|5219_img|4667_img|3041_img|1015_img|1125_img|1612_img
698,HOME,Pinzon by Amazon,Cotton,"Pinzon Reversible Square Matelasse King Sham, Ivory/Camel",B00IAGZ5HO.jpg,"a photo of a Pinzon Reversible Square Matelasse King Sham, Ivory/Camel",1,4,1568_img|225_img|2737_img|2152_img|698_img|692_img|5390_img|5411_img|1765_img|4609_img|3906_img|751_img|2143_img|4039_img|4961_img|4151_img|4522_img|5252_img|5256_img|1610_img
700,FINENECKLACEBRACELETANKLET,Amazon Collection,metal,"Amazon CollectionAmazon Collection Men's Sterling Silver Italian 6.80mm Solid Figaro Link-Chain Necklace, 20""",B005DJCC9A.jpg,"a photo of a Amazon CollectionAmazon Collection Men's Sterling Silver Italian 6.80mm Solid Figaro Link-Chain Necklace, 20""",1,0,700_img|5174_img|1551_img|1944_img|4050_img|4101_img|765_img|2321_img|463_img|1073_img|987_img|4728_img|50_img|3915_img|4470_img|259_img|5521_img|2325_img|1400_img|635_img
704,HOME_FURNITURE_AND_DECOR,AmazonBasics,Metal,"AmazonBasics Steel Mattress Foundation / Alternative to Traditional Box Spring - 9-Inch, Full",B07BHH2ZVY.jpg,"a photo of a AmazonBasics Steel Mattress Foundation / Alternative to Traditional Box Spring - 9-Inch, Full",1,0,704_img|321_img|3102_img|4139_img|202_img|3774_img|2874_img|5375_img|572_img|4048_img|4339_img|2786_img|633_img|1874_img|888_img|2451_img|4522_img|1844_img|712_img|1369_img
708,FINERING,Amazon Collection,Metal,"Tri-Tone Sterling Silver Cubic Zirconia All-Around Band Stacking Ring Set (Set of 3), Size 6",B00MCK2QP8.jpg,"a photo of a Tri-Tone Sterling Silver Cubic Zirconia All-Around Band Stacking Ring Set (Set of 3), Size 6",0,-1,5132_img|4710_img|1621_img|1868_img|1551_img|199_img|3127_img|1644_img|2142_img|3110_img|5418_img|2136_img|435_img|1352_img|5347_img|1110_img|1643_img|2957_img|3075_img|3754_img
709,SOFA,Stone & Beam,Polyester,"Amazon Brand - Stone & Beam Lauren Down-Filled Oversized Leather Loveseat with Hardwood Frame, 74""W, Dark Brown",B07PBZVPH2.jpg,"a photo of a Amazon Brand - Stone & Beam Lauren Down-Filled Oversized Leather Loveseat with Hardwood Frame, 74""W, Dark Brown",1,0,709_img|748_img|1619_img|2443_img|4696_img|1542_img|1188_img|3910_img|5278_img|940_img|1156_img|3977_img|1301_img|1451_img|1915_img|1121_img|256_img|3053_img|4178_img|4840_img
710,CELLULAR_PHONE_CASE,Amazon Brand - Solimo,Silicon,Amazon Brand - Solimo Designer Makeup Set UV Printed Soft Back Case Mobile Cover for Vivo U20,B0821DGZFT.jpg,a photo of a Amazon Brand - Solimo Designer Makeup Set UV Printed Soft Back Case Mobile Cover for Vivo U20,1,0,710_img|2659_img|1590_img|1010_img|1116_img|860_img|4668_img|390_img|1512_img|3979_img|734_img|910_img|2834_img|1844_img|1694_img|898_img|5461_img|5262_img|180_img|4634_img
711,FINEEARRING,Amazon Collection,Not applicable,"AGS Certified 14k White Gold Round-Cut Diamond Stud Earrings (1cttw, K-L Color, I1-I2 Clarity)",B075XTZDT9.jpg,"a photo of a AGS Certified 14k White Gold Round-Cut Diamond Stud Earrings (1cttw, K-L Color, I1-I2 Clarity)",1,1,1432_img|711_img|5452_img|1593_img|384_img|1129_img|4944_img|5036_img|2006_img|5292_img|1464_img|3127_img|292_img|4134_img|5046_img|2681_img|3477_img|2432_img|660_img|2425_img
712,KITCHEN,AmazonBasics,Plastic+Metal+Glass,AmazonBasics Induction Cooktop 1300 Watt,B07YCB2T1V.jpg,a photo of a AmazonBasics Induction Cooktop 1300 Watt,1,0,712_img|1645_img|1980_img|175_img|1706_img|4725_img|1226_img|704_img|2883_img|3102_img|926_img|321_img|3949_img|5071_img|860_img|2587_img|3885_img|4958_img|1143_img|202_img
724,SHOES,Amazon Brand - Symbol,Synthetic,Amazon Brand - Symbol Men's navy Sneakers - 8 UK/India (42 EU)(AZ-SH-41C),B074F18V8Q.jpg,a photo of a Amazon Brand - Symbol Men's navy Sneakers - 8 UK/India (42 EU)(AZ-SH-41C),1,1,5220_img|724_img|335_img|4072_img|5125_img|2260_img|4565_img|655_img|2127_img|5314_img|1148_img|5143_img|737_img|4890_img|681_img|4040_img|786_img|1493_img|4178_img|4702_img
728,FINERING,Amazon Collection,Not Applicable,"10k Rose Gold Heart Vintage Diamond Accent Ring, Size 9",B071FQLMFZ.jpg,"a photo of a 10k Rose Gold Heart Vintage Diamond Accent Ring, Size 9",1,0,728_img|576_img|1957_img|1106_img|1699_img|2527_img|3839_img|2368_img|5540_img|5007_img|293_img|1495_img|5229_img|4857_img|5388_img|2136_img|635_img|5195_img|4191_img|4842_img
729,HOME,AmazonBasics,Aluminium,AmazonBasics 5-Piece Non-Stick Induction Cookware Set,B07CPG3J2K.jpg,a photo of a AmazonBasics 5-Piece Non-Stick Induction Cookware Set,1,2,4526_img|1019_img|729_img|860_img|1766_img|4040_img|247_img|5235_img|4367_img|1226_img|1706_img|2028_img|312_img|4725_img|4436_img|4780_img|2872_img|2834_img|2321_img|5285_img
731,HOME_BED_AND_BATH,Amazon Brand - Solimo,Polyester,"Amazon Brand - Solimo Microfibre Reversible Comforter, Single (Strawberry Pink and Candy Pink, 200 GSM)",B076BML12J.jpg,"a photo of a Amazon Brand - Solimo Microfibre Reversible Comforter, Single (Strawberry Pink and Candy Pink, 200 GSM)",1,0,731_img|2798_img|5161_img|4696_img|1663_img|924_img|1619_img|5430_img|4420_img|5442_img|1132_img|2686_img|227_img|2812_img|502_img|3216_img|588_img|5326_img|1232_img|2009_img
734,CELLULAR_PHONE_CASE,Amazon Brand - Solimo,Plastic,Amazon Brand - Solimo Designer Cute Pink Cat 3D Printed Hard Back Case Mobile Cover for Vivo Y91i,B0853X5HWY.jpg,a photo of a Amazon Brand - Solimo Designer Cute Pink Cat 3D Printed Hard Back Case Mobile Cover for Vivo Y91i,1,0,734_img|1399_img|1508_img|4951_img|390_img|2509_img|5472_img|2441_img|5339_img|211_img|293_img|4334_img|2686_img|754_img|385_img|5007_img|543_img|200_img|4933_img|5430_img
737,SHOES,Amazon Brand - Symbol,Polyester,Amazon Brand - Symbol Men's Red Sneakers - 11 UK/India (45 EU)(AZ-YS-201 A),B07BDY83F9.jpg,a photo of a Amazon Brand - Symbol Men's Red Sneakers - 11 UK/India (45 EU)(AZ-YS-201 A),1,0,737_img|4565_img|5308_img|5475_img|4890_img|4419_img|1928_img|1417_img|343_img|2105_img|199_img|2798_img|2075_img|502_img|178_img|724_img|739_img|227_img|4359_img|655_img
739,KITCHEN,AmazonBasics,Plastic+Metal,AmazonBasics Electric Rice Cooker 1.8 L (700 W) Maroon,B082FL5GQM.jpg,a photo of a AmazonBasics Electric Rice Cooker 1.8 L (700 W) Maroon,1,0,739_img|5071_img|3949_img|5161_img|2812_img|1928_img|731_img|2872_img|1694_img|2054_img|4395_img|5545_img|325_img|5437_img|175_img|227_img|502_img|1074_img|381_img|926_img
743,HOME,UMI,Legno,"UMI. Essentials Cornici Foto per Formato 13x18 Stile Rustico da Parete e Tavolo, Confezione da 2, Marrone",B07SCMBP1J.jpg,"a photo of a UMI. Essentials Cornici Foto per Formato 13x18 Stile Rustico da Parete e Tavolo, Confezione da 2, Marrone",1,5,2728_img|625_img|180_img|3216_img|4344_img|743_img|320_img|1110_img|592_img|2478_img|1132_img|799_img|5200_img|3187_img|3906_img|2662_img|5092_img|1992_img|4144_img|4961_img
744,HOME,UMI,Canvas,Umi by Amazon Thermische gordijnen Isoalnti ondoorzichtig eenkleurig met lussen 140 x 240 cm 2 stuks rood,B07KS2K2DZ.jpg,a photo of a Umi by Amazon Thermische gordijnen Isoalnti ondoorzichtig eenkleurig met lussen 140 x 240 cm 2 stuks rood,1,0,744_img|799_img|5200_img|2662_img|1992_img|2478_img|3906_img|3301_img|2798_img|4482_img|320_img|2835_img|3216_img|743_img|204_img|2700_img|1342_img|1928_img|180_img|4782_img
748,SOFA,Strathwood by Amazon.com,leather,"Strathwood Charlotte Leather Sofa, Saddle",B000I5ZV2Y.jpg,"a photo of a Strathwood Charlotte Leather Sofa, Saddle",1,3,2443_img|1301_img|1542_img|748_img|1619_img|709_img|1451_img|5278_img|147_img|866_img|4696_img|1375_img|3224_img|940_img|3910_img|1188_img|1121_img|4200_img|4166_img|1698_img
751,RUG,Stone & Beam,stone,"Amazon Brand - Stone & Beam Casual Geometric Wool Area Rug, 7' 6"" x 5', Ivory",B07B4WKMYK.jpg,"a photo of a Amazon Brand - Stone & Beam Casual Geometric Wool Area Rug, 7' 6"" x 5', Ivory",1,0,751_img|4609_img|1004_img|2147_img|539_img|5256_img|1761_img|3830_img|4095_img|2152_img|5164_img|2063_img|2737_img|2596_img|1292_img|4319_img|1322_img|2075_img|2159_img|1529_img
752,HOME_FURNITURE_AND_DECOR,Amazon Brand - Solimo,Plastic,"Amazon Brand - Solimo 12-inch Wall Clock - Desginer (Silent Movement, Black Frame), SC-1048",B08GL2GYNQ.jpg,"a photo of a Amazon Brand - Solimo 12-inch Wall Clock - Desginer (Silent Movement, Black Frame), SC-1048",1,4,1783_img|4300_img|5180_img|4393_img|752_img|79_img|5441_img|4651_img|1917_img|4480_img|621_img|200_img|2224_img|1915_img|4225_img|2448_img|926_img|253_img|2872_img|4286_img
754,CELLULAR_PHONE_CASE,Amazon Brand - Solimo,Plastic,Amazon Brand - Solimo Designer Lion with Lioness 3D Printed Hard Back Case Mobile Cover for OnePlus 7T Pro,B0853XC2D5.jpg,a photo of a Amazon Brand - Solimo Designer Lion with Lioness 3D Printed Hard Back Case Mobile Cover for OnePlus 7T Pro,1,0,754_img|4334_img|2441_img|3236_img|203_img|4951_img|184_img|1508_img|1399_img|734_img|5472_img|5339_img|3165_img|609_img|4263_img|761_img|579_img|4812_img|2509_img|2029_img
755,HOME_BED_AND_BATH,Pinzon by Amazon,Cotone,"Pinzon by Amazon 'Everyday' Spannbetttuch, Baumwolle, 183 x 200 x 38 cm - Grun",B00MGSGOR2.jpg,"a photo of a Pinzon by Amazon 'Everyday' Spannbetttuch, Baumwolle, 183 x 200 x 38 cm - Grun",1,0,755_img|2094_img|4341_img|5355_img|319_img|2756_img|3341_img|5417_img|3883_img|5219_img|2112_img|2672_img|540_img|5148_img|5427_img|158_img|1125_img|1612_img|1682_img|1099_img
761,CELLULAR_PHONE_CASE,Amazon Brand - Solimo,Canvas,Amazon Brand - Solimo Designer Corns 3D Printed Hard Back Case Mobile Cover for Micromax Canvas Nitro 2 E311,B07T5W14HV.jpg,a photo of a Amazon Brand - Solimo Designer Corns 3D Printed Hard Back Case Mobile Cover for Micromax Canvas Nitro 2 E311,1,1,4584_img|761_img|4013_img|1844_img|4141_img|235_img|5230_img|4988_img|5262_img|1512_img|5561_img|3964_img|1101_img|2659_img|1010_img|274_img|3307_img|1468_img|1628_img|4634_img
764,CELLULAR_PHONE_CASE,Amazon Brand - Solimo,Silicon,Amazon Brand - Solimo Designer Peacock Feather UV Printed Soft Back Case Mobile Cover for iVooMi i1,B08569BHFL.jpg,a photo of a Amazon Brand - Solimo Designer Peacock Feather UV Printed Soft Back Case Mobile Cover for iVooMi i1,1,0,764_img|4621_img|4025_img|5318_img|4584_img|5408_img|4404_img|5499_img|215_img|4141_img|235_img|1580_img|3046_img|1833_img|4283_img|242_img|2472_img|3626_img|2535_img|5266_img
765,FINENECKLACEBRACELETANKLET,Amazon Collection,metal,"Sterling Silver 18k Gold Two Tone 2.3mm Twisted Butterfly Chain Necklace, 18""",B00MRWAP5E.jpg,"a photo of a Sterling Silver 18k Gold Two Tone 2.3mm Twisted Butterfly Chain Necklace, 18""",1,0,765_img|2454_img|4050_img|4382_img|2466_img|235_img|1628_img|1589_img|4025_img|1603_img|1944_img|839_img|1564_img|4979_img|2550_img|1106_img|2555_img|588_img|4658_img|3307_img
772,FINERING,Amazon Collection,No aplica,"Yellow-Gold-Plated Sterling Silver Princess Cut All-Around Band Ring made with Swarovski Zirconia (5 cttw), Size 8",B07358W5FN.jpg,"a photo of a Yellow-Gold-Plated Sterling Silver Princess Cut All-Around Band Ring made with Swarovski Zirconia (5 cttw), Size 8",1,1,243_img|772_img|2957_img|5418_img|787_img|5131_img|5394_img|4945_img|3095_img|1292_img|248_img|4842_img|2589_img|2711_img|4819_img|293_img|5540_img|3843_img|5132_img|2527_img
775,TABLE,Ravenna Home,Glass,"Amazon Brand - Ravenna Home Parker Round Shelf Storage Coffee Table, 31.5""W, Glass and Gold",B07DBDR1DM.jpg,"a photo of a Amazon Brand - Ravenna Home Parker Round Shelf Storage Coffee Table, 31.5""W, Glass and Gold",1,1,619_img|775_img|36_img|2774_img|1999_img|133_img|4222_img|2531_img|5391_img|1614_img|3825_img|2183_img|3046_img|5304_img|2634_img|572_img|2117_img|4373_img|4836_img|2355_img
782,SOFA,Movian,Tissu,"Marque Amazon - Movian Eli - Canape 3 places, 85 x 200 x 83 cm (longueur x largeur x hauteur), Rose poudreux",B07VSTTV66.jpg,"a photo of a Marque Amazon - Movian Eli - Canape 3 places, 85 x 200 x 83 cm (longueur x largeur x hauteur), Rose poudreux",1,0,782_img|4510_img|1034_img|789_img|2448_img|3731_img|4857_img|4191_img|5433_img|2605_img|2653_img|336_img|1937_img|385_img|227_img|5332_img|3060_img|2404_img|1573_img|635_img
786,SHOES,Amazon Brand - Symbol,Canvas,Amazon Brand - Symbol Men's Charcoal Canvas Sneakers-11 UK (AZ-SH-03G),B07DJD2X54.jpg,a photo of a Amazon Brand - Symbol Men's Charcoal Canvas Sneakers-11 UK (AZ-SH-03G),1,0,786_img|1631_img|655_img|1693_img|1583_img|3394_img|3990_img|675_img|299_img|3217_img|4890_img|4861_img|440_img|2295_img|1180_img|1571_img|2846_img|1580_img|343_img|2105_img
787,FINERING,Amazon Collection,Metal,Amazon CollectionPlata de ley platinum-plated Swarovski Zirconia Princess 3A Piedra Anillo,B014WC3ETA.jpg,a photo of a Amazon CollectionPlata de ley platinum-plated Swarovski Zirconia Princess 3A Piedra Anillo,1,1,3095_img|787_img|248_img|4945_img|772_img|243_img|4486_img|5573_img|2711_img|949_img|1490_img|4024_img|631_img|293_img|5206_img|5450_img|2973_img|5007_img|1232_img|2009_img
789,SOFA,AmazonBasics,"tapizado, espuma, madera, estructura y patas de madera","AmazonBasics - Sofa cama de tres plazas, 182 x 80 x 80, Gris claro",B07VJN6X8L.jpg,"a photo of a AmazonBasics - Sofa cama de tres plazas, 182 x 80 x 80, Gris claro",1,0,789_img|169_img|4955_img|1874_img|4830_img|2404_img|782_img|2497_img|1034_img|4956_img|618_img|2333_img|3013_img|3774_img|2347_img|3630_img|4308_img|494_img|4870_img|2826_img
791,RUG,Stone & Beam,polyester,"Amazon Brand - Stone & Beam Polyester Rug, 2'6"" x 8', Light Green, Dark Green, White",B07HSGXVQB.jpg,"a photo of a Amazon Brand - Stone & Beam Polyester Rug, 2'6"" x 8', Light Green, Dark Green, White",1,1,4555_img|791_img|258_img|1554_img|2598_img|1734_img|294_img|3526_img|3626_img|2959_img|560_img|4001_img|1634_img|2398_img|4854_img|4699_img|4180_img|1502_img|3885_img|231_img
798,CELLULAR_PHONE_CASE,Amazon Brand - Solimo,Silicone,Amazon Brand - Solimo Designer Love and Peace UV Printed Soft Back Case Mobile Cover for Gionee F9,B0854D54PL.jpg,a photo of a Amazon Brand - Solimo Designer Love and Peace UV Printed Soft Back Case Mobile Cover for Gionee F9,1,1,2410_img|798_img|2564_img|2659_img|910_img|1101_img|5446_img|546_img|1116_img|5025_img|1913_img|2010_img|5561_img|1590_img|4141_img|3607_img|5461_img|2671_img|5130_img|4634_img
799,HOME,UMI,Fabric,UMI by Amazon Cortinas Opacas para Habitacion con Aislamiento Termico para Sala Dormitorio con Ojales 2 Piezas 140 x 260 cm Gris Oscuro,B07KZW19YP.jpg,a photo of a UMI by Amazon Cortinas Opacas para Habitacion con Aislamiento Termico para Sala Dormitorio con Ojales 2 Piezas 140 x 260 cm Gris Oscuro,1,1,2835_img|799_img|5200_img|4482_img|2662_img|1342_img|2478_img|744_img|1992_img|1887_img|5352_img|4474_img|5175_img|1800_img|162_img|950_img|743_img|4344_img|5306_img|320_img
800,FINEEARRING,Amazon Collection,Metal,"10k Yellow Gold Green Garnet and Diamond Drop Earrings (.02 cttw, I-J Color, 12-13 Clarity)",B00LPG5VZW.jpg,"a photo of a 10k Yellow Gold Green Garnet and Diamond Drop Earrings (.02 cttw, I-J Color, 12-13 Clarity)",1,5,560_img|1502_img|302_img|1158_img|4573_img|800_img|638_img|2742_img|3942_img|5041_img|5519_img|2377_img|1453_img|2041_img|3626_img|4878_img|4346_img|4924_img|2741_img|1934_img
821,WALL_ART,Rivet,Cotton,"Amazon Brand - Rivet Tribal Multi-Color Art Print with Oak Hanger, 40"" x 60""",B073P5QJ4W.jpg,"a photo of a Amazon Brand - Rivet Tribal Multi-Color Art Print with Oak Hanger, 40"" x 60""",1,0,821_img|197_img|3240_img|4621_img|533_img|873_img|2211_img|1562_img|2026_img|872_img|188_img|1050_img|1459_img|1903_img|4884_img|4069_img|215_img|855_img|5078_img|4441_img
826,SHOES,find.,Pelle,Marchio Amazon - find. Stivaletti alla Caviglia in Pelle Donna,B078WXV383.jpg,a photo of a Marchio Amazon - find. Stivaletti alla Caviglia in Pelle Donna,1,0,826_img|502_img|5354_img|2642_img|4269_img|2354_img|4837_img|385_img|1325_img|336_img|588_img|2992_img|2454_img|4191_img|1928_img|731_img|543_img|3731_img|2631_img|3771_img
827,RUG,Rivet,"Pile: 55% Polypropylene/45% Polyester, Backing: 100% Jute","Rivet Gold and Blue Royalty Rug, 2'6"" x 7'6"",",B072FRKS3D.jpg,"a photo of a Rivet Gold and Blue Royalty Rug, 2'6"" x 7'6"",",1,17,3895_img|4319_img|1122_img|545_img|1702_img|2031_img|930_img|5400_img|4702_img|2596_img|687_img|4430_img|1919_img|962_img|4302_img|2690_img|5332_img|827_img|3593_img|1814_img
828,HOME_BED_AND_BATH,POLAR SLEEP,Egg cuted PCM,"POLAR SLEEP Memory Foam Sleeping,2-in-1 Ventilated Neck Pain, for Back, Stomach, Side Sleepers,Hypoallergenic Ergonomic Orthopedic Cooling Gel Pillow, CertiPUR-US, 24 x 16 x 4.7 inch, White",B07HKYRH8T.jpg,"a photo of a POLAR SLEEP Memory Foam Sleeping,2-in-1 Ventilated Neck Pain, for Back, Stomach, Side Sleepers,Hypoallergenic Ergonomic Orthopedic Cooling Gel Pillow, CertiPUR-US, 24 x 16 x 4.7 inch, White",1,7,4915_img|202_img|4139_img|4116_img|4728_img|3399_img|5219_img|828_img|1764_img|926_img|1375_img|1663_img|4958_img|4339_img|1546_img|4968_img|158_img|1125_img|1612_img|5570_img
834,CHAIR,AmazonBasics,Plastico,"Amazonbasics 10 pulgadas silla apilable de plastico, azul, paquete de 6",B07H43Y73W.jpg,"a photo of a Amazonbasics 10 pulgadas silla apilable de plastico, azul, paquete de 6",0,-1,4187_img|3660_img|2713_img|3774_img|2021_img|5315_img|1325_img|3487_img|2272_img|1690_img|4308_img|4793_img|1821_img|3960_img|2575_img|2126_img|4488_img|5253_img|686_img|1527_img
839,FINENECKLACEBRACELETANKLET,Amazon Collection,Not applicable,"10k Yellow Gold Wisconsin State Pendant Necklace, 16""+2"" Extender",B01M3SGKBH.jpg,"a photo of a 10k Yellow Gold Wisconsin State Pendant Necklace, 16""+2"" Extender",1,1,3307_img|839_img|2555_img|1628_img|4979_img|1603_img|2550_img|1589_img|2466_img|4382_img|384_img|1129_img|4944_img|5036_img|4658_img|5046_img|2589_img|4193_img|1564_img|4842_img
841,HOME,Umi,Polyester,[Amazon] Umi.() DIY (3),B089DK2TDL.jpg,a photo of a [Amazon] Umi.() DIY (3),0,-1,3216_img|1132_img|320_img|1527_img|625_img|4865_img|4134_img|2728_img|3187_img|180_img|828_img|1821_img|5262_img|4961_img|2786_img|1512_img|2713_img|1828_img|5361_img|2478_img
853,FINERING,Amazon Collection,metal,"Platinum-Plated Sterling Silver 7-Stone Ring made with Swarovski Zirconia (2 cttw), Size 6",B00FXW7CMO.jpg,"a photo of a Platinum-Plated Sterling Silver 7-Stone Ring made with Swarovski Zirconia (2 cttw), Size 6",1,7,4364_img|4536_img|2633_img|1756_img|2934_img|2678_img|2433_img|853_img|5059_img|435_img|1098_img|396_img|2142_img|4243_img|2554_img|4829_img|3843_img|4463_img|259_img|5521_img
855,RUG,Stone & Beam,Polypropylene,"Amazon Brand - Stone & Beam Southwestern Polypropylene Area Rug, 5' 3"" x 7' 7"", Multi",B07HSHRZT7.jpg,"a photo of a Amazon Brand - Stone & Beam Southwestern Polypropylene Area Rug, 5' 3"" x 7' 7"", Multi",1,1,3526_img|855_img|1804_img|872_img|3199_img|3965_img|870_img|1050_img|5400_img|5015_img|2576_img|3885_img|1459_img|5370_img|5387_img|3593_img|4430_img|2412_img|197_img|5326_img
860,KITCHEN,AmazonBasics,Carbon Steel,AmazonBasics 6-Piece Bakeware Set,B00XBC3O8Y.jpg,a photo of a AmazonBasics 6-Piece Bakeware Set,1,0,860_img|4526_img|1019_img|247_img|1546_img|5235_img|4040_img|729_img|898_img|3979_img|1694_img|3856_img|1064_img|5014_img|4436_img|4780_img|5375_img|312_img|1766_img|5285_img
866,SOFA,Rivet,Wood,"Amazon Brand - Rivet Sloane Modern Leather Sofa with Tufted Back, 79.9""W, Caramel",B07P5LKKMW.jpg,"a photo of a Amazon Brand - Rivet Sloane Modern Leather Sofa with Tufted Back, 79.9""W, Caramel",1,1,3224_img|866_img|147_img|1301_img|1486_img|4453_img|2443_img|4253_img|5332_img|1121_img|709_img|3910_img|1619_img|1698_img|1542_img|748_img|1792_img|4200_img|5278_img|566_img
870,RUG,Rivet,Polypropylene,"Amazon Brand - Rivet Old World Vintage Persian Runner Rug, 2' 2"" x 7' 6"", Grey and Pink",B075ZJGDMN.jpg,"a photo of a Amazon Brand - Rivet Old World Vintage Persian Runner Rug, 2' 2"" x 7' 6"", Grey and Pink",1,0,870_img|5370_img|5387_img|4933_img|2686_img|211_img|2576_img|872_img|5053_img|855_img|4430_img|3199_img|3526_img|3593_img|827_img|5350_img|5013_img|1284_img|1479_img|2984_img
871,KITCHEN,Amazon Brand - Solimo,Stainless Steel,Amazon Brand - Solimo Thermal Stainless Steel Flask (1000 ml),B072WVVDY6.jpg,a photo of a Amazon Brand - Solimo Thermal Stainless Steel Flask (1000 ml),1,0,871_img|4265_img|1620_img|1272_img|381_img|1882_img|5437_img|1527_img|3487_img|3949_img|325_img|3477_img|4187_img|600_img|429_img|5071_img|2578_img|2510_img|3685_img|4872_img
872,RUG,Stone & Beam,wool,"Amazon Brand - Stone & Beam Swirling Paisley Farmhouse Motif Wool Runner Rug, 2' 6"" x 8', Multi",B0735RHGTB.jpg,"a photo of a Amazon Brand - Stone & Beam Swirling Paisley Farmhouse Motif Wool Runner Rug, 2' 6"" x 8', Multi",1,0,872_img|3526_img|2451_img|870_img|855_img|5400_img|827_img|677_img|5370_img|5387_img|659_img|1219_img|5499_img|2041_img|2576_img|3994_img|5266_img|1804_img|2984_img|5053_img
873,HOME_FURNITURE_AND_DECOR,Pinzon,wool,Pinzon 7'6 X 9'6 Hand-tufted Loft Wool Rug,B001DA0KVU.jpg,a photo of a Pinzon 7'6 X 9'6 Hand-tufted Loft Wool Rug,0,-1,4609_img|2147_img|2075_img|3885_img|5015_img|2412_img|751_img|5133_img|4139_img|2355_img|4095_img|2063_img|539_img|4965_img|827_img|1542_img|1814_img|677_img|3230_img|4980_img
886,TABLE,Alkove,Quercia,"Marchio Amazon - Alkove Hayes - Tavolo da pranzo fisso classico, 130 x 90 x 77 cm, quercia silvestre",B07SMJY29H.jpg,"a photo of a Marchio Amazon - Alkove Hayes - Tavolo da pranzo fisso classico, 130 x 90 x 77 cm, quercia silvestre",1,1,191_img|886_img|630_img|4447_img|3630_img|4279_img|4172_img|4602_img|2001_img|5185_img|5401_img|789_img|1653_img|3877_img|2756_img|3341_img|3883_img|1375_img|4297_img|572_img
888,KITCHEN,AmazonBasics,Foam,"AmazonBasics Anti-Fatigue Standing Comfort Mat for Home Kitchen and Office - 20"" x 30"", Teal Pattern",B07VB3TJF3.jpg,"a photo of a AmazonBasics Anti-Fatigue Standing Comfort Mat for Home Kitchen and Office - 20"" x 30"", Teal Pattern",1,1,3660_img|888_img|5253_img|828_img|2159_img|1967_img|5406_img|712_img|2318_img|5399_img|188_img|1919_img|4800_img|4339_img|2672_img|1143_img|1814_img|2540_img|4013_img|2451_img
890,HOME_BED_AND_BATH,Pinzon by Amazon,100% cotton,"Pinzon Hemstitch 400TC Egyptian Cotton sateen fitted sheets, Light Gray 90 x 200 x 30 cm",B00MPOC9C6.jpg,"a photo of a Pinzon Hemstitch 400TC Egyptian Cotton sateen fitted sheets, Light Gray 90 x 200 x 30 cm",1,0,890_img|4264_img|540_img|5148_img|5427_img|158_img|1125_img|1612_img|950_img|4545_img|2846_img|2721_img|4275_img|658_img|5366_img|5258_img|5096_img|1204_img|3244_img|3990_img
895,FINEEARRING,Amazon Collection,METALLO,"Orecchini a monachella in argento sterling placcato platino con zirconi Swarovski,Placcato in platino.",B00FXW6PNQ.jpg,"a photo of a Orecchini a monachella in argento sterling placcato platino con zirconi Swarovski,Placcato in platino.",1,0,895_img|3059_img|5519_img|1946_img|800_img|4463_img|5041_img|2463_img|3476_img|2354_img|2041_img|5353_img|1453_img|1660_img|463_img|4373_img|2446_img|2634_img|4169_img|1543_img
898,KITCHEN,Amazon Brand - Solimo,Plastic,"Amazon Brand - Solimo Baking Set (4 pieces, scraper, brush, whisk, cake mould)",B07PBBW455.jpg,"a photo of a Amazon Brand - Solimo Baking Set (4 pieces, scraper, brush, whisk, cake mould)",1,3,2834_img|1019_img|4526_img|898_img|2028_img|2167_img|3979_img|729_img|4040_img|1766_img|4203_img|2551_img|1644_img|1641_img|860_img|1064_img|2842_img|5470_img|385_img|1694_img
910,CELLULAR_PHONE_CASE,Amazon Brand - Solimo,Plastic,Amazon Brand - Solimo Designer Couple Sitting On Moon 3D Printed Hard Back Case Mobile Cover for Poco X2 / Mi Redmi K30,B0853X562X.jpg,a photo of a Amazon Brand - Solimo Designer Couple Sitting On Moon 3D Printed Hard Back Case Mobile Cover for Poco X2 / Mi Redmi K30,1,2,5086_img|4668_img|910_img|292_img|660_img|4046_img|2463_img|5440_img|4297_img|5185_img|4537_img|5353_img|2899_img|3731_img|2758_img|5339_img|150_img|4191_img|4263_img|1758_img
924,HOME,AmazonBasics,Others,"AmazonBasics Comforter Set - Soft, Easy-Wash Microfiber - Twin/Twin XL, Light Dusty Blue",B07K6M4RTN.jpg,"a photo of a AmazonBasics Comforter Set - Soft, Easy-Wash Microfiber - Twin/Twin XL, Light Dusty Blue",1,0,924_img|1663_img|3041_img|5045_img|5455_img|5442_img|189_img|3855_img|3094_img|5326_img|4339_img|5195_img|2812_img|4765_img|4039_img|2416_img|2733_img|926_img|5454_img|731_img
926,KITCHEN,Amazon Brand - Solimo,Aluminium,"(Renewed) Amazon Brand - Solimo Aluminium Outer Lid Pressure Cooker (3L, ISI Certified, Gas Stove compatible)",B07WJB7L47.jpg,"a photo of a (Renewed) Amazon Brand - Solimo Aluminium Outer Lid Pressure Cooker (3L, ISI Certified, Gas Stove compatible)",1,0,926_img|5071_img|3949_img|175_img|739_img|325_img|2872_img|1620_img|381_img|712_img|2587_img|5437_img|3094_img|1226_img|1694_img|4958_img|1882_img|202_img|1706_img|4100_img
930,RUG,Rivet,Nylon,"Amazon Brand - Rivet Modern Distressed Persian Area Rug, 5 x 8 Foot, Blue Multicolor",B07HSF58JY.jpg,"a photo of a Amazon Brand - Rivet Modern Distressed Persian Area Rug, 5 x 8 Foot, Blue Multicolor",1,1,1702_img|930_img|4430_img|1919_img|1804_img|2031_img|3199_img|5400_img|332_img|5070_img|1322_img|2596_img|4095_img|855_img|3965_img|2619_img|1734_img|1554_img|3593_img|2318_img
939,WALL_ART,Rivet,canvas,Amazon Brand - Rivet Mid Century Modern Abstract Mountain Landscape Wall Art Decor on Canvas - 36 x 48 Inches,B075HWHVN6.jpg,a photo of a Amazon Brand - Rivet Mid Century Modern Abstract Mountain Landscape Wall Art Decor on Canvas - 36 x 48 Inches,1,0,939_img|5027_img|2693_img|2930_img|2683_img|4673_img|508_img|4730_img|2453_img|609_img|4999_img|252_img|4263_img|3946_img|1506_img|204_img|1263_img|1696_img|188_img|3063_img
940,SOFA,Amazon Brand - Solimo,Leatherette,Amazon Brand - Solimo Bliss Leatherette 1 Seater Sofa (Brown),B07RHB221M.jpg,a photo of a Amazon Brand - Solimo Bliss Leatherette 1 Seater Sofa (Brown),1,1,4870_img|940_img|2443_img|4067_img|1451_img|227_img|709_img|3013_img|1619_img|1375_img|4696_img|251_img|5433_img|748_img|1542_img|5152_img|4308_img|2497_img|4180_img|3914_img
949,FINERING,Amazon Collection,Metal,"Platinum-Plated Sterling Silver Halo Ring set with Cushion Cut Swarovski Zirconia (2.41 cttw), Size 5",B014WC34WW.jpg,"a photo of a Platinum-Plated Sterling Silver Halo Ring set with Cushion Cut Swarovski Zirconia (2.41 cttw), Size 5",1,5,1098_img|5059_img|435_img|1868_img|4710_img|949_img|853_img|2142_img|4364_img|5336_img|3127_img|1756_img|4243_img|1621_img|2433_img|2368_img|997_img|2678_img|2633_img|2934_img
950,HOME_FURNITURE_AND_DECOR,Stone & Beam,pewter,"Amazon Brand - Stone & Beam Leila Tufted Chair, 44"" W, Pewter",B075X65QYF.jpg,"a photo of a Amazon Brand - Stone & Beam Leila Tufted Chair, 44"" W, Pewter",1,0,950_img|2797_img|688_img|5356_img|5133_img|4980_img|3976_img|3244_img|225_img|2284_img|5241_img|5419_img|1732_img|141_img|5390_img|2103_img|3354_img|1568_img|1677_img|1204_img
952,WALL_ART,Rivet,canvas,"Amazon Brand - Rivet Abstract Gold Ribbon Print on Canvas Wall Art Decor, 30"" x 30""",B075HWTLKD.jpg,"a photo of a Amazon Brand - Rivet Abstract Gold Ribbon Print on Canvas Wall Art Decor, 30"" x 30""",1,4,962_img|4302_img|246_img|545_img|952_img|4842_img|4151_img|4253_img|2035_img|5330_img|1486_img|1122_img|4504_img|4404_img|3946_img|1457_img|3839_img|616_img|204_img|4346_img
962,WALL_ART,Rivet,Metal,"Amazon Brand - Rivet Abstract Gold, White, and Peach Flecks Painting on Canvas Wall Art Decor, 30"" x 30""",B075HX2JJH.jpg,"a photo of a Amazon Brand - Rivet Abstract Gold, White, and Peach Flecks Painting on Canvas Wall Art Decor, 30"" x 30""",1,1,204_img|962_img|4302_img|336_img|246_img|3696_img|2609_img|1359_img|431_img|545_img|2683_img|1562_img|3731_img|3946_img|939_img|5027_img|1438_img|4857_img|252_img|4191_img
985,FINENECKLACEBRACELETANKLET,Amazon Collection,metall,Amazon Collection Women's 925 Rhodium-Plated Silver,B01M06ZCLA.jpg,a photo of a Amazon Collection Women's 925 Rhodium-Plated Silver,0,-1,2439_img|2529_img|5562_img|4050_img|5378_img|2992_img|4264_img|378_img|5470_img|4268_img|2572_img|1564_img|5494_img|4924_img|2454_img|1620_img|635_img|5452_img|2043_img|1644_img
987,CHAIR,Stone & Beam,Leather,"Amazon Brand - Stone & Beam Andover Leather Left-Facing L-Shaped Sectional, 124""W, Charcoal",B07BWK58CN.jpg,"a photo of a Amazon Brand - Stone & Beam Andover Leather Left-Facing L-Shaped Sectional, 124""W, Charcoal",1,0,987_img|2321_img|5175_img|50_img|201_img|1188_img|1499_img|3815_img|163_img|4526_img|1019_img|729_img|2859_img|1542_img|1143_img|1156_img|5174_img|700_img|3874_img|294_img
993,TABLE,Rivet,"placage en noyer et panneaux MDF, base en metal a revetement par poudre noir","Marque Amazon - Rivet Table d'appoint, 38 x 41 cm, Finition noyer/metal noir",B07W3LR8Y6.jpg,"a photo of a Marque Amazon - Rivet Table d'appoint, 38 x 41 cm, Finition noyer/metal noir",1,8,1003_img|4836_img|192_img|5170_img|475_img|4545_img|1720_img|2117_img|993_img|2653_img|4275_img|5313_img|3825_img|1691_img|4172_img|3223_img|572_img|1585_img|3788_img|5049_img
997,FINEEARRING,Amazon Collection,metal,Amazon CollectionRhodium Plated Sterling Silver Cushion Cut Created Emerald 5mm and Created White Sapphire Halo Stud Earrings,B01F7B2M0C.jpg,a photo of a Amazon CollectionRhodium Plated Sterling Silver Cushion Cut Created Emerald 5mm and Created White Sapphire Halo Stud Earrings,1,0,997_img|2741_img|3942_img|4878_img|292_img|2463_img|231_img|3626_img|560_img|590_img|4555_img|2377_img|1502_img|1132_img|4486_img|4967_img|755_img|2094_img|4341_img|5355_img
1003,TABLE,Rivet,"MDF with walnut veneer, powder coated metal","Amazon Brand - Rivet Leaf-Shaped Coffee Table, 120 x 60 x 36cm, MDF with Walnut Veneer/Black Metal Base",B07GDMBZJJ.jpg,"a photo of a Amazon Brand - Rivet Leaf-Shaped Coffee Table, 120 x 60 x 36cm, MDF with Walnut Veneer/Black Metal Base",1,0,1003_img|4836_img|3825_img|1856_img|1585_img|4172_img|2117_img|633_img|4907_img|2653_img|5170_img|572_img|4545_img|2774_img|1720_img|2874_img|5013_img|603_img|4311_img|36_img
1004,RUG,Stone & Beam,stone,"Amazon Brand - Stone & Beam Casual Plaid Area Rug, 5 x 8 Foot, Flatweave, Grey, Ivory, Yellow",B07B51JJL6.jpg,"a photo of a Amazon Brand - Stone & Beam Casual Plaid Area Rug, 5 x 8 Foot, Flatweave, Grey, Ivory, Yellow",1,0,1004_img|4609_img|3830_img|751_img|1529_img|5131_img|2147_img|5394_img|1838_img|1628_img|2075_img|1292_img|2555_img|761_img|2742_img|1600_img|3914_img|4180_img|1369_img|2398_img
1010,CELLULAR_PHONE_CASE,Amazon Brand - Solimo,Plastic,Amazon Brand - Solimo Designer Quotes 3D Printed Hard Back Case Mobile Cover for Realme 3 / Realme 3i,B0853X2F3K.jpg,a photo of a Amazon Brand - Solimo Designer Quotes 3D Printed Hard Back Case Mobile Cover for Realme 3 / Realme 3i,1,3,1844_img|1512_img|5262_img|1010_img|4013_img|2659_img|5230_img|710_img|1370_img|1468_img|1527_img|274_img|3964_img|1590_img|2535_img|4634_img|4584_img|4441_img|2671_img|910_img
1015,HOME_BED_AND_BATH,Amazon Brand - Solimo,Polyester,"Amazon Brand - Solimo Room Darkening Blackout Door Curtain, 7 Feet - Set of 1 (Black)",B075R8PJFY.jpg,"a photo of a Amazon Brand - Solimo Room Darkening Blackout Door Curtain, 7 Feet - Set of 1 (Black)",1,0,1015_img|1342_img|4588_img|178_img|2501_img|1639_img|162_img|799_img|5200_img|4667_img|1652_img|2448_img|3301_img|4409_img|1188_img|4482_img|1915_img|1539_img|4474_img|5306_img
1019,KITCHEN,AmazonBasics,Aluminium,AmazonBasics - 8 Piece Non-Stick Cookware Set (without Induction Base),B081TGCNF3.jpg,a photo of a AmazonBasics - 8 Piece Non-Stick Cookware Set (without Induction Base),1,1,4526_img|1019_img|729_img|860_img|247_img|1766_img|1226_img|1706_img|4725_img|4780_img|5235_img|312_img|4436_img|4040_img|2872_img|1645_img|5285_img|5147_img|2028_img|2587_img
1030,HOME_FURNITURE_AND_DECOR,Movian,Legno,Movian GW-Oslo Shoe Bench 3462,B0851ZLN76.jpg,a photo of a Movian GW-Oslo Shoe Bench 3462,1,0,1030_img|4173_img|5205_img|1937_img|1573_img|1578_img|4275_img|1074_img|3175_img|555_img|179_img|4907_img|3818_img|5424_img|633_img|5161_img|704_img|169_img|5046_img|3102_img
1034,SOFA,Movian,Polyester,"Amazon Brand - Movian Borgan - 3-Seater Sofa, 187 x 85 x 81 cm, Dust Blue",B07K8V2Y7R.jpg,"a photo of a Amazon Brand - Movian Borgan - 3-Seater Sofa, 187 x 85 x 81 cm, Dust Blue",1,0,1034_img|3013_img|4308_img|2448_img|2012_img|3041_img|4830_img|2404_img|4369_img|782_img|3855_img|2497_img|5433_img|1652_img|3060_img|227_img|1539_img|789_img|3660_img|231_img
1042,SHOES,Amazon Brand - Symbol,Synthetic,Amazon Brand - Symbol Men's Navy/Tan Sandals- 6 UK/India (39 EU) (AZ-KY-337A),B079PXCPXN.jpg,a photo of a Amazon Brand - Symbol Men's Navy/Tan Sandals- 6 UK/India (39 EU) (AZ-KY-337A),1,7,5349_img|5584_img|5065_img|5281_img|4504_img|2956_img|5457_img|1042_img|595_img|2961_img|4124_img|2816_img|2040_img|5463_img|514_img|5408_img|675_img|5555_img|1580_img|1504_img
1047,HOME,Rivet,Iron,"Amazon Brand - Rivet Mid-Century Ceramic Planter with Stand, 18.9""H, White",B0842H2F7C.jpg,"a photo of a Amazon Brand - Rivet Mid-Century Ceramic Planter with Stand, 18.9""H, White",1,0,1047_img|2484_img|2531_img|5538_img|5480_img|1430_img|5304_img|4545_img|619_img|692_img|688_img|2152_img|230_img|1614_img|2797_img|5390_img|2655_img|300_img|775_img|5570_img
1050,HOME_FURNITURE_AND_DECOR,Pinzon by Amazon,Coton,"Pinzon Paintbox carrelage Hand-Hooked Tapis en Laine, 5x8",B001LF4I10.jpg,"a photo of a Pinzon Paintbox carrelage Hand-Hooked Tapis en Laine, 5x8",1,7,828_img|3593_img|888_img|1967_img|1549_img|827_img|3660_img|1050_img|1610_img|1764_img|2183_img|5253_img|2031_img|3509_img|2672_img|4956_img|1284_img|1663_img|2144_img|2540_img
1064,TABLE,AmazonBasics,holz,"AmazonBasics TV-Esstisch / Snacktisch, 4 Tische mit 1 Halterung, erneuert natur",B07WWCV37S.jpg,"a photo of a AmazonBasics TV-Esstisch / Snacktisch, 4 Tische mit 1 Halterung, erneuert natur",1,1,898_img|1064_img|1546_img|1821_img|3979_img|5375_img|828_img|3774_img|4134_img|2713_img|4602_img|648_img|860_img|2786_img|2842_img|1694_img|2874_img|1369_img|1527_img|2126_img
1073,FINENECKLACEBRACELETANKLET,Amazon Collection,metal,"Platinum Plated Silver Princess-Cut Tennis Bracelet made with Swarovski Zirconia (4mm), 7.25""",B00FRIJAZ6.jpg,"a photo of a Platinum Plated Silver Princess-Cut Tennis Bracelet made with Swarovski Zirconia (4mm), 7.25""",1,0,1073_img|1400_img|5521_img|259_img|787_img|248_img|2711_img|2142_img|772_img|3095_img|4945_img|1848_img|3915_img|2325_img|1660_img|4536_img|243_img|3266_img|1232_img|2009_img
1074,HOME_FURNITURE_AND_DECOR,Movian,"Spanplatte, schwarze Metallgriffe und -beine im Industriedesign","Amazon Brand - Movian Ljungan Bedside Table with 1 Drawer 1 Cube Shelf, 50 x 40 x 50 cm, Walnut Effect",B07VFH61MN.jpg,"a photo of a Amazon Brand - Movian Ljungan Bedside Table with 1 Drawer 1 Cube Shelf, 50 x 40 x 50 cm, Walnut Effect",1,0,1074_img|2281_img|3083_img|251_img|5545_img|3194_img|3937_img|5424_img|940_img|179_img|3856_img|5152_img|1936_img|2790_img|2812_img|5253_img|3818_img|1030_img|4602_img|4696_img
1092,CELLULAR_PHONE_CASE,Amazon Brand - Solimo,Plastic,Amazon Brand - Solimo Designer Button Jeans Alphabet-G 3D Printed Hard Back Case Mobile Cover for Samsung Galaxy M21 / M30s,B081HN7LB3.jpg,a photo of a Amazon Brand - Solimo Designer Button Jeans Alphabet-G 3D Printed Hard Back Case Mobile Cover for Samsung Galaxy M21 / M30s,1,0,1092_img|4893_img|4335_img|1370_img|5130_img|1905_img|3964_img|4979_img|4193_img|1564_img|4141_img|1010_img|1116_img|4658_img|4634_img|4286_img|2659_img|2529_img|2535_img|2466_img
1097,FINEEARRING,Amazon Collection,metal,"Amazon CollectionStainless Steel Flat Accent, Top Click Closure Hoop Earrings (60mm Diameter)",B00E1GYAGO.jpg,"a photo of a Amazon CollectionStainless Steel Flat Accent, Top Click Closure Hoop Earrings (60mm Diameter)",1,0,1097_img|1848_img|2583_img|3853_img|2325_img|253_img|5440_img|4346_img|3915_img|1557_img|2041_img|5196_img|4642_img|680_img|1543_img|5519_img|4924_img|2992_img|5378_img|1551_img
1098,FINERING,Amazon Collection,Metal,"Anillo de plata de ley chapada en platino con circonita Swarovski,Platino (Platinum-plated),No Size",B00U24CX9A.jpg,"a photo of a Anillo de plata de ley chapada en platino con circonita Swarovski,Platino (Platinum-plated),No Size",1,18,3127_img|1868_img|853_img|4710_img|949_img|1667_img|5132_img|5059_img|5336_img|1756_img|2142_img|2433_img|4364_img|1621_img|1551_img|2368_img|1957_img|3180_img|1098_img|2578_img
1099,HOME_BED_AND_BATH,AmazonBasics,100% Cotton,AmazonBasics 400TC Cotton Sateen Wrinkle Free Fitted Sheet White 180 x 200 x 30 cm,B00Q8ICBZU.jpg,a photo of a AmazonBasics 400TC Cotton Sateen Wrinkle Free Fitted Sheet White 180 x 200 x 30 cm,1,0,1099_img|1682_img|3883_img|158_img|1125_img|1612_img|319_img|2081_img|3094_img|2471_img|2756_img|3341_img|5219_img|5417_img|2475_img|2602_img|328_img|4264_img|1417_img|2439_img
1101,CELLULAR_PHONE_CASE,Amazon Brand - Solimo,Silicon,Amazon Brand - Solimo Designer Happy UV Printed Soft Back Case Mobile Cover for Microsoft Lumia 535,B08547748W.jpg,a photo of a Amazon Brand - Solimo Designer Happy UV Printed Soft Back Case Mobile Cover for Microsoft Lumia 535,1,0,1101_img|546_img|798_img|609_img|2410_img|1913_img|1010_img|2671_img|1504_img|1034_img|761_img|5025_img|1399_img|910_img|4668_img|5461_img|368_img|2659_img|2930_img|1554_img
1106,FINENECKLACEBRACELETANKLET,Amazon Collection,metal,"Collier avec pendentif en forme de cur concave en or 14 carats, 45,7 cm,rose",B00VM66GEA.jpg,"a photo of a Collier avec pendentif en forme de cur concave en or 14 carats, 45,7 cm,rose",0,-1,635_img|463_img|4470_img|502_img|1603_img|588_img|1944_img|566_img|3249_img|4101_img|5172_img|4857_img|4282_img|2454_img|2634_img|5308_img|2686_img|4191_img|5430_img|5434_img
1110,HOME,UMI,Holz,"UMI. Essentials Fotorahmen im Format 28 x 43 cm Rustikale Posterrahmen aus Holz zur Wandaufhangung, 6 Stuck",B0871TB92H.jpg,"a photo of a UMI. Essentials Fotorahmen im Format 28 x 43 cm Rustikale Posterrahmen aus Holz zur Wandaufhangung, 6 Stuck",0,-1,592_img|625_img|1132_img|180_img|4344_img|578_img|2728_img|743_img|3906_img|3216_img|1386_img|3037_img|2472_img|3012_img|4403_img|4878_img|2038_img|2414_img|1554_img|1580_img
1116,CELLULAR_PHONE_CASE,Amazon Brand - Solimo,Silicon,Amazon Brand - Solimo Designer Random UV Printed Soft Back Case Mobile Cover for Coolpad Note 5,B0857L55T2.jpg,a photo of a Amazon Brand - Solimo Designer Random UV Printed Soft Back Case Mobile Cover for Coolpad Note 5,1,0,1116_img|4988_img|2557_img|2659_img|2010_img|2600_img|5446_img|4634_img|1590_img|1010_img|910_img|4141_img|5461_img|2671_img|1844_img|1621_img|3964_img|5221_img|274_img|390_img
1117,FINENECKLACEBRACELETANKLET,Amazon Collection,Metal,"Sterling Silver and 14k Yellow Gold Heart Mother's Jewel Created Ruby and Diamond Accent Pendant Necklace, 18""",B005GD4WF0.jpg,"a photo of a Sterling Silver and 14k Yellow Gold Heart Mother's Jewel Created Ruby and Diamond Accent Pendant Necklace, 18""",1,0,1117_img|5229_img|502_img|1106_img|1699_img|5308_img|5353_img|5354_img|5339_img|2454_img|4268_img|2354_img|737_img|4420_img|566_img|4827_img|4419_img|5388_img|1628_img|5172_img
1119,SHOES,Amazon Brand - Symbol,Synthetic,Amazon Brand - Symbol Men's Black Synthetic Formal Shoes - 9 UK (AZ-KY-324A),B07QCN72V5.jpg,a photo of a Amazon Brand - Symbol Men's Black Synthetic Formal Shoes - 9 UK (AZ-KY-324A),1,2,5231_img|5410_img|1119_img|3220_img|1548_img|4632_img|2900_img|1829_img|1483_img|3505_img|1915_img|2575_img|2620_img|1389_img|1605_img|4657_img|4038_img|1693_img|2448_img|2808_img
1121,CHAIR,Rivet,Leather,"Amazon Brand - Rivet Lawson Mid-Century Modern Angled Leather Arm Chair, 33""W, Saddle Brown",B075X4F3WY.jpg,"a photo of a Amazon Brand - Rivet Lawson Mid-Century Modern Angled Leather Arm Chair, 33""W, Saddle Brown",1,1,3910_img|1121_img|4253_img|1732_img|256_img|190_img|3224_img|1301_img|1204_img|4453_img|1486_img|709_img|2443_img|140_img|1224_img|1792_img|940_img|4980_img|147_img|2515_img
1122,RUG,Stone & Beam,Cotton,"Amazon Brand - Stone & Beam Distressed Handtufted Cotton and Wool Area Rug 5' x 8', Gold and Cream",B07QC89822.jpg,"a photo of a Amazon Brand - Stone & Beam Distressed Handtufted Cotton and Wool Area Rug 5' x 8', Gold and Cream",1,1,4319_img|1122_img|3895_img|2984_img|5322_img|962_img|4302_img|246_img|2690_img|1761_img|5391_img|545_img|5096_img|4609_img|619_img|3251_img|5164_img|239_img|5366_img|775_img
1125,HOME_BED_AND_BATH,Pinzon by Amazon,100% cotton,"Pinzon by Amazon Spannbetttuch, agyptischer Baumwollsatin, 150 x 200 x 38 cm, Wei",B00MPM1CFI.jpg,"a photo of a Pinzon by Amazon Spannbetttuch, agyptischer Baumwollsatin, 150 x 200 x 38 cm, Wei",1,1,158_img|1125_img|1612_img|5417_img|2756_img|3341_img|890_img|3883_img|319_img|5219_img|540_img|5148_img|5427_img|2672_img|755_img|2094_img|4341_img|5355_img|1682_img|2112_img
1129,FINEEARRING,Amazon Collection,Not applicable,"14k Yellow Gold Diamond Round-Cut Stud Earrings (1/4cttw, J-K Color, I2-I3 Clarity)",B075XTC1XY.jpg,"a photo of a 14k Yellow Gold Diamond Round-Cut Stud Earrings (1/4cttw, J-K Color, I2-I3 Clarity)",1,1,384_img|1129_img|4944_img|5036_img|1349_img|3476_img|2573_img|536_img|1432_img|711_img|2681_img|4085_img|4315_img|962_img|4302_img|2463_img|545_img|659_img|660_img|3477_img
1132,HOME,UMI,Coton,"UMI. by Amazon Housse de couette unie en satin de coton avec deux taies d'oreiller 300 fils au pouce carre Sauge, super douce et confortable, respirante",B088STXVKX.jpg,"a photo of a UMI. by Amazon Housse de couette unie en satin de coton avec deux taies d'oreiller 300 fils au pouce carre Sauge, super douce et confortable, respirante",1,1,3216_img|1132_img|3906_img|1386_img|3037_img|2662_img|2478_img|1992_img|2835_img|3028_img|378_img|320_img|625_img|4961_img|2143_img|4967_img|744_img|5442_img|2728_img|4199_img
1143,KITCHEN,AmazonBasics,Foam,"AmazonBasics Premium Anti-Fatigue Standing Comfort Mat for Home and Office, 20 x 36 Inch, Black",B00OUFX0YY.jpg,"a photo of a AmazonBasics Premium Anti-Fatigue Standing Comfort Mat for Home and Office, 20 x 36 Inch, Black",1,1,712_img|1143_img|1015_img|860_img|2959_img|1639_img|1634_img|1527_img|828_img|3660_img|4100_img|2159_img|532_img|5315_img|643_img|5049_img|4048_img|4854_img|2398_img|4286_img
1148,SHOES,Amazon Brand - Symactive,Mesh,Amazon Brand - Symactive Women's Green Running Shoes-5 UK (39 EU) (6 US) (SYM-WS-006B),B07TVD4131.jpg,a photo of a Amazon Brand - Symactive Women's Green Running Shoes-5 UK (39 EU) (6 US) (SYM-WS-006B),1,5,4283_img|242_img|1580_img|1571_img|4699_img|1148_img|5430_img|98_img|4001_img|5475_img|1833_img|3046_img|1583_img|1507_img|231_img|4878_img|5266_img|3626_img|3526_img|3914_img
1152,HOME_BED_AND_BATH,Pinzon by Amazon,Melange Cotton Yarn,"Pinzon by Amazon Spannbetttuch, Jersey, Violett-meliert, 140 x 200 x 20 cm",B00MHUWKHW.jpg,"a photo of a Pinzon by Amazon Spannbetttuch, Jersey, Violett-meliert, 140 x 200 x 20 cm",1,1,604_img|1152_img|3907_img|264_img|4264_img|1538_img|2403_img|2454_img|1378_img|431_img|2414_img|4792_img|5313_img|4244_img|4420_img|324_img|328_img|3059_img|540_img|5148_img
1156,SOFA,Rivet,Leather,"Amazon Brand - Rivet Andrews Contemporary Top-Grain Leather Loveseat Sofa with Removable Cushions, 67""W, Black",B07P8ST791.jpg,"a photo of a Amazon Brand - Rivet Andrews Contemporary Top-Grain Leather Loveseat Sofa with Removable Cushions, 67""W, Black",1,0,1156_img|1915_img|201_img|1188_img|4200_img|2448_img|1542_img|5278_img|4178_img|3815_img|4185_img|2443_img|709_img|1619_img|1451_img|3053_img|4286_img|1015_img|3060_img|3220_img
1158,FINEEARRING,Amazon Collection,Metal,10k Yellow Gold Round Checkerboard Cut Garnet Leverback Earrings (6mm),B01GPY6UWQ.jpg,a photo of a 10k Yellow Gold Round Checkerboard Cut Garnet Leverback Earrings (6mm),1,2,638_img|302_img|1158_img|4573_img|2742_img|560_img|1453_img|1502_img|2414_img|800_img|3942_img|5519_img|3059_img|1930_img|5041_img|4346_img|4924_img|2354_img|4085_img|5172_img
1180,SHOES,Fusefit,Mesh,Fusefit Men's Mock Black Running Shoes-10 UK (44 EU) (11 US) (FFR-419_10),B081DFT74G.jpg,a photo of a Fusefit Men's Mock Black Running Shoes-10 UK (44 EU) (11 US) (FFR-419_10),1,4,4861_img|4389_img|1693_img|5475_img|1180_img|98_img|2295_img|1631_img|299_img|3217_img|5143_img|1583_img|4072_img|1148_img|3990_img|5125_img|2260_img|2127_img|4283_img|335_img
1188,SOFA,Ravenna Home,Artificial Leather,"Amazon Brand - Ravenna Home Saxon Recliner Sofa - 85.4 x 38.4 x 42.1 Inch, Black Leather",B07JY2XNLC.jpg,"a photo of a Amazon Brand - Ravenna Home Saxon Recliner Sofa - 85.4 x 38.4 x 42.1 Inch, Black Leather",1,0,1188_img|1915_img|4178_img|1156_img|4185_img|4840_img|3053_img|1542_img|5315_img|3977_img|1619_img|201_img|5278_img|2416_img|2575_img|709_img|4696_img|748_img|2448_img|686_img
1204,CHAIR,Rivet,Leather; Wood frame; Metal base,"Amazon Brand - Rivet Zane Mid-Century Modern Swivel Top-Grain Leather Accent Chair, 28.75"" W, Aged Black",B075X4PTQV.jpg,"a photo of a Amazon Brand - Rivet Zane Mid-Century Modern Swivel Top-Grain Leather Accent Chair, 28.75"" W, Aged Black",1,2,140_img|1732_img|1204_img|4200_img|141_img|201_img|5133_img|3976_img|4253_img|3230_img|33_img|4657_img|1156_img|4837_img|3910_img|190_img|3426_img|1792_img|688_img|3244_img
1212,SOFA,Alkove,Tapizado,"Marca Amazon - Alkove Elvas - Reposapies grande para sofa modular, 93 x 93 cm, de lunares",B07SHXZX3F.jpg,"a photo of a Marca Amazon - Alkove Elvas - Reposapies grande para sofa modular, 93 x 93 cm, de lunares",1,8,5399_img|2540_img|3914_img|4768_img|4961_img|2526_img|828_img|2281_img|1212_img|5313_img|4602_img|5433_img|5495_img|5072_img|4067_img|630_img|4956_img|2272_img|3660_img|2733_img
1219,KITCHEN,AmazonBasics,Stainless steel blades,AmazonBasics 12-Piece Colored Kitchen Knife Set (Renewed),B07CNSVZDY.jpg,a photo of a AmazonBasics 12-Piece Colored Kitchen Knife Set (Renewed),1,3,2551_img|4203_img|2028_img|1219_img|5470_img|5266_img|898_img|1980_img|1766_img|5235_img|1641_img|2167_img|5011_img|3774_img|3477_img|4488_img|2587_img|3877_img|872_img|2842_img
1224,CHAIR,Movian,Kunstleder,"An Amazon Brand - Movian Arendsee - Set of 2 Dining Chairs, 55 x 55 x 85 cm (L x W x H)",B07TGC3432.jpg,"a photo of a An Amazon Brand - Movian Arendsee - Set of 2 Dining Chairs, 55 x 55 x 85 cm (L x W x H)",1,13,4523_img|4586_img|1758_img|150_img|2899_img|5185_img|834_img|648_img|2126_img|2890_img|4297_img|4046_img|5064_img|1224_img|5440_img|1613_img|477_img|2515_img|2575_img|2565_img
1226,KITCHEN,Amazon Brand - Solimo,Aluminium,"(Renewed) Amazon Brand - Solimo Non-Stick Fry Pan, 240mm, Gas Stove compatible",B0822R7GLK.jpg,"a photo of a (Renewed) Amazon Brand - Solimo Non-Stick Fry Pan, 240mm, Gas Stove compatible",1,1,2587_img|1226_img|4725_img|1706_img|1645_img|2883_img|1980_img|2872_img|4271_img|325_img|4367_img|5266_img|5071_img|3949_img|4488_img|175_img|1882_img|3232_img|1766_img|729_img
1231,WALL_ART,Stone & Beam,canvas,"Amazon Brand - Stone & Beam Modern Print Wall Art of Green Fern, Espresso-Color Frame, 31.75"" x 41.75""",B073P16R6Z.jpg,"a photo of a Amazon Brand - Stone & Beam Modern Print Wall Art of Green Fern, Espresso-Color Frame, 31.75"" x 41.75""",1,3,578_img|1833_img|2472_img|1231_img|592_img|1580_img|3222_img|5382_img|4403_img|4283_img|643_img|294_img|4621_img|4465_img|764_img|242_img|2453_img|1511_img|3626_img|4916_img
1232,FINERING,Amazon Collection,Not Applicable,"Platinum-Plated Sterling Silver Created Ruby All-Around Band Ring set with Swarovski Zirconia Accents, Size 6",B0747ZNW3J.jpg,"a photo of a Platinum-Plated Sterling Silver Created Ruby All-Around Band Ring set with Swarovski Zirconia Accents, Size 6",1,0,1232_img|2009_img|199_img|178_img|227_img|3301_img|1699_img|4710_img|3127_img|2054_img|1868_img|5370_img|5387_img|1928_img|4419_img|731_img|502_img|739_img|5161_img|949_img
1253,FINERING,Amazon Collection,metal,"Platinum-Plated Silver Cushion-Cut Solitaire Ring made with Swarovski Zirconia, Size 6",B00G0M4EEU.jpg,"a photo of a Platinum-Plated Silver Cushion-Cut Solitaire Ring made with Swarovski Zirconia, Size 6",1,0,1253_img|1746_img|5498_img|3919_img|5206_img|5450_img|4243_img|631_img|5394_img|1292_img|5131_img|5573_img|2711_img|435_img|2934_img|2433_img|4837_img|27_img|1490_img|4024_img
1256,CHAIR,UMI,Leder,Umi Essentials Gaming Chair Computer Chair Executive Chair Faux Leather Swivel Office Chair Height Adjustable Desk Chair Ergonomic Design with Adjustable Arms and Tilt Function,B07DBZB8WZ.jpg,a photo of a Umi Essentials Gaming Chair Computer Chair Executive Chair Faux Leather Swivel Office Chair Height Adjustable Desk Chair Ergonomic Design with Adjustable Arms and Tilt Function,1,0,1256_img|3960_img|153_img|4116_img|1707_img|4294_img|3426_img|4298_img|4968_img|1461_img|4453_img|210_img|4657_img|33_img|658_img|2575_img|5258_img|1792_img|1613_img|1698_img
1263,WALL_ART,Stone & Beam,Wood,"Amazon Brand - Stone & Beam Abstract Hues of Blue, White Wood Frame, 18"" x 18""",B073P17T66.jpg,"a photo of a Amazon Brand - Stone & Beam Abstract Hues of Blue, White Wood Frame, 18"" x 18""",1,0,1263_img|4983_img|188_img|678_img|2609_img|4572_img|3696_img|1903_img|2671_img|197_img|4541_img|3946_img|2535_img|1652_img|1539_img|533_img|272_img|252_img|5045_img|5253_img
1272,KITCHEN,Amazon Brand - Solimo,Copper,"Amazon Brand - Solimo Copper Water Bottle (Hammered, 700ml)",B07H2XZ2J2.jpg,"a photo of a Amazon Brand - Solimo Copper Water Bottle (Hammered, 700ml)",1,0,1272_img|3685_img|871_img|4265_img|429_img|680_img|692_img|4253_img|2021_img|1620_img|4187_img|635_img|3487_img|4271_img|4212_img|381_img|253_img|3165_img|1882_img|3788_img
1277,HOME_FURNITURE_AND_DECOR,Rivet,wood,"Amazon Brand - Rivet Jonathan Mid-Century Modern Wood Bedroom Dresser, Brass-Toned Hardware, 58 Inch Wide, Walnut",B07B4SBZDV.jpg,"a photo of a Amazon Brand - Rivet Jonathan Mid-Century Modern Wood Bedroom Dresser, Brass-Toned Hardware, 58 Inch Wide, Walnut",1,0,1277_img|3175_img|2796_img|4275_img|1030_img|5391_img|1937_img|545_img|4173_img|962_img|4302_img|4253_img|1578_img|687_img|3224_img|2035_img|246_img|1486_img|1936_img|3223_img
1284,RUG,Stone & Beam,stone,"Amazon Brand - Stone & Beam New England Tassled Wool Farmhouse Area Rug, 5 x 8 Foot, Blue and Cream",B0735SFWM2.jpg,"a photo of a Amazon Brand - Stone & Beam New England Tassled Wool Farmhouse Area Rug, 5 x 8 Foot, Blue and Cream",1,0,1284_img|930_img|1734_img|2031_img|4430_img|4095_img|2063_img|827_img|1702_img|3593_img|4702_img|4319_img|4933_img|258_img|300_img|2598_img|2655_img|5322_img|5400_img|332_img
1292,FINERING,Amazon Collection,Not Applicable,"Yellow-Gold-Plated Silver Asscher-Cut (2 cttw) Solitaire Ring made with Swarovski Zirconia, Size 8",B01N37SUEE.jpg,"a photo of a Yellow-Gold-Plated Silver Asscher-Cut (2 cttw) Solitaire Ring made with Swarovski Zirconia, Size 8",1,2,5394_img|5131_img|1292_img|1253_img|1746_img|3919_img|5498_img|5206_img|5450_img|3307_img|2555_img|3843_img|384_img|1129_img|4944_img|5036_img|1628_img|631_img|5540_img|1329_img
1301,HOME_FURNITURE_AND_DECOR,Stone & Beam,stone,"Amazon Brand - Stone & Beam Marin Leather Studded Loveseat, 60""W, Saddle Brown",B075X43FL4.jpg,"a photo of a Amazon Brand - Stone & Beam Marin Leather Studded Loveseat, 60""W, Saddle Brown",1,2,709_img|748_img|1301_img|2443_img|3910_img|5278_img|1121_img|1619_img|3224_img|147_img|4696_img|1542_img|256_img|940_img|4166_img|739_img|4980_img|4830_img|2333_img|4253_img
1322,RUG,Rivet,Polypropylene,"Amazon Brand - Rivet Contemporary Polypropylene Area Rug, 7' 10"" x 10', Ivory",B07HSHMVLK.jpg,"a photo of a Amazon Brand - Rivet Contemporary Polypropylene Area Rug, 7' 10"" x 10', Ivory",1,0,1322_img|239_img|38_img|1691_img|5256_img|1437_img|1397_img|1761_img|539_img|1702_img|2619_img|2063_img|5164_img|2959_img|791_img|2571_img|930_img|1122_img|4319_img|5096_img
1325,TABLE,Pinzon by Amazon,wood,Pinzon Kona Coffee Table,B000WSH6WK.jpg,a photo of a Pinzon Kona Coffee Table,1,9,633_img|4048_img|603_img|2874_img|704_img|321_img|3774_img|3818_img|3102_img|1325_img|3874_img|4907_img|5401_img|4602_img|3734_img|4222_img|2272_img|1856_img|1577_img|5304_img
1329,WALL_ART,Rivet,wood,"Amazon Brand - Rivet Modern Gold Pyramid Triangle Print Wall Art, 20"" x 20"", Gold Frame",B073P66TYG.jpg,"a photo of a Amazon Brand - Rivet Modern Gold Pyramid Triangle Print Wall Art, 20"" x 20"", Gold Frame",1,0,1329_img|2516_img|3063_img|5289_img|4144_img|2650_img|952_img|592_img|5131_img|962_img|4302_img|5394_img|2693_img|3249_img|1761_img|246_img|4609_img|58_img|3696_img|545_img
1342,HOME,UMI,Tela,UMI. Essentials Tende Oscuranti Termiche Isolanti Tende Coprenti Elegante con Occhielli per Casa Moderne 140x240 CM 2 Pannelli Nero,B07DFG71PC.jpg,a photo of a UMI. Essentials Tende Oscuranti Termiche Isolanti Tende Coprenti Elegante con Occhielli per Casa Moderne 140x240 CM 2 Pannelli Nero,1,2,799_img|5200_img|1342_img|1639_img|4482_img|1015_img|4782_img|2700_img|1143_img|4667_img|5352_img|1389_img|4800_img|1605_img|1915_img|1444_img|2808_img|1156_img|643_img|1600_img
1349,FINEEARRING,Amazon Collection,not-applicable,"IGI Certified 18k Yellow Gold Lab Created Diamond Stud Earrings (1cttw, G-H Color, VS1-VS2 Clarity)",B01CXY3X7M.jpg,"a photo of a IGI Certified 18k Yellow Gold Lab Created Diamond Stud Earrings (1cttw, G-H Color, VS1-VS2 Clarity)",1,0,1349_img|2573_img|3476_img|2432_img|1593_img|384_img|1129_img|4944_img|5036_img|1464_img|5443_img|3843_img|4085_img|275_img|4829_img|4463_img|60_img|1292_img|2463_img|1432_img
1350,HOME_FURNITURE_AND_DECOR,Amazon Brand - Solimo,PVC Vinyl,"Amazon Brand - Solimo Wall Sticker for Living Room (Autumn is Here, Ideal Size on Wall - 140 cm x 70 cm)",B076VCS46J.jpg,"a photo of a Amazon Brand - Solimo Wall Sticker for Living Room (Autumn is Here, Ideal Size on Wall - 140 cm x 70 cm)",1,0,1350_img|1489_img|5076_img|3930_img|2595_img|227_img|178_img|2842_img|3301_img|940_img|2798_img|5362_img|2075_img|4696_img|5161_img|744_img|2026_img|2423_img|2126_img|1619_img
1352,WALL_ART,Stone & Beam,Wood,"Amazon Brand - Stone & Beam Modern 9-Piece Mural of Balloons and Eiffel Tower Wall Art on Wood, 36"" x 36""",B073P6LBFM.jpg,"a photo of a Amazon Brand - Stone & Beam Modern 9-Piece Mural of Balloons and Eiffel Tower Wall Art on Wood, 36"" x 36""",1,1,5347_img|1352_img|5118_img|5413_img|939_img|5027_img|4144_img|648_img|4999_img|4884_img|743_img|3240_img|2436_img|1701_img|2026_img|1110_img|2516_img|3063_img|3287_img|3110_img
1359,WALL_ART,Rivet,canvas,"Amazon Brand - Rivet Abstract Asian Influenced Grey and Black Print on Canvas Wall Art Decor, 36"" x 24""",B075HXMH4H.jpg,"a photo of a Amazon Brand - Rivet Abstract Asian Influenced Grey and Black Print on Canvas Wall Art Decor, 36"" x 24""",1,0,1359_img|336_img|1562_img|643_img|952_img|246_img|204_img|821_img|5330_img|962_img|4302_img|4286_img|5413_img|1438_img|1231_img|4999_img|2609_img|4069_img|2562_img|2650_img
1361,RUG,Stone & Beam,wool,"Amazon Brand - Stone & Beam Contemporary Mode Tone Wool Area Rug, 5 x 8 Foot, Rust",B0732JLK9B.jpg,"a photo of a Amazon Brand - Stone & Beam Contemporary Mode Tone Wool Area Rug, 5 x 8 Foot, Rust",1,0,1361_img|5362_img|4217_img|261_img|2576_img|5510_img|3965_img|227_img|5172_img|4180_img|4696_img|1619_img|1554_img|1804_img|940_img|2959_img|5161_img|2412_img|3885_img|2398_img
1369,HOME_BED_AND_BATH,AmazonBasics,100% Polyester,"AmazonBasics Lightweight Super Soft Easy Care Microfiber Bed Sheet Set with 16"" Deep Pockets - Queen, Blue Grey Windowpane",B07QTQLSK9.jpg,"a photo of a AmazonBasics Lightweight Super Soft Easy Care Microfiber Bed Sheet Set with 16"" Deep Pockets - Queen, Blue Grey Windowpane",1,11,5045_img|328_img|4762_img|3094_img|1444_img|2700_img|2812_img|5454_img|3855_img|51_img|4800_img|1369_img|924_img|3041_img|5195_img|189_img|4765_img|2704_img|5283_img|4667_img
1370,CELLULAR_PHONE_CASE,Amazon Brand - Solimo,Plastic,Amazon Brand - Solimo Designer Button Jeans Alphabet-Y 3D Printed Hard Back Case Mobile Cover for Xiaomi Redmi 8A,B081HP6VVF.jpg,a photo of a Amazon Brand - Solimo Designer Button Jeans Alphabet-Y 3D Printed Hard Back Case Mobile Cover for Xiaomi Redmi 8A,1,0,1370_img|4335_img|3964_img|4893_img|1092_img|1010_img|1116_img|4658_img|4634_img|4141_img|2659_img|2535_img|2733_img|4193_img|1844_img|5130_img|4979_img|2671_img|684_img|2416_img
1375,SOFA,Alkove,lader,Amazon-marke - Alkove Sofia moderna ledersof Beige,B07G2H9MSQ.jpg,a photo of a Amazon-marke - Alkove Sofia moderna ledersof Beige,0,-1,1761_img|3906_img|5463_img|681_img|5366_img|2001_img|962_img|4302_img|1064_img|2956_img|4504_img|1792_img|2816_img|545_img|180_img|4842_img|246_img|1329_img|4151_img|1698_img
1378,FINEEARRING,Amazon Collection,METALLO,"Orecchini a lobo a forma di fiore, in argento Sterling",B0016L5AP2.jpg,"a photo of a Orecchini a lobo a forma di fiore, in argento Sterling",1,1,590_img|1378_img|2377_img|5041_img|4792_img|5378_img|3046_img|5519_img|4924_img|2041_img|1946_img|3059_img|2595_img|997_img|2454_img|949_img|4244_img|5499_img|985_img|4069_img
1380,WALL_ART,Rivet,paper,"Amazon Brand - Rivet Black and White Blueprint Map of London Underground Wall Art, Black Frame, 26"" x 18""",B073P14BGK.jpg,"a photo of a Amazon Brand - Rivet Black and White Blueprint Map of London Underground Wall Art, Black Frame, 26"" x 18""",1,0,1380_img|4000_img|4225_img|4144_img|2982_img|4465_img|2562_img|4286_img|4999_img|678_img|3240_img|1231_img|1438_img|1263_img|3222_img|4403_img|1915_img|5289_img|2650_img|2609_img
1382,HOME_FURNITURE_AND_DECOR,Pinzon,wood,Pinzon Cress Birch Plasma Stand,B001BQ8USG.jpg,a photo of a Pinzon Cress Birch Plasma Stand,0,-1,886_img|1064_img|2591_img|3287_img|2696_img|5192_img|3075_img|2565_img|3194_img|3877_img|2608_img|4172_img|2713_img|630_img|3630_img|5185_img|4297_img|2835_img|191_img|2147_img
1386,HOME,UMI,baumwolle,"UMI by Amazon Spannbetttuch, 100 % Bio-Baumwolle, Fadenzahl 300, weiches Satin-Gewebe, GOTS-zertifiziert mit 30 cm tiefen Taschen, Groe Super-King-Size-Bett, Farbe: Pflaume",B08F4KZL44.jpg,"a photo of a UMI by Amazon Spannbetttuch, 100 % Bio-Baumwolle, Fadenzahl 300, weiches Satin-Gewebe, GOTS-zertifiziert mit 30 cm tiefen Taschen, Groe Super-King-Size-Bett, Farbe: Pflaume",1,0,1386_img|3037_img|3906_img|1132_img|3216_img|2143_img|4961_img|3028_img|5442_img|4199_img|5072_img|1568_img|4993_img|5411_img|4420_img|139_img|5433_img|1992_img|2662_img|1792_img
1389,TABLE,Ravenna Home,Wood,"Amazon Brand - Ravenna Home Traditional End Table, 20""W, Black-Wood",B07RM1N7KL.jpg,"a photo of a Amazon Brand - Ravenna Home Traditional End Table, 20""W, Black-Wood",1,2,2808_img|1605_img|1389_img|3288_img|1614_img|5451_img|300_img|298_img|1964_img|230_img|5356_img|2531_img|2598_img|1284_img|4081_img|2416_img|475_img|1936_img|2655_img|5192_img
1397,SOFA,Rivet,"Polyester fabric, sturdy hardwood frame and solid beech wood legs","Amazon Brand - Rivet Revolve Modern Upholstered Sofa with Reversible Sectional Chaise, 80""W, Linen",B07BWM2CTH.jpg,"a photo of a Amazon Brand - Rivet Revolve Modern Upholstered Sofa with Reversible Sectional Chaise, 80""W, Linen",1,1,5505_img|1397_img|1486_img|3504_img|2034_img|2347_img|775_img|1828_img|2296_img|3825_img|866_img|782_img|1792_img|4166_img|514_img|5366_img|1375_img|619_img|147_img|54_img
1399,CELLULAR_PHONE_CASE,Amazon Brand - Solimo,Silicone,Amazon Brand - Solimo Designer Babby Kitty UV Printed Soft Back Case Mobile Cover for Lava Z93,B0854FKPF5.jpg,a photo of a Amazon Brand - Solimo Designer Babby Kitty UV Printed Soft Back Case Mobile Cover for Lava Z93,1,0,1399_img|734_img|1508_img|4951_img|2509_img|5472_img|390_img|2441_img|5339_img|4668_img|4334_img|754_img|385_img|2029_img|211_img|1101_img|3236_img|293_img|546_img|5007_img
1400,FINENECKLACEBRACELETANKLET,Amazon Essentials,platinum-plated-silver,"Amazon Essentials Plati num plateado plata esterlina corte redondo cubic zirconia tenis pulsera (4 mm) Platinum Plated Sterling Silver7.25"" Longitud",B009OYO6CQ.jpg,"a photo of a Amazon Essentials Plati num plateado plata esterlina corte redondo cubic zirconia tenis pulsera (4 mm) Platinum Plated Sterling Silver7.25"" Longitud",1,0,1400_img|1073_img|259_img|5521_img|4101_img|3260_img|463_img|2589_img|1944_img|4536_img|5059_img|765_img|2633_img|4364_img|3915_img|3178_img|1848_img|4728_img|2142_img|2325_img
1406,HOME_FURNITURE_AND_DECOR,Stone & Beam,stone,"Amazon Brand - Stone & Beam Carrigan Ottoman with Slipcover, 33""W, Grey Taupe",B073G7WNB1.jpg,"a photo of a Amazon Brand - Stone & Beam Carrigan Ottoman with Slipcover, 33""W, Grey Taupe",1,0,1406_img|5304_img|2526_img|4390_img|1936_img|950_img|2796_img|2183_img|5313_img|5419_img|692_img|3968_img|1677_img|2531_img|5252_img|3354_img|5495_img|2774_img|4545_img|5148_img
1410,HOME_FURNITURE_AND_DECOR,Stone & Beam,stone,"Amazon Brand - Stone & Beam Marin Studded Sofa, 87""W, Smoky Teal",B075X4VMC6.jpg,"a photo of a Amazon Brand - Stone & Beam Marin Studded Sofa, 87""W, Smoky Teal",1,0,1410_img|4583_img|4866_img|294_img|2333_img|5278_img|4432_img|2416_img|2530_img|1563_img|4185_img|618_img|3013_img|1915_img|1734_img|4308_img|4488_img|5419_img|603_img|827_img
1417,SHOES,Amazon Brand - Symbol,Canvas,Amazon Brand - Symbol Men's White Sneakers - 9 UK/India (43 EU)(AZ-SH-07C),B074DX8DT5.jpg,a photo of a Amazon Brand - Symbol Men's White Sneakers - 9 UK/India (43 EU)(AZ-SH-07C),1,0,1417_img|4359_img|343_img|2105_img|4890_img|675_img|2816_img|4565_img|1548_img|1397_img|5480_img|1437_img|655_img|681_img|737_img|2347_img|1483_img|5538_img|5463_img|724_img
1430,HOME_FURNITURE_AND_DECOR,Movian,Legno,"Marchio Amazon - Movian - Mobile 3 cassetti con ruote, 49 x 63 x 45 cm, bianco lucido",B084S76GZR.jpg,"a photo of a Marchio Amazon - Movian - Mobile 3 cassetti con ruote, 49 x 63 x 45 cm, bianco lucido",1,3,2810_img|1437_img|782_img|1430_img|3893_img|1821_img|5072_img|477_img|1613_img|5480_img|1047_img|1417_img|1397_img|1937_img|2152_img|5399_img|5538_img|3083_img|27_img|230_img
1432,FINEEARRING,Amazon Collection,Not applicable,"AGS Certified 14k White Gold Round-Cut Diamond Stud Earrings (1 1/4cttw, J-K Color, I2-I3 Clarity)",B075XTYRBQ.jpg,"a photo of a AGS Certified 14k White Gold Round-Cut Diamond Stud Earrings (1 1/4cttw, J-K Color, I2-I3 Clarity)",1,0,1432_img|711_img|5452_img|1593_img|384_img|1129_img|4944_img|5036_img|2006_img|5292_img|3127_img|1464_img|4134_img|3477_img|5046_img|292_img|2681_img|2432_img|660_img|2425_img
1437,HOME_FURNITURE_AND_DECOR,Movian,MDF,"Marque Amazon - Movian - Buffet a 1 porte et 5 tiroirs, 80 x 42 x 86,7 cm, Blanc",B07Q8SXBVJ.jpg,"a photo of a Marque Amazon - Movian - Buffet a 1 porte et 5 tiroirs, 80 x 42 x 86,7 cm, Blanc",1,1,1937_img|1437_img|2475_img|5205_img|1430_img|3893_img|555_img|2571_img|1397_img|3883_img|1417_img|1030_img|1578_img|2602_img|5480_img|2081_img|4173_img|3175_img|2347_img|5219_img
1438,WALL_ART,Rivet,canvas,"Amazon Brand - Rivet Black and White Paint Drip World Map Canvas Print Wall Art, 24"" x 16""",B073P1HZYV.jpg,"a photo of a Amazon Brand - Rivet Black and White Paint Drip World Map Canvas Print Wall Art, 24"" x 16""",1,0,1438_img|2562_img|2982_img|4999_img|1380_img|4000_img|3240_img|939_img|5027_img|1506_img|1359_img|4286_img|2453_img|4403_img|2683_img|239_img|1562_img|1352_img|5347_img|1322_img
1444,HOME_BED_AND_BATH,AmazonBasics,100% Polyester,"AmazonBasics Premium, Easy-Wash Embroidered Hotel Stitch 120 GSM Sheet Set - Queen, Dark Grey",B07KB4T2VZ.jpg,"a photo of a AmazonBasics Premium, Easy-Wash Embroidered Hotel Stitch 120 GSM Sheet Set - Queen, Dark Grey",1,0,1444_img|4762_img|328_img|2700_img|1639_img|5045_img|51_img|1143_img|4800_img|2704_img|5283_img|5454_img|3907_img|3075_img|2899_img|799_img|5200_img|1342_img|2812_img|2425_img
1451,SOFA,Alkove,Leather,"Amazon Brand - Alkove Modena Hand-Crafted Leather Sofa, 3 Seater, 98 x 200 x 82cm, Grey",B07HPRXN21.jpg,"a photo of a Amazon Brand - Alkove Modena Hand-Crafted Leather Sofa, 3 Seater, 98 x 200 x 82cm, Grey",1,0,1451_img|1375_img|1542_img|1156_img|4830_img|2443_img|4870_img|709_img|2404_img|1188_img|782_img|201_img|2448_img|1915_img|1619_img|748_img|4200_img|4166_img|2497_img|5278_img
1453,FINEEARRING,Amazon Collection,metal,"Sterling Silver and 14k Yellow Gold Blue Sapphire with Diamond-Accent Art Deco-Style Drop Earrings (0.12 cttw, I-J Color, I3 Clarity)",B0043RTQ6K.jpg,"a photo of a Sterling Silver and 14k Yellow Gold Blue Sapphire with Diamond-Accent Art Deco-Style Drop Earrings (0.12 cttw, I-J Color, I3 Clarity)",1,0,1453_img|5041_img|302_img|1158_img|4573_img|1930_img|2742_img|1946_img|5519_img|800_img|4404_img|4373_img|4924_img|616_img|4085_img|2041_img|1539_img|3059_img|560_img|638_img
1457,FINEEARRING,Amazon Collection,Metal,18k Yellow Gold Plated Sterling Silver Filigree Round Hoop Earrings,B00S5VKNP8.jpg,a photo of a 18k Yellow Gold Plated Sterling Silver Filigree Round Hoop Earrings,1,0,1457_img|4373_img|4346_img|1543_img|5341_img|5196_img|4404_img|616_img|2589_img|2041_img|5519_img|1453_img|2742_img|243_img|3260_img|133_img|4642_img|4504_img|2325_img|5418_img
1459,FINENECKLACEBRACELETANKLET,Amazon Collection,Fine-other-materialglass,"Silver Plated Crystal Pastel Unicorn Y Shaped Necklace, 18""",B07C57LXZL.jpg,"a photo of a Silver Plated Crystal Pastel Unicorn Y Shaped Necklace, 18""",1,3,5078_img|588_img|2454_img|1459_img|5499_img|4050_img|264_img|985_img|4792_img|3059_img|2043_img|4728_img|5434_img|4924_img|5378_img|635_img|2439_img|4101_img|2377_img|1578_img
1461,CHAIR,AmazonBasics,Plastic,"AmazonBasics Mesh, Mid-Back, Adjustable, Swivel Office Desk Chair with Armrests, Black",B00IIFW2L4.jpg,"a photo of a AmazonBasics Mesh, Mid-Back, Adjustable, Swivel Office Desk Chair with Armrests, Black",1,5,4657_img|210_img|33_img|3426_img|4294_img|1461_img|153_img|2575_img|1707_img|4968_img|658_img|3960_img|4116_img|5258_img|1613_img|477_img|1204_img|1256_img|2515_img|4298_img
1464,FINEEARRING,Amazon Collection,metal,"IGI Platinum Round Cut Diamond Stud Earrings (1 cttw, G-H Color, VS2 Clarity)",B0000BY88P.jpg,"a photo of a IGI Platinum Round Cut Diamond Stud Earrings (1 cttw, G-H Color, VS2 Clarity)",1,3,1593_img|1432_img|711_img|1464_img|2432_img|5452_img|292_img|1349_img|660_img|60_img|4463_img|997_img|2758_img|384_img|1129_img|4944_img|5036_img|2006_img|2573_img|2354_img
1468,CELLULAR_PHONE_CASE,Amazon Brand - Solimo,Silicone,Amazon Brand - Solimo Designer Stars UV Printed Soft Back Case Mobile Cover for Samsung Galaxy A70s,B0854L99L6.jpg,a photo of a Amazon Brand - Solimo Designer Stars UV Printed Soft Back Case Mobile Cover for Samsung Galaxy A70s,1,1,3189_img|1468_img|1844_img|5561_img|4634_img|5230_img|274_img|4013_img|4537_img|2659_img|2950_img|839_img|1010_img|368_img|2930_img|1512_img|3919_img|2509_img|5498_img|235_img
1479,TABLE,Stone & Beam,Metal,"Amazon Brand - Stone & Beam Industrial Nesting Tables, Set of 2, 17.75""W and 15.35""W, Mango Wood and Light Gray",B07QD6V1SY.jpg,"a photo of a Amazon Brand - Stone & Beam Industrial Nesting Tables, Set of 2, 17.75""W and 15.35""W, Mango Wood and Light Gray",1,5,3075_img|4046_img|150_img|2899_img|2655_img|1479_img|1758_img|4297_img|4545_img|2796_img|298_img|3937_img|4169_img|4523_img|1936_img|1644_img|4390_img|192_img|5192_img|420_img
1483,SHOES,Amazon Brand - Symbol,Leather,Amazon Brand - Symbol Men's Black Leather Formal Shoes-11 UK/India (46 EU) (AZ-WS-999C),B078W47DMS.jpg,a photo of a Amazon Brand - Symbol Men's Black Leather Formal Shoes-11 UK/India (46 EU) (AZ-WS-999C),1,6,3220_img|1119_img|5410_img|5231_img|1548_img|2900_img|1483_img|4632_img|2620_img|1915_img|201_img|2448_img|4200_img|1542_img|4038_img|655_img|3505_img|5133_img|1156_img|1829_img
1486,SOFA,Rivet,Leather,"Amazon Brand - Rivet Revolve Modern Leather Loveseat Sofa, 56""W, Caramel",B07PBZ74HD.jpg,"a photo of a Amazon Brand - Rivet Revolve Modern Leather Loveseat Sofa, 56""W, Caramel",1,0,1486_img|3224_img|866_img|4253_img|2443_img|4453_img|1301_img|147_img|1121_img|709_img|1698_img|1792_img|3910_img|5332_img|1619_img|940_img|4696_img|3825_img|748_img|4200_img
1487,HOME,Pinzon by Amazon.com,Supima-Cotton,"Pinzon Oversized Supima Cotton Hand Towel, Ecru/Pearl",B003JFJWM0.jpg,"a photo of a Pinzon Oversized Supima Cotton Hand Towel, Ecru/Pearl",1,0,1487_img|2425_img|3509_img|5462_img|5570_img|1549_img|1610_img|841_img|1887_img|3187_img|1538_img|647_img|2578_img|2655_img|1667_img|3907_img|5538_img|2681_img|4151_img|3477_img
1489,HOME_FURNITURE_AND_DECOR,Amazon Brand - Solimo,PVC Vinyl,"Amazon Brand - Solimo Wall Sticker for Kids' Room (Tree Vine & Animal Height Chart, Ideal Size on Wall, 75 cm X 100 cm)",B073RM7K9T.jpg,"a photo of a Amazon Brand - Solimo Wall Sticker for Kids' Room (Tree Vine & Animal Height Chart, Ideal Size on Wall, 75 cm X 100 cm)",1,0,1489_img|1350_img|5076_img|3930_img|4409_img|2423_img|2842_img|886_img|2453_img|2501_img|191_img|3630_img|2595_img|630_img|755_img|2094_img|4341_img|5355_img|5185_img|2571_img
1490,FINERING,Amazon Collection,Metall,Platinum or Gold Plated Sterling Silver Ring with Swarovski Crystals,B012SZYF50.jpg,a photo of a Platinum or Gold Plated Sterling Silver Ring with Swarovski Crystals,0,-1,396_img|4829_img|3843_img|2419_img|2554_img|5418_img|2136_img|4364_img|20_img|708_img|1756_img|2633_img|4395_img|4536_img|2433_img|853_img|2957_img|2678_img|2615_img|4223_img
1493,SOFA,Rivet,Solid wood frame; Velvet upholstery; Metal,"Amazon Brand - Rivet Uptown Mid-Century Modern Tufted Velvet Daybed Loveseat, 78""W, Navy &amp; Silver",B075X4VQQ7.jpg,"a photo of a Amazon Brand - Rivet Uptown Mid-Century Modern Tufted Velvet Daybed Loveseat, 78""W, Navy &amp; Silver",1,0,1493_img|687_img|3738_img|4583_img|2183_img|2012_img|2355_img|3976_img|3224_img|3060_img|3230_img|2284_img|140_img|3244_img|5332_img|4308_img|5133_img|866_img|36_img|141_img
1495,FINERING,Amazon Collection,Not Applicable,"Rose-Gold Plated Sterling Silver Round Ring Set made with Swarovski Zirconia (1 Carat Center Stone), Size 8",B07358N2V9.jpg,"a photo of a Rose-Gold Plated Sterling Silver Round Ring Set made with Swarovski Zirconia (1 Carat Center Stone), Size 8",1,0,1495_img|2554_img|5007_img|728_img|293_img|5443_img|2136_img|4857_img|576_img|20_img|708_img|275_img|2527_img|253_img|396_img|543_img|5540_img|3731_img|4191_img|3598_img
1499,SOFA,Rivet,Polyester,"Amazon Brand - Rivet Edgewest Low Back Modern Right U-Sectional, 117""W, Eclipse Blue",B07CB5GWKR.jpg,"a photo of a Amazon Brand - Rivet Edgewest Low Back Modern Right U-Sectional, 117""W, Eclipse Blue",1,0,1499_img|5175_img|987_img|163_img|4369_img|2321_img|3815_img|201_img|729_img|1019_img|50_img|4526_img|4040_img|1493_img|3060_img|3230_img|4482_img|5413_img|141_img|2859_img
1502,FINEEARRING,Amazon Collection,not-applicable,10k White Gold Round Checkerboard Cut Created Emerald Leverback Earrings (8mm),B01GPY6YMM.jpg,a photo of a 10k White Gold Round Checkerboard Cut Created Emerald Leverback Earrings (8mm),1,1,560_img|1502_img|302_img|1158_img|4573_img|3942_img|2742_img|638_img|800_img|2414_img|3626_img|2377_img|1930_img|3059_img|4169_img|4699_img|3012_img|4001_img|1453_img|2741_img
1504,CELLULAR_PHONE_CASE,Amazon Brand - Solimo,Silicon,Amazon Brand - Solimo Designer Wooden Beach UV Printed Soft Back Case Mobile Cover for Huawei Honor 5c,B0857L55YB.jpg,a photo of a Amazon Brand - Solimo Designer Wooden Beach UV Printed Soft Back Case Mobile Cover for Huawei Honor 5c,1,0,1504_img|3165_img|4263_img|3946_img|2144_img|609_img|5281_img|5349_img|2683_img|261_img|3734_img|5230_img|2930_img|5408_img|4279_img|761_img|2671_img|710_img|2591_img|1506_img
1506,WALL_ART,Rivet,canvas,"Amazon Brand - Rivet Blue Ocean Waves Print on Canvas, 24"" x 16""",B073NZS56X.jpg,"a photo of a Amazon Brand - Rivet Blue Ocean Waves Print on Canvas, 24"" x 16""",1,0,1506_img|3946_img|2683_img|1696_img|252_img|1263_img|4541_img|4983_img|5499_img|5413_img|4915_img|2535_img|2950_img|1504_img|204_img|545_img|2436_img|368_img|4465_img|246_img
1507,KITCHEN,Amazon Brand - Solimo,Rubber,"(Renewed) Amazon Brand - Solimo Silicone Rubber Funnel for Kitchen, Set of 2, Green",B08CDVRDP4.jpg,"a photo of a (Renewed) Amazon Brand - Solimo Silicone Rubber Funnel for Kitchen, Set of 2, Green",1,0,1507_img|560_img|1833_img|3942_img|5361_img|4283_img|4271_img|5266_img|3626_img|1132_img|4699_img|791_img|4555_img|4001_img|997_img|1502_img|2694_img|1580_img|242_img|4793_img
1508,CELLULAR_PHONE_CASE,Amazon Brand - Solimo,Plastic,Amazon Brand - Solimo Designer Sleepy Kitten 3D Printed Hard Back Case Mobile Cover for Huawei Honor 8X,B0853WVPPP.jpg,a photo of a Amazon Brand - Solimo Designer Sleepy Kitten 3D Printed Hard Back Case Mobile Cover for Huawei Honor 8X,1,0,1508_img|4951_img|2509_img|5472_img|1399_img|734_img|2441_img|754_img|390_img|3236_img|203_img|5339_img|1101_img|2029_img|546_img|4334_img|4537_img|5561_img|1628_img|1913_img
1511,CHAIR,Stone & Beam,Textile,"Amazon Brand - Stone & Beam Wolcott Swivel Chair, Fabric, 33""W, Charcoal",B07JY32YHK.jpg,"a photo of a Amazon Brand - Stone & Beam Wolcott Swivel Chair, Fabric, 33""W, Charcoal",1,0,1511_img|4657_img|3977_img|1204_img|2575_img|33_img|3426_img|5258_img|495_img|210_img|4294_img|2797_img|1461_img|950_img|153_img|1732_img|5052_img|5315_img|1707_img|4837_img
1512,CELLULAR_PHONE_CASE,Eono,Silikon,Eono Hybrid Clear Case for Samsung Galaxy S20+ Plus Transparent [Anti-Yellow] Thin Samsung S20 Plus Case Shockproof Mobile Phone Case for Samsung Galaxy S20 Plus 6.7 Inches Navy Blue,B084LWT785.jpg,a photo of a Eono Hybrid Clear Case for Samsung Galaxy S20+ Plus Transparent [Anti-Yellow] Thin Samsung S20 Plus Case Shockproof Mobile Phone Case for Samsung Galaxy S20 Plus 6.7 Inches Navy Blue,1,11,2535_img|4141_img|2671_img|1844_img|1370_img|368_img|2021_img|1116_img|4335_img|2950_img|2659_img|1512_img|1539_img|5262_img|3964_img|1652_img|5230_img|1010_img|4584_img|4634_img
1527,HOME,Eono,PPS,[Amazon] Eono() Standard 10x42 | BAK4 FMC 10,B08C9VXX5L.jpg,a photo of a [Amazon] Eono() Standard 10x42 | BAK4 FMC 10,1,0,1527_img|3477_img|5375_img|1639_img|4134_img|5132_img|2681_img|5052_img|1212_img|1551_img|5315_img|4212_img|2578_img|888_img|2834_img|659_img|5352_img|4667_img|2713_img|3287_img
1529,RUG,Stone & Beam,stone,"Amazon Brand - Stone & Beam Casual Plaid Area Rug, 8 x 10 Foot, Flatweave, Grey, Ivory, Red",B07B4ZVDBY.jpg,"a photo of a Amazon Brand - Stone & Beam Casual Plaid Area Rug, 8 x 10 Foot, Flatweave, Grey, Ivory, Red",1,1,3830_img|1529_img|1004_img|2075_img|751_img|1838_img|2147_img|2798_img|1600_img|4890_img|5303_img|2576_img|1369_img|35_img|261_img|4565_img|5498_img|38_img|4432_img|737_img
1532,FINENECKLACEBRACELETANKLET,Amazon Collection,metal,"10K Yellow Gold Black Swarovski Crystals Slide Ball Pendant Necklace with Gold Filled Chain, 18""",B01FSVZLWW.jpg,"a photo of a 10K Yellow Gold Black Swarovski Crystals Slide Ball Pendant Necklace with Gold Filled Chain, 18""",1,5,1603_img|2634_img|133_img|3249_img|765_img|1532_img|4382_img|1999_img|3260_img|4470_img|1934_img|3046_img|4282_img|4979_img|566_img|1628_img|1589_img|5308_img|839_img|4878_img
1538,HOME,Pinzon by Amazon.com,cotton,"Pinzon Luxury Reversible 17-By-24-Inch Bath Rug, Plum",B000T2WXV8.jpg,"a photo of a Pinzon Luxury Reversible 17-By-24-Inch Bath Rug, Plum",1,0,1538_img|5462_img|1549_img|2425_img|3509_img|3907_img|1610_img|324_img|1928_img|604_img|1152_img|4915_img|4420_img|3301_img|2414_img|647_img|3059_img|5361_img|264_img|5194_img
1539,HOME_BED_AND_BATH,Amazon Brand - Solimo,polyresin,"Amazon Brand - Solimo Magnolia Window Curtain, 5 feet - Set of 1 (Royal Blue)",B07FMDG9B8.jpg,"a photo of a Amazon Brand - Solimo Magnolia Window Curtain, 5 feet - Set of 1 (Royal Blue)",1,1,1652_img|1539_img|4409_img|178_img|3301_img|1800_img|2501_img|4474_img|162_img|1015_img|4588_img|744_img|1887_img|5352_img|1992_img|4369_img|4667_img|5306_img|3855_img|4549_img
1542,SOFA,Strathwood by Amazon.com,Hardwood,"Strathwood Brooklyn Leather 3 Seat Sofa, Black",B000P24G1M.jpg,"a photo of a Strathwood Brooklyn Leather 3 Seat Sofa, Black",1,1,1188_img|1542_img|1915_img|1156_img|5278_img|201_img|2448_img|4200_img|4185_img|1619_img|4178_img|1451_img|1015_img|2443_img|709_img|748_img|2321_img|3053_img|4081_img|3815_img
1543,FINEEARRING,Amazon Collection,diamond,"Brass, 18k Yellow and Rose Gold-Plated Bypass J-Hoop Earrings",B008HAN5B6.jpg,"a photo of a Brass, 18k Yellow and Rose Gold-Plated Bypass J-Hoop Earrings",1,4,3853_img|253_img|4346_img|4642_img|1543_img|680_img|4857_img|4373_img|2992_img|635_img|4191_img|1457_img|1848_img|1097_img|3731_img|2583_img|616_img|302_img|1158_img|4573_img
1546,KITCHEN,AmazonBasics,Unknown Material,"AmazonBasics - Recipientes de comida desechables, diseno de almeja, con bisagras, convertibles en abono ecologico y biodegradables, 3 compartimentos, 22 x 22 x 8 cm, 25 unidades",B07ZQWLTSX.jpg,"a photo of a AmazonBasics - Recipientes de comida desechables, diseno de almeja, con bisagras, convertibles en abono ecologico y biodegradables, 3 compartimentos, 22 x 22 x 8 cm, 25 unidades",1,3,828_img|4602_img|3399_img|1546_img|1821_img|5219_img|3877_img|2144_img|3630_img|630_img|789_img|898_img|4134_img|1212_img|5375_img|321_img|886_img|3102_img|3774_img|3979_img
1548,SHOES,Amazon Brand - Symbol,Leather,Amazon Brand - Symbol Men's Black Leather Formal Shoes - 10 UK (AZ-OM-233A),B079TH4L7Z.jpg,a photo of a Amazon Brand - Symbol Men's Black Leather Formal Shoes - 10 UK (AZ-OM-233A),1,4,5410_img|5231_img|1119_img|3220_img|1548_img|2900_img|1483_img|4632_img|2620_img|1829_img|1915_img|3505_img|4200_img|4038_img|201_img|2448_img|5133_img|4269_img|1156_img|1542_img
1549,HOME,Pinzon by Amazon.com,cotton,"Pinzon Luxury Loop 17-By-24-Inch Bath Rug, Maize",B000T2R8PE.jpg,"a photo of a Pinzon Luxury Loop 17-By-24-Inch Bath Rug, Maize",1,0,1549_img|1610_img|5462_img|2425_img|3509_img|4151_img|404_img|4609_img|5570_img|1487_img|1538_img|1628_img|1004_img|5361_img|2589_img|616_img|4915_img|3843_img|2742_img|4842_img
1551,FINENECKLACEBRACELETANKLET,Amazon Collection,metal,"Amazon CollectionAmazon Collection Men's Sterling Silver Italian 9.70 mm Solid Figaro Link Bracelet, 8.5""",B005DJCDDK.jpg,"a photo of a Amazon CollectionAmazon Collection Men's Sterling Silver Italian 9.70 mm Solid Figaro Link Bracelet, 8.5""",1,0,1551_img|3915_img|1073_img|1557_img|259_img|5521_img|1400_img|4710_img|1868_img|2957_img|2589_img|1848_img|5418_img|700_img|199_img|5132_img|2142_img|5174_img|2325_img|3260_img
1554,RUG,Stone & Beam,wool,"Amazon Brand - Stone & Beam Contemporary Speckle Wool Area Rug, 5' x 7' 6"", Seafoam",B0725Z9MWX.jpg,"a photo of a Amazon Brand - Stone & Beam Contemporary Speckle Wool Area Rug, 5' x 7' 6"", Seafoam",1,0,1554_img|258_img|4555_img|332_img|791_img|4095_img|2959_img|1702_img|1734_img|2528_img|239_img|3178_img|1361_img|3041_img|5070_img|1322_img|4217_img|4180_img|5510_img|930_img
1557,FINENECKLACEBRACELETANKLET,Amazon Collection,Not applicableNot applicableNot applicableNot applicable,Stainless Steel Cuff Bracelet,B01MDOAXM1.jpg,a photo of a Stainless Steel Cuff Bracelet,1,1,3915_img|1557_img|1551_img|1073_img|5132_img|1868_img|680_img|4710_img|1848_img|3127_img|2578_img|2957_img|871_img|5418_img|259_img|5521_img|4013_img|1957_img|5350_img|4265_img
1562,WALL_ART,Rivet,canvas,Amazon Brand - Rivet Modern Abstract Shapes Wall Art Decor on Canvas - 24 x 36 Inches,B07661VJ65.jpg,a photo of a Amazon Brand - Rivet Modern Abstract Shapes Wall Art Decor on Canvas - 24 x 36 Inches,1,0,1562_img|1359_img|188_img|204_img|3240_img|336_img|533_img|2619_img|821_img|952_img|1696_img|2318_img|2683_img|38_img|2516_img|3063_img|1263_img|5464_img|4522_img|4069_img
1563,SOFA,Ravenna Home,Polyester,"Amazon Brand - Ravenna Home Mayes Sloped Nailhead Sofa, 87""W, Pewter",B07DBGPVMF.jpg,"a photo of a Amazon Brand - Ravenna Home Mayes Sloped Nailhead Sofa, 87""W, Pewter",1,0,1563_img|2333_img|4866_img|618_img|5483_img|1410_img|225_img|5278_img|4432_img|5356_img|294_img|5419_img|2526_img|2103_img|4980_img|5495_img|4768_img|950_img|2733_img|2530_img
1564,FINENECKLACEBRACELETANKLET,Amazon Collection,metal,"14k Yellow Gold-Filled Letter ""S"" Charm Pendant Necklace, 18""",B016RNUH2Y.jpg,"a photo of a 14k Yellow Gold-Filled Letter ""S"" Charm Pendant Necklace, 18""",1,1,2550_img|1564_img|2466_img|4979_img|3307_img|1589_img|4658_img|839_img|4193_img|2555_img|1628_img|1603_img|635_img|1905_img|217_img|4382_img|384_img|1129_img|4944_img|5036_img
1568,HOME,Pinzon by Amazon,Sateen,"Pinzon 400-Thread-Count 100-Percent Cotton Sateen Hotel Satin Stitch Euro Sham, Sage",B000RGWFK0.jpg,"a photo of a Pinzon 400-Thread-Count 100-Percent Cotton Sateen Hotel Satin Stitch Euro Sham, Sage",1,0,1568_img|225_img|5411_img|950_img|2143_img|4420_img|1967_img|2797_img|1386_img|3037_img|5454_img|4199_img|890_img|3244_img|1765_img|4244_img|5462_img|3906_img|2152_img|5382_img
1571,SHOES,Amazon Brand - Symbol,Canvas,Amazon Brand - Symbol Men's Olive Sneakers - 9 UK/India (43 EU)(AZ-SH-06E),B074DYRV6B.jpg,a photo of a Amazon Brand - Symbol Men's Olive Sneakers - 9 UK/India (43 EU)(AZ-SH-06E),1,0,1571_img|786_img|4699_img|1580_img|4283_img|2956_img|675_img|2846_img|1583_img|655_img|3394_img|1631_img|4359_img|4890_img|343_img|2105_img|560_img|681_img|724_img|4565_img
1573,TABLE,AmazonBasics,tra,"AmazonBasics - 1-dorrars 1-lada TV-stativ, 110 x 40 x 55,5 cm, brun/svart",B07RNZYY3P.jpg,"a photo of a AmazonBasics - 1-dorrars 1-lada TV-stativ, 110 x 40 x 55,5 cm, brun/svart",1,1,4275_img|1573_img|1937_img|4907_img|3223_img|3175_img|1074_img|1030_img|5417_img|2001_img|1578_img|1277_img|1585_img|5350_img|2796_img|4602_img|4173_img|5427_img|540_img|5148_img
1577,TABLE,Rivet,"MDF, Metall",Amazon Brand Rivet Side Table with 2 Shelves 43 x 43 cm,B07WL4PT89.jpg,a photo of a Amazon Brand Rivet Side Table with 2 Shelves 43 x 43 cm,0,-1,2531_img|3083_img|192_img|993_img|3788_img|2810_img|230_img|3937_img|5192_img|475_img|1614_img|5424_img|3194_img|2281_img|1479_img|1936_img|5049_img|27_img|5313_img|4836_img
1578,HOME_FURNITURE_AND_DECOR,Movian,Legno,Movian GW-LISSABON Sideboard 3479,B085219TSF.jpg,a photo of a Movian GW-LISSABON Sideboard 3479,1,2,4173_img|5205_img|1578_img|3175_img|1030_img|1937_img|555_img|1277_img|1430_img|5424_img|5545_img|179_img|2571_img|3937_img|1573_img|4395_img|5355_img|755_img|2094_img|4341_img
1580,SHOES,Klepe,Mesh,Klepe Men's Olive Flyknit with Memory Foam Running Shoes-6 UK (40 EU) (7 US) (M133/OLV),B07XDY23DP.jpg,a photo of a Klepe Men's Olive Flyknit with Memory Foam Running Shoes-6 UK (40 EU) (7 US) (M133/OLV),1,0,1580_img|4283_img|3394_img|299_img|3217_img|2295_img|440_img|3990_img|2956_img|1571_img|1583_img|1148_img|5314_img|786_img|1511_img|1180_img|1631_img|2127_img|2846_img|1693_img
1583,SHOES,Klepe,Fabric,Klepe Men's Grey Chunky/Platform Sneakers-8 UK (42 EU) (9 US) (KP902/GRY),B07WSPFQBD.jpg,a photo of a Klepe Men's Grey Chunky/Platform Sneakers-8 UK (42 EU) (9 US) (KP902/GRY),1,4,2846_img|3394_img|675_img|440_img|1583_img|3990_img|786_img|1631_img|1571_img|343_img|2105_img|4890_img|299_img|3217_img|1580_img|3075_img|2956_img|2796_img|950_img|5241_img
1585,TABLE,Rivet,Metal,"Amazon Brand - Rivet Heather Modern Coffee Table, 47.2 Inch Width, Walnut",B07HSMMGF3.jpg,"a photo of a Amazon Brand - Rivet Heather Modern Coffee Table, 47.2 Inch Width, Walnut",1,3,1003_img|4907_img|5013_img|1585_img|5053_img|1720_img|1577_img|5170_img|3825_img|2117_img|3223_img|603_img|192_img|4836_img|1937_img|4545_img|4447_img|572_img|4275_img|2653_img
1589,FINENECKLACEBRACELETANKLET,Amazon Collection,Fine-other-material,"ellie byrd 10k Gold Two Tone Initial ""X"" Disc Necklace, 18""",B01LX9PO2S.jpg,"a photo of a ellie byrd 10k Gold Two Tone Initial ""X"" Disc Necklace, 18""",1,0,1589_img|2466_img|4979_img|1564_img|2550_img|1905_img|1603_img|4658_img|4193_img|1628_img|3307_img|839_img|4382_img|2555_img|635_img|765_img|2529_img|4842_img|4470_img|2439_img
1590,CELLULAR_PHONE_CASE,Amazon Brand - Solimo,Plastic,Amazon Brand - Solimo Designer Girl Design 3D Printed Hard Back Case Mobile Cover for Huawei Honor 5X,B07WRY37XC.jpg,a photo of a Amazon Brand - Solimo Designer Girl Design 3D Printed Hard Back Case Mobile Cover for Huawei Honor 5X,1,0,1590_img|2659_img|5561_img|390_img|5446_img|94_img|910_img|1844_img|4013_img|1010_img|4668_img|4634_img|1116_img|2564_img|2010_img|734_img|274_img|1512_img|4584_img|3964_img
1593,FINEEARRING,Amazon Collection,Metal,"IGI Certified 14k White Gold Lab Created Diamond Stud Earrings (3/4 cttw, I-J Color, SI1-SI2 Clarity)",B017XDCZ2W.jpg,"a photo of a IGI Certified 14k White Gold Lab Created Diamond Stud Earrings (3/4 cttw, I-J Color, SI1-SI2 Clarity)",1,0,1593_img|1464_img|2432_img|1432_img|1349_img|4463_img|60_img|711_img|292_img|2573_img|275_img|2433_img|5443_img|5452_img|435_img|2934_img|1756_img|4364_img|1253_img|1746_img
1600,HOME_BED_AND_BATH,AmazonBasics,Flanelle,"AmazonBasics Bettwascheset, Baumwollflanell, grau kariert 200x200 cm, 2 kissenbezuge 80x80 cm",B013B1RZFM.jpg,"a photo of a AmazonBasics Bettwascheset, Baumwollflanell, grau kariert 200x200 cm, 2 kissenbezuge 80x80 cm",1,0,1600_img|1639_img|4800_img|51_img|2700_img|1444_img|1369_img|225_img|2540_img|2704_img|5283_img|4001_img|4067_img|4768_img|1967_img|799_img|5200_img|4667_img|4782_img|5495_img
1603,FINENECKLACEBRACELETANKLET,Amazon Collection,Metal,"14k Yellow Gold Bezel Set Solitaire Adjustable Pendant Necklace (1/10cttw, K-L Color, I2-I3 Clarity), 16"" + 2"" Extender",B01GUYFIP6.jpg,"a photo of a 14k Yellow Gold Bezel Set Solitaire Adjustable Pendant Necklace (1/10cttw, K-L Color, I2-I3 Clarity), 16"" + 2"" Extender",1,0,1603_img|2634_img|3249_img|133_img|4470_img|1999_img|4382_img|765_img|4282_img|5562_img|3260_img|775_img|3046_img|4979_img|1589_img|839_img|1532_img|5308_img|619_img|985_img
1605,TABLE,Ravenna Home,Wood,"Amazon Brand - Ravenna Home Traditional Solid Pine End Table, 24""W, Black Finish",B07MHMGJMM.jpg,"a photo of a Amazon Brand - Ravenna Home Traditional Solid Pine End Table, 24""W, Black Finish",1,0,1605_img|2808_img|3288_img|1389_img|1614_img|5451_img|300_img|298_img|1964_img|5356_img|230_img|2531_img|2598_img|1284_img|4081_img|475_img|2655_img|192_img|5545_img|5192_img
1609,CELLULAR_PHONE_CASE,Amazon Brand - Solimo,Plastic,Amazon Brand - Solimo Designer Red Roses 3D Printed Hard Back Case Mobile Cover for Asus Zenfone Max Pro M1 ZB601KL,B0853WYJ87.jpg,a photo of a Amazon Brand - Solimo Designer Red Roses 3D Printed Hard Back Case Mobile Cover for Asus Zenfone Max Pro M1 ZB601KL,1,1,4827_img|1609_img|1774_img|4419_img|2557_img|1640_img|5446_img|2769_img|2600_img|2595_img|590_img|5339_img|178_img|4069_img|5308_img|5451_img|2576_img|3301_img|5354_img|737_img
1610,HOME,Pinzon by Amazon.com,cotton,"Pinzon Luxury Loop 17-By-24-Inch Bath Rug, Flax",B000T2UZDG.jpg,"a photo of a Pinzon Luxury Loop 17-By-24-Inch Bath Rug, Flax",1,1,1549_img|1610_img|5462_img|5357_img|2425_img|5510_img|3509_img|1538_img|1511_img|2528_img|1882_img|1967_img|4151_img|4217_img|1554_img|1580_img|5361_img|2690_img|692_img|3165_img
1612,HOME_BED_AND_BATH,Pinzon by Amazon,Cotton/Egyptian Cotton/Sateen,"Pinzon Egyptian Cotton sateen fitted sheet, White 175 x 190 x 40 cm",B00MPM1KCS.jpg,"a photo of a Pinzon Egyptian Cotton sateen fitted sheet, White 175 x 190 x 40 cm",1,2,158_img|1125_img|1612_img|1682_img|3883_img|1099_img|5219_img|319_img|2756_img|3341_img|2081_img|2347_img|1417_img|5417_img|2471_img|2475_img|1487_img|1397_img|2602_img|890_img
1613,CHAIR,AmazonBasics,"Foam, Plywood, Steel,, PP",AmazonBasics Multi-Purpose Office Drafting Spa Stool with Adjustable Foot Rest and Wheels - Beige,B07HGGVRCZ.jpg,a photo of a AmazonBasics Multi-Purpose Office Drafting Spa Stool with Adjustable Foot Rest and Wheels - Beige,1,0,1613_img|4116_img|1256_img|4298_img|477_img|3960_img|1707_img|4968_img|4453_img|153_img|658_img|1461_img|5366_img|1792_img|5258_img|4294_img|4222_img|2713_img|619_img|3825_img
1614,TABLE,Rivet,Madera,"Marca Amazon - Rivet - Mesa de centro redonda con estante, 50 x 50 x 55 cm, negro",B07TQM977B.jpg,"a photo of a Marca Amazon - Rivet - Mesa de centro redonda con estante, 50 x 50 x 55 cm, negro",1,13,475_img|1856_img|4836_img|633_img|4048_img|993_img|1720_img|192_img|532_img|5170_img|2117_img|648_img|4172_img|1614_img|2810_img|5049_img|2874_img|1003_img|2653_img|5192_img
1619,SOFA,Ravenna Home,Hardwood,"Amazon Brand - Ravenna Home Maplewood Reclining Sofa, 92""W, Leather, Amber",B07QGSZ3FP.jpg,"a photo of a Amazon Brand - Ravenna Home Maplewood Reclining Sofa, 92""W, Leather, Amber",1,0,1619_img|709_img|2443_img|748_img|4696_img|1301_img|1542_img|940_img|5278_img|147_img|1451_img|1188_img|1121_img|4166_img|1375_img|866_img|3910_img|4185_img|4178_img|227_img
1620,KITCHEN,Amazon Brand - Solimo,Plastic,Amazon Brand - Solimo Stainless Steel Sevai/Noodles maker,B07P96K7XH.jpg,a photo of a Amazon Brand - Solimo Stainless Steel Sevai/Noodles maker,1,3,325_img|4958_img|1766_img|1620_img|4271_img|1644_img|5437_img|1882_img|3110_img|2608_img|2681_img|3232_img|5071_img|4872_img|54_img|5378_img|2578_img|175_img|3949_img|4275_img
1621,FINERING,Amazon Collection,No aplica,"Anillo de plata de ley chapado en platino con circonita Swarovski redonda,Transparente",B074V9BL4Q.jpg,"a photo of a Anillo de plata de ley chapado en platino con circonita Swarovski redonda,Transparente",1,8,3127_img|5132_img|1868_img|5336_img|4710_img|3180_img|853_img|1667_img|1621_img|2136_img|949_img|2142_img|1551_img|4670_img|1098_img|1756_img|2368_img|1232_img|2009_img|3754_img
1625,SHOES,Flavia,Polyurethane,Flavia Women's Cherry Fashion Sandals-7 UK (39 EU) (8 US) (FL152/CHY),B07X8X2P3R.jpg,a photo of a Flavia Women's Cherry Fashion Sandals-7 UK (39 EU) (8 US) (FL152/CHY),1,0,1625_img|4124_img|5584_img|2961_img|1042_img|5457_img|543_img|5065_img|5349_img|2040_img|595_img|1232_img|2009_img|5281_img|242_img|737_img|4565_img|5430_img|5370_img|5387_img
1628,FINENECKLACEBRACELETANKLET,Amazon Collection,Not applicable,"Amazon Collection10k Yellow Gold Indiana State Pendant Necklace, 16""+2"" Extender",B01MFAACOW.jpg,"a photo of a Amazon Collection10k Yellow Gold Indiana State Pendant Necklace, 16""+2"" Extender",1,3,3307_img|839_img|2555_img|1628_img|1603_img|4979_img|1589_img|4382_img|4658_img|5046_img|2466_img|384_img|1129_img|4944_img|5036_img|2550_img|4193_img|5303_img|765_img|635_img
1631,SHOES,Klepe,Mesh,Klepe Men's Black Flyknit with Memory Foam Running Shoes-6 UK (40 EU) (7 US) (CS1-046/BLK),B07X9RHPL8.jpg,a photo of a Klepe Men's Black Flyknit with Memory Foam Running Shoes-6 UK (40 EU) (7 US) (CS1-046/BLK),1,7,2295_img|299_img|3217_img|4861_img|1693_img|1180_img|4389_img|1631_img|3990_img|5314_img|440_img|1580_img|3394_img|1583_img|987_img|5475_img|2260_img|2631_img|3771_img|5143_img
1634,RUG,Amazon Basics,Polypropylene,"Amazon Basics Modern Plush Standard-Pile Shag Area Rug - 4x6 (3'11"" x 5'3""), Grey",B07Q5ZXRFC.jpg,"a photo of a Amazon Basics Modern Plush Standard-Pile Shag Area Rug - 4x6 (3'11"" x 5'3""), Grey",1,0,1634_img|4854_img|2398_img|4180_img|2959_img|2598_img|5510_img|2733_img|1554_img|5321_img|1361_img|4768_img|3977_img|5362_img|532_img|4217_img|4067_img|3885_img|440_img|5495_img
1639,HOME_BED_AND_BATH,AmazonBasics,Tessuto,"AmazonBasics - Tenda Termica Isolante Oscurante con 2 fermatenda, 2 pannelli, 168 x 183 cm - Grigio scuro",B071NVVS2J.jpg,"a photo of a AmazonBasics - Tenda Termica Isolante Oscurante con 2 fermatenda, 2 pannelli, 168 x 183 cm - Grigio scuro",1,0,1639_img|799_img|5200_img|5352_img|4667_img|1342_img|2835_img|4482_img|2704_img|5283_img|5321_img|169_img|1800_img|162_img|2478_img|320_img|648_img|4768_img|1444_img|2404_img
1640,CELLULAR_PHONE_CASE,Amazon Brand - Solimo,Silicon,Amazon Brand - Solimo Designer Dark Flowers Photography UV Printed Soft Back Case Mobile Cover for Huawei Y9 (2019),B0854G1P7D.jpg,a photo of a Amazon Brand - Solimo Designer Dark Flowers Photography UV Printed Soft Back Case Mobile Cover for Huawei Y9 (2019),1,0,1640_img|2600_img|2403_img|1774_img|1609_img|2557_img|4827_img|5446_img|1378_img|2769_img|4025_img|5425_img|235_img|2595_img|1605_img|643_img|2454_img|4244_img|4549_img|5330_img
1641,KITCHEN,Pinzon by Amazon,acero_inoxidable,Pinzon - Juego de cucharas medidoras,B000UD4ZGC.jpg,a photo of a Pinzon - Juego de cucharas medidoras,0,-1,320_img|2608_img|3110_img|4039_img|5352_img|3906_img|2635_img|4271_img|2147_img|744_img|2835_img|1325_img|1800_img|225_img|1887_img|2565_img|180_img|2662_img|2786_img|3994_img
1643,FINERING,Amazon Collection,Not applicableNot applicableNot applicableNot applicable,"Stainless Steel 8mm with Simulated Pearls Ring, Size 7",B01MF91HO2.jpg,"a photo of a Stainless Steel 8mm with Simulated Pearls Ring, Size 7",1,1,3754_img|1643_img|1667_img|4670_img|378_img|272_img|2377_img|2578_img|4145_img|4967_img|4865_img|429_img|2721_img|5434_img|3180_img|4271_img|1047_img|853_img|1882_img|4265_img
1644,KITCHEN,Amazon Brand - Solimo,Stainless Steel,Amazon Brand - Solimo Stainless Steel 3-Piece Tope Set with One Steel Lid,B072WW1HHS.jpg,a photo of a Amazon Brand - Solimo Stainless Steel 3-Piece Tope Set with One Steel Lid,1,0,1644_img|54_img|378_img|2462_img|5560_img|3856_img|5532_img|5014_img|3723_img|2605_img|325_img|2834_img|4275_img|1766_img|5440_img|3028_img|2796_img|3075_img|4955_img|4523_img
1645,KITCHEN,AmazonBasics,cast-iron,AmazonBasics Pre-Seasoned Cast Iron Round Griddle - 10.5-Inch (Renewed),B07QH7TC27.jpg,a photo of a AmazonBasics Pre-Seasoned Cast Iron Round Griddle - 10.5-Inch (Renewed),1,0,1645_img|2883_img|1706_img|4725_img|1226_img|175_img|2587_img|2872_img|712_img|1980_img|4367_img|3232_img|1143_img|2117_img|1019_img|860_img|4526_img|677_img|4222_img|729_img
1652,HOME_BED_AND_BATH,Amazon Brand - Solimo,polyresin,"Amazon Brand - Solimo Magnolia Window Curtain, 5 feet - Set of 2 (Royal Blue)",B07FM46WPN.jpg,"a photo of a Amazon Brand - Solimo Magnolia Window Curtain, 5 feet - Set of 2 (Royal Blue)",1,0,1652_img|1539_img|4409_img|3301_img|178_img|2501_img|4474_img|1015_img|1800_img|4588_img|5306_img|744_img|162_img|1887_img|1992_img|4667_img|5352_img|3855_img|4549_img|4369_img
1653,TABLE,Alkove,Wild Oak & Stainless Steel,"Amazon Brand - Alkove Hayes Solid Wood Coffee Table, 110 x 70 x 44cm, Wild Oak/Stainless Steel Base",B07K7M4YT4.jpg,"a photo of a Amazon Brand - Alkove Hayes Solid Wood Coffee Table, 110 x 70 x 44cm, Wild Oak/Stainless Steel Base",1,12,4279_img|5401_img|4447_img|2001_img|2653_img|4602_img|3630_img|572_img|630_img|4907_img|4172_img|4545_img|1653_img|4275_img|1937_img|886_img|191_img|1003_img|3825_img|179_img
1660,FINEEARRING,Amazon Essentials,metal,Amazon Essentials Platinum Plated Sterling Silver Princess Cut Cubic Zirconia Leverback Earrings (5mm),B002BA5NS6.jpg,a photo of a Amazon Essentials Platinum Plated Sterling Silver Princess Cut Cubic Zirconia Leverback Earrings (5mm),1,0,1660_img|2973_img|2006_img|895_img|5292_img|1453_img|248_img|302_img|1158_img|4573_img|2711_img|638_img|4924_img|2519_img|2742_img|1930_img|1502_img|4315_img|2414_img|4945_img
1663,HOME_BED_AND_BATH,AmazonBasics,Polyester Microfibre,AmazonBasics 4-Season Microfibre Duvet Set - King,B00Q6EYT60.jpg,a photo of a AmazonBasics 4-Season Microfibre Duvet Set - King,1,10,5442_img|4039_img|2812_img|5455_img|189_img|3094_img|5195_img|4782_img|924_img|4965_img|1663_img|3028_img|1369_img|696_img|4961_img|3216_img|2704_img|5283_img|2786_img|4696_img
1667,FINERING,Amazon Collection,Perla,"Anello placcato in platino con perle coltivate,Infradito colorati estivi, con finte perline",B00W9OMQDY.jpg,"a photo of a Anello placcato in platino con perle coltivate,Infradito colorati estivi, con finte perline",1,13,3598_img|2054_img|3180_img|1232_img|2009_img|4670_img|4395_img|272_img|5336_img|1699_img|199_img|1781_img|728_img|1667_img|2615_img|4223_img|4145_img|3127_img|2419_img|4819_img
1677,CHAIR,Ravenna Home,Linen,"Amazon Brand - Ravenna Home Sloped Nailhead Trim Accent Chair, 30""W, Linen",B07DBDX48X.jpg,"a photo of a Amazon Brand - Ravenna Home Sloped Nailhead Trim Accent Chair, 30""W, Linen",1,0,1677_img|4206_img|5252_img|5390_img|3354_img|5555_img|1964_img|5356_img|2737_img|190_img|5538_img|2103_img|2655_img|4980_img|688_img|1732_img|495_img|3437_img|4916_img|141_img
1682,HOME_BED_AND_BATH,AmazonBasics,100% Cotton,AmazonBasics 400TC Cotton Sateen Wrinkle Free Fitted Sheet White 90 x 200 x 30 cm,B00Q8ICTQ6.jpg,a photo of a AmazonBasics 400TC Cotton Sateen Wrinkle Free Fitted Sheet White 90 x 200 x 30 cm,1,1,1099_img|1682_img|3883_img|158_img|1125_img|1612_img|319_img|2081_img|3094_img|2471_img|2756_img|3341_img|5219_img|5417_img|2475_img|2602_img|328_img|4264_img|1417_img|711_img
1685,FINENECKLACEBRACELETANKLET,Amazon Collection,Metal,"Platinum-Plated Sterling Silver Oval-Shape Solitaire Pendant Neckalce made with Swarovski Zirconia, 16""",B00G0M493Q.jpg,"a photo of a Platinum-Plated Sterling Silver Oval-Shape Solitaire Pendant Neckalce made with Swarovski Zirconia, 16""",1,2,4282_img|5434_img|1685_img|4470_img|2043_img|2634_img|5562_img|3249_img|5494_img|566_img|4101_img|4268_img|1934_img|35_img|1944_img|3012_img|4728_img|5172_img|985_img|2439_img
1688,CELLULAR_PHONE_CASE,Amazon Brand - Solimo,Plastic,Amazon Brand - Solimo Designer Punisher Skull 3D Printed Hard Back Case Mobile Cover for Vivo Y95,B0853X228T.jpg,a photo of a Amazon Brand - Solimo Designer Punisher Skull 3D Printed Hard Back Case Mobile Cover for Vivo Y95,1,2,5091_img|5221_img|1688_img|5561_img|2029_img|4634_img|4419_img|1116_img|274_img|3964_img|2010_img|2557_img|5461_img|2600_img|390_img|1844_img|1370_img|4537_img|1590_img|2659_img
1690,CHAIR,Movian,Polyurethane,"Marque Amazon - Movian - Chaise d'appoint Ruby, Turquoise",B07HPDQ1DF.jpg,"a photo of a Marque Amazon - Movian - Chaise d'appoint Ruby, Turquoise",1,0,1690_img|4793_img|4488_img|2540_img|1034_img|5399_img|2126_img|4956_img|1050_img|2318_img|2272_img|3013_img|188_img|5433_img|4837_img|2874_img|227_img|3914_img|648_img|2112_img
1691,RUG,Rivet,wool,"Amazon Brand - Rivet Contemporary Wool Blend Area Rug, 4' x 6', Grey Charcoal",B07HSF5CFK.jpg,"a photo of a Amazon Brand - Rivet Contemporary Wool Blend Area Rug, 4' x 6', Grey Charcoal",1,0,1691_img|2528_img|2959_img|317_img|201_img|1634_img|5070_img|1322_img|5194_img|1156_img|3815_img|4217_img|1342_img|4200_img|5321_img|5464_img|4854_img|5510_img|532_img|3885_img
1693,SHOES,Solefit,Mesh,Solefit Men's Grey Running Shoes-8 UK (41 EU) (SLFT-1147),B07YF9PVGS.jpg,a photo of a Solefit Men's Grey Running Shoes-8 UK (41 EU) (SLFT-1147),1,17,1583_img|5475_img|3990_img|3394_img|2846_img|440_img|2127_img|98_img|1631_img|299_img|3217_img|675_img|4861_img|1148_img|5143_img|1580_img|4072_img|1693_img|4283_img|2956_img
1694,KITCHEN,Amazon Brand - Solimo,Plastic,"(Renewed) Amazon Brand - Solimo Plastic Lunch Box with Bag, Set of 4, Blue",B07WCCTJTT.jpg,"a photo of a (Renewed) Amazon Brand - Solimo Plastic Lunch Box with Bag, Set of 4, Blue",1,4,4040_img|3723_img|5532_img|5014_img|1694_img|2167_img|5560_img|5253_img|5147_img|3979_img|2021_img|860_img|4526_img|385_img|3856_img|4369_img|4780_img|1499_img|898_img|5045_img
1696,WALL_ART,Rivet,canvas,"Amazon Brand - Rivet Red Lips in the Blue Water Print Wall Art Decor, 20"" x 24""",B073NZXTRY.jpg,"a photo of a Amazon Brand - Rivet Red Lips in the Blue Water Print Wall Art Decor, 20"" x 24""",1,0,1696_img|204_img|1506_img|2683_img|3946_img|252_img|502_img|939_img|5027_img|5308_img|1263_img|5354_img|3240_img|4621_img|4069_img|4983_img|1562_img|873_img|2211_img|1928_img
1698,CHAIR,Strathwood by Amazon.com,Leather,"Strathwood Saddle River Leather Chair, Beige",B000S1F524.jpg,"a photo of a Strathwood Saddle River Leather Chair, Beige",1,0,1698_img|940_img|1792_img|1121_img|190_img|5538_img|4453_img|1732_img|3910_img|4253_img|4116_img|4696_img|709_img|1486_img|1619_img|4298_img|2713_img|256_img|3354_img|5390_img
1699,FINERING,Amazon Collection,925 Sterling Silver,"Sterling Silver and 14k Yellow Gold Diamond and Heart-Shaped Created Ruby Ring (0.03 cttw, I-J Color, I3 Clarity), Size 8",B0043RTQJ2.jpg,"a photo of a Sterling Silver and 14k Yellow Gold Diamond and Heart-Shaped Created Ruby Ring (0.03 cttw, I-J Color, I3 Clarity), Size 8",1,0,1699_img|1117_img|728_img|1232_img|2009_img|1957_img|2054_img|5229_img|2368_img|502_img|576_img|5388_img|1106_img|3598_img|4819_img|199_img|5161_img|5339_img|178_img|731_img
1701,SOFA,Stone & Beam,Nylon,"Amazon Brand - Stone & Beam Bagley Sectional Component, Right-Facing Corner Sofa, Fabric, 90""W, Stone",B07HZ6X7T7.jpg,"a photo of a Amazon Brand - Stone & Beam Bagley Sectional Component, Right-Facing Corner Sofa, Fabric, 90""W, Stone",1,0,1701_img|2034_img|1828_img|4916_img|2859_img|294_img|5495_img|618_img|1580_img|4768_img|1511_img|2530_img|3394_img|5555_img|3504_img|5483_img|1490_img|4024_img|5052_img|3977_img
1702,RUG,Rivet,Nylon,"Amazon Brand - Rivet Modern Abstract Area Rug, 4 x 6 Foot, Blue, White",B07HSHYMBL.jpg,"a photo of a Amazon Brand - Rivet Modern Abstract Area Rug, 4 x 6 Foot, Blue, White",1,0,1702_img|930_img|2619_img|1322_img|1919_img|4095_img|239_img|38_img|2318_img|2596_img|4430_img|2159_img|2959_img|4702_img|4549_img|791_img|4339_img|1437_img|539_img|332_img
1706,KITCHEN,Amazon Brand - Solimo,Aluminium,"Amazon Brand - Solimo Non Stick Frypan (28 cm, 2 coat, 2mm thickness)",B07P5SYL2M.jpg,"a photo of a Amazon Brand - Solimo Non Stick Frypan (28 cm, 2 coat, 2mm thickness)",1,1,4725_img|1706_img|1226_img|1645_img|2587_img|2883_img|1980_img|2872_img|4367_img|175_img|325_img|729_img|712_img|3232_img|3949_img|5071_img|4526_img|191_img|4271_img|1019_img
1707,CHAIR,UMI,Leather,Umi. by Amazon - Gaming Chair Office Desk Computer Chairs Ergonomic Conference Executive Manager Work Chair High Back Adjustable Task Chair,B07DBZP579.jpg,a photo of a Umi. by Amazon - Gaming Chair Office Desk Computer Chairs Ergonomic Conference Executive Manager Work Chair High Back Adjustable Task Chair,1,5,1256_img|3960_img|4116_img|153_img|4968_img|1707_img|4294_img|4298_img|3426_img|1461_img|4453_img|210_img|658_img|33_img|4657_img|5258_img|2575_img|1792_img|1613_img|2515_img
1720,TABLE,Pinzon by Amazon,Engineered Wood,Pinzon Greenwich Dining Table,B001BQ6S30.jpg,a photo of a Pinzon Greenwich Dining Table,0,-1,4048_img|633_img|5192_img|2874_img|191_img|3874_img|1325_img|3774_img|3288_img|1577_img|3818_img|886_img|1389_img|3734_img|5053_img|4222_img|2602_img|2272_img|4172_img|1856_img
1732,CHAIR,Rivet,Leather,"Amazon Brand - Rivet Bayard Contemporary Leather Living Room Chair with Curved Back and Armrests, 35.5""W, Grey",B082QDKRCP.jpg,"a photo of a Amazon Brand - Rivet Bayard Contemporary Leather Living Room Chair with Curved Back and Armrests, 35.5""W, Grey",1,1,1204_img|1732_img|5258_img|5241_img|256_img|190_img|3910_img|2797_img|4253_img|1121_img|5064_img|4837_img|593_img|688_img|495_img|5072_img|1792_img|141_img|5366_img|2515_img
1734,RUG,Stone & Beam,Polypropylene,"Amazon Brand - Stone & Beam Traditional Royal Area Rug, 5' 3""x 7' 3"", Teal",B072C5WNZF.jpg,"a photo of a Amazon Brand - Stone & Beam Traditional Royal Area Rug, 5' 3""x 7' 3"", Teal",1,0,1734_img|2031_img|2598_img|5400_img|1284_img|2416_img|1554_img|2576_img|855_img|1804_img|3965_img|2808_img|827_img|258_img|930_img|1605_img|1814_img|2959_img|4933_img|677_img
1746,FINERING,Amazon Collection,metal,"Platinum-Plated Silver Cushion-Cut Solitaire Ring made with Swarovski Zirconia, Size 7",B00G0M4EFY.jpg,"a photo of a Platinum-Plated Silver Cushion-Cut Solitaire Ring made with Swarovski Zirconia, Size 7",1,1,1253_img|1746_img|5498_img|3919_img|5206_img|5450_img|4243_img|631_img|5394_img|1292_img|5131_img|5573_img|2711_img|435_img|2934_img|4837_img|2433_img|27_img|1490_img|4024_img
1756,FINERING,Amazon Collection,metal,"Platinum-Plated Sterling Silver Round 3-Stone Ring made with Swarovski Zirconia (4 cttw), Size 6",B00FXW7KKI.jpg,"a photo of a Platinum-Plated Sterling Silver Round 3-Stone Ring made with Swarovski Zirconia (4 cttw), Size 6",1,1,2633_img|1756_img|4536_img|4364_img|2433_img|2934_img|2678_img|853_img|5059_img|2554_img|396_img|1098_img|4829_img|4243_img|435_img|2142_img|3843_img|4463_img|1532_img|4878_img
1758,CHAIR,Rivet,Wood,"Amazon Brand - Rivet Contemporary Square-Back Armless Dining Chair, 34""H, Felt Gray, Set of 2, Queen",B07QDNQSVF.jpg,"a photo of a Amazon Brand - Rivet Contemporary Square-Back Armless Dining Chair, 34""H, Felt Gray, Set of 2, Queen",1,0,1758_img|2899_img|150_img|4046_img|4523_img|5064_img|593_img|1204_img|4586_img|4297_img|5258_img|5241_img|2515_img|648_img|5366_img|1732_img|1224_img|495_img|4367_img|658_img
1761,RUG,Rivet,jute,"Amazon Brand - Rivet Textured Zen Hand-Woven Jute Area Rug, 7'6'' x 9'6'', Natural",B071J4VX9C.jpg,"a photo of a Amazon Brand - Rivet Textured Zen Hand-Woven Jute Area Rug, 7'6'' x 9'6'', Natural",1,4,5357_img|2690_img|4217_img|4609_img|1761_img|5510_img|3178_img|5256_img|692_img|698_img|5408_img|3906_img|3165_img|332_img|3232_img|2144_img|5464_img|1554_img|1549_img|2984_img
1764,HOME_BED_AND_BATH,AmazonBasics,Stoff,AmazonBasics Memory Foam Mattress Topper with/Medicott Material Cover 140 x 200 cm,B017BEQCD6.jpg,a photo of a AmazonBasics Memory Foam Mattress Topper with/Medicott Material Cover 140 x 200 cm,1,4,202_img|4339_img|4139_img|3102_img|1764_img|704_img|712_img|5161_img|321_img|5219_img|828_img|1663_img|4915_img|2810_img|3660_img|926_img|1546_img|1821_img|696_img|4308_img
1765,HOME,Pinzon by Amazon,Algodon,Pike Street Amber 100-Percent Cotton Embroidered Standard Pillow Sham,B0041Q2X3Q.jpg,a photo of a Pike Street Amber 100-Percent Cotton Embroidered Standard Pillow Sham,1,2,5411_img|1568_img|1765_img|2143_img|225_img|1663_img|4961_img|2152_img|4039_img|4244_img|189_img|4420_img|5326_img|692_img|1386_img|3037_img|5390_img|1563_img|2737_img|5226_img
1766,KITCHEN,Stone & Beam,Acero inoxidable,"Stone & Beam Juego de utensilios de cocina de acero inoxidable de tres capas, ollas y sartenes, 12 piezas (renovado), Acero inoxidable, 1.5-Quart, 3-Quart, 8"", 10"", 8-Quart, 1",B07WLZVX45.jpg,"a photo of a Stone & Beam Juego de utensilios de cocina de acero inoxidable de tres capas, ollas y sartenes, 12 piezas (renovado), Acero inoxidable, 1.5-Quart, 3-Quart, 8"", 10"", 8-Quart, 1",1,4,1882_img|325_img|4271_img|4390_img|1766_img|5350_img|5356_img|54_img|175_img|2572_img|1677_img|3075_img|2872_img|3354_img|950_img|1277_img|4945_img|2655_img|440_img|4265_img
1774,CELLULAR_PHONE_CASE,Amazon Brand - Solimo,Silicone,Amazon Brand - Solimo Designer Red Roses UV Printed Soft Back Case Mobile Cover for Itel A46,B08549P5CM.jpg,a photo of a Amazon Brand - Solimo Designer Red Roses UV Printed Soft Back Case Mobile Cover for Itel A46,1,0,1774_img|4827_img|1609_img|4419_img|1640_img|2557_img|2595_img|2769_img|5339_img|590_img|178_img|2600_img|5446_img|5308_img|4069_img|227_img|2576_img|3301_img|5161_img|737_img
1781,FINERING,Amazon Collection,No aplica,"Amazon CollectionYellow Gold Plated Sterling Silver Pear-Shaped Blue and Swarovski Zirconia with Textured Finish Ring, Size 8",B0747YWXF4.jpg,"a photo of a Amazon CollectionYellow Gold Plated Sterling Silver Pear-Shaped Blue and Swarovski Zirconia with Textured Finish Ring, Size 8",1,0,1781_img|4819_img|4145_img|272_img|5336_img|3180_img|4670_img|2615_img|4223_img|3598_img|2419_img|2054_img|2368_img|4572_img|4395_img|4488_img|2136_img|2112_img|3960_img|1098_img
1783,HOME_FURNITURE_AND_DECOR,Amazon Brand - Solimo,Plastic,"Amazon Brand - Solimo 12-inch Wall Clock - White Heart (Silent Movement, Black Frame)",B08GKXPD1G.jpg,"a photo of a Amazon Brand - Solimo 12-inch Wall Clock - White Heart (Silent Movement, Black Frame)",1,0,1783_img|752_img|4300_img|79_img|4393_img|5180_img|4651_img|1917_img|5441_img|621_img|200_img|2224_img|4480_img|1047_img|5570_img|696_img|5538_img|2152_img|239_img|5480_img
1792,CHAIR,Rivet,Leather,"Amazon Brand - Rivet Rione Modern Leather Swivel Chair with Rounded Back, 30.3""W, Marseille Cognac",B0853N8T7M.jpg,"a photo of a Amazon Brand - Rivet Rione Modern Leather Swivel Chair with Rounded Back, 30.3""W, Marseille Cognac",1,0,1792_img|4453_img|4253_img|1698_img|1486_img|1121_img|5366_img|1732_img|4298_img|2515_img|3910_img|1224_img|190_img|5258_img|3825_img|940_img|153_img|866_img|1204_img|3224_img
1800,HOME,Pinzon by Amazon,Cotone,Pinzon Hotel Stitch - Tenda da Doccia,B07QDZ3XRW.jpg,a photo of a Pinzon Hotel Stitch - Tenda da Doccia,1,6,1568_img|225_img|5411_img|4420_img|2152_img|1765_img|1800_img|4039_img|2672_img|2737_img|3266_img|2284_img|1928_img|4199_img|4961_img|5390_img|4993_img|1764_img|924_img|1663_img
1804,RUG,Stone & Beam,stone,"Amazon Brand - Stone & Beam Vinton Persian Area Rug, 5' x 7' 6"", Teal Multi",B075ZB5BNJ.jpg,"a photo of a Amazon Brand - Stone & Beam Vinton Persian Area Rug, 5' x 7' 6"", Teal Multi",1,1,855_img|1804_img|3526_img|3965_img|1734_img|5400_img|872_img|3199_img|2576_img|4430_img|258_img|4555_img|2598_img|1554_img|5406_img|870_img|2031_img|677_img|2984_img|3593_img
1814,HOME_FURNITURE_AND_DECOR,Stone & Beam,wool,"Amazon Brand - Stone & Beam Contemporary Interlocking Rings Wool Area Rug, 7' 6"" x 9' 6"", Navy",B071J4VX6D.jpg,"a photo of a Amazon Brand - Stone & Beam Contemporary Interlocking Rings Wool Area Rug, 7' 6"" x 9' 6"", Navy",1,0,1814_img|2159_img|5400_img|4702_img|2619_img|4095_img|5406_img|2031_img|5455_img|317_img|4311_img|1919_img|1499_img|2959_img|3885_img|3593_img|930_img|2596_img|2147_img|2063_img
1821,HOME_FURNITURE_AND_DECOR,UMI,Acrylic,UMI. Essentials C-shaped 12mm Thick Acrylic Sofa Side Slide End Table 58x35x31.8cm,B07GSQH5NM.jpg,a photo of a UMI. Essentials C-shaped 12mm Thick Acrylic Sofa Side Slide End Table 58x35x31.8cm,0,-1,2810_img|3288_img|2808_img|1614_img|3083_img|1389_img|1605_img|2531_img|993_img|230_img|5152_img|475_img|251_img|300_img|5192_img|2281_img|1047_img|532_img|5480_img|192_img
1828,SOFA,Stone & Beam,Wood,"Amazon Brand - Stone & Beam Bagley Sectional Component, Right-Facing Sofa, Fabric, 75""W, Linen",B07HZ72L2H.jpg,"a photo of a Amazon Brand - Stone & Beam Bagley Sectional Component, Right-Facing Sofa, Fabric, 75""W, Linen",1,0,1828_img|2034_img|1701_img|514_img|3504_img|5555_img|4916_img|5505_img|1064_img|5185_img|2956_img|5322_img|4166_img|710_img|2530_img|5408_img|4298_img|5560_img|3906_img|5443_img
1829,SHOES,Amazon Brand - Symbol,Synthetic,Amazon Brand - Symbol Men's Brown/ Navy PU Formal Shoes - 7 UK (AZ-SY-428),B07WJ71B2V.jpg,a photo of a Amazon Brand - Symbol Men's Brown/ Navy PU Formal Shoes - 7 UK (AZ-SY-428),1,0,1829_img|3505_img|5410_img|2754_img|443_img|4632_img|5231_img|3220_img|1119_img|2620_img|4218_img|4038_img|5336_img|3461_img|1483_img|2721_img|1781_img|3180_img|2260_img|1493_img
1833,WALL_ART,Rivet,Wood,"Amazon Brand - Rivet Watercolor Green Leaf Print Wall Art in a Black Wood Frame, 30"" x 30""",B073P5YXB9.jpg,"a photo of a Amazon Brand - Rivet Watercolor Green Leaf Print Wall Art in a Black Wood Frame, 30"" x 30""",1,0,1833_img|578_img|2472_img|1231_img|4403_img|643_img|3222_img|5382_img|4621_img|4283_img|1580_img|592_img|4001_img|533_img|1507_img|764_img|4699_img|2453_img|242_img|3626_img
1838,RUG,Stone & Beam,stone,"Amazon Brand - Stone & Beam Los Altos Striped Dhurrie Farmhouse Area Rug, 8' x 10' 6"", Orange and Ivory",B075ZBQ1YD.jpg,"a photo of a Amazon Brand - Stone & Beam Los Altos Striped Dhurrie Farmhouse Area Rug, 8' x 10' 6"", Orange and Ivory",1,0,1838_img|261_img|1529_img|2075_img|3830_img|1004_img|3965_img|1361_img|2412_img|5281_img|2565_img|855_img|761_img|5362_img|5349_img|872_img|2984_img|5185_img|3734_img|5015_img
1844,CELLULAR_PHONE_CASE,Amazon Brand - Solimo,Canvas,Amazon Brand - Solimo Designer Boxs Texture 3D Printed Hard Back Case Mobile Cover for Micromax Canvas Pace 4G Q416,B07TG3Y1XY.jpg,a photo of a Amazon Brand - Solimo Designer Boxs Texture 3D Printed Hard Back Case Mobile Cover for Micromax Canvas Pace 4G Q416,1,0,1844_img|4634_img|5230_img|4013_img|1468_img|1512_img|3189_img|5561_img|274_img|2671_img|2535_img|4441_img|710_img|1370_img|4263_img|3165_img|3964_img|1010_img|2144_img|5046_img
1848,FINEEARRING,Amazon Collection,metal,Sterling Silver 2x50 Starburst Diamond-Cut Click Top Hoop Earrings,B0093UQWBY.jpg,a photo of a Sterling Silver 2x50 Starburst Diamond-Cut Click Top Hoop Earrings,1,0,1848_img|2583_img|2325_img|5196_img|3853_img|1097_img|2041_img|3915_img|4642_img|1557_img|1073_img|1400_img|259_img|5521_img|1543_img|4346_img|895_img|4924_img|1660_img|1930_img
1856,TABLE,Movian,Legno,"Marchio Amazon - Movian Taro - Tavolino da caffe, 89 x 89 x 30.5 cm (L x P x A), colore nero e pietra",B07S5FRK4S.jpg,"a photo of a Marchio Amazon - Movian Taro - Tavolino da caffe, 89 x 89 x 30.5 cm (L x P x A), colore nero e pietra",1,5,532_img|5313_img|5049_img|1573_img|4837_img|1856_img|2526_img|169_img|1342_img|5321_img|2810_img|1720_img|1074_img|4275_img|648_img|1639_img|2404_img|5375_img|5399_img|4200_img
1868,FINERING,Amazon Collection,metal,"Platinum-Plated Sterling Silver All-Around Band Ring set with Round Swarovski Zirconia (1/2 cttw), Size 8",B01JIWRUSA.jpg,"a photo of a Platinum-Plated Sterling Silver All-Around Band Ring set with Round Swarovski Zirconia (1/2 cttw), Size 8",1,1,4710_img|1868_img|5132_img|2142_img|3127_img|259_img|5521_img|853_img|5059_img|2957_img|5418_img|1073_img|1400_img|1551_img|1621_img|435_img|1232_img|2009_img|3915_img|4364_img
1874,SOFA,Ravenna Home,Steel,"Amazon Brand - Ravenna Home Archer Steel-Framed Outdoor Patio Plush 3-Seater Sofa with Removable, Water-Resistant Cushions, 68.5""W, Gray",B082VGM164.jpg,"a photo of a Amazon Brand - Ravenna Home Archer Steel-Framed Outdoor Patio Plush 3-Seater Sofa with Removable, Water-Resistant Cushions, 68.5""W, Gray",0,-1,2333_img|618_img|4432_img|2530_img|1563_img|4768_img|294_img|1410_img|5495_img|5483_img|4956_img|494_img|4830_img|2733_img|5226_img|2142_img|1212_img|1701_img|4067_img|4866_img
1882,KITCHEN,Stone & Beam,Stainless Steel,"Stone & Beam Tri-Ply Stainless Steel Stockpot, 12-Quart (Renewed)",B07ZPKCTVL.jpg,"a photo of a Stone & Beam Tri-Ply Stainless Steel Stockpot, 12-Quart (Renewed)",1,0,1882_img|325_img|4271_img|4265_img|1766_img|5071_img|4390_img|3949_img|871_img|175_img|1620_img|5437_img|2872_img|5350_img|54_img|1277_img|381_img|429_img|1644_img|2510_img
1887,HOME_BED_AND_BATH,AmazonBasics,Fabric,"AmazonBasics Grey Sheer Curtain, Set of 2 - 152 x 213 cm",B015RIGT4U.jpg,"a photo of a AmazonBasics Grey Sheer Curtain, Set of 2 - 152 x 213 cm",1,8,2835_img|799_img|5200_img|4474_img|4482_img|1800_img|162_img|5352_img|1887_img|1342_img|2662_img|744_img|4588_img|5306_img|1992_img|2478_img|1639_img|4924_img|4409_img|4667_img
1903,WALL_ART,Rivet,canvas,"Amazon Brand - Rivet Turquoise Blue Mandala Canvas Print, 24"" x 24""",B073P1BJDK.jpg,"a photo of a Amazon Brand - Rivet Turquoise Blue Mandala Canvas Print, 24"" x 24""",1,0,1903_img|188_img|4983_img|5503_img|5406_img|1263_img|930_img|821_img|2741_img|4884_img|1804_img|3180_img|3696_img|1098_img|4488_img|5413_img|2609_img|855_img|1781_img|5400_img
1905,FINENECKLACEBRACELETANKLET,Amazon Collection,Fine-other-material,"ellie byrd 10k Gold Two Tone Initial ""M"" Disc Necklace, 18""",B01LWM95ZD.jpg,"a photo of a ellie byrd 10k Gold Two Tone Initial ""M"" Disc Necklace, 18""",1,4,1589_img|4979_img|4193_img|4658_img|1905_img|1564_img|2466_img|1603_img|2550_img|4382_img|3307_img|1628_img|839_img|635_img|2529_img|765_img|2555_img|2439_img|4470_img|133_img
1913,CELLULAR_PHONE_CASE,Amazon Brand - Solimo,Silicone,Amazon Brand - Solimo Designer Head Phone UV Printed Soft Back Case Mobile Cover for iKall K200,B0854L7MD8.jpg,a photo of a Amazon Brand - Solimo Designer Head Phone UV Printed Soft Back Case Mobile Cover for iKall K200,1,0,1913_img|5025_img|3607_img|1116_img|4537_img|609_img|546_img|1101_img|910_img|2410_img|5461_img|798_img|4334_img|1620_img|5519_img|616_img|390_img|1010_img|2377_img|4668_img
1915,SOFA,Rivet,Wood,"Amazon Brand - Rivet Andrews Contemporary Sofa with Removable Cushions, 82""W, Dark Grey",B07P8STHZG.jpg,"a photo of a Amazon Brand - Rivet Andrews Contemporary Sofa with Removable Cushions, 82""W, Dark Grey",1,7,4866_img|5383_img|1156_img|2526_img|4200_img|2404_img|4830_img|1915_img|5483_img|201_img|294_img|2333_img|4955_img|5321_img|1563_img|169_img|618_img|2733_img|4768_img|5495_img
1917,HOME_FURNITURE_AND_DECOR,Amazon Brand - Solimo,Plastic,"Amazon Brand - Solimo 12-inch Wall Clock - Wolf (Silent Movement, Black Frame)",B08GKZHH4L.jpg,"a photo of a Amazon Brand - Solimo 12-inch Wall Clock - Wolf (Silent Movement, Black Frame)",1,2,4651_img|2224_img|1917_img|752_img|1783_img|4300_img|5441_img|4393_img|200_img|5180_img|79_img|621_img|4480_img|203_img|3236_img|2441_img|754_img|5078_img|2934_img|4364_img
1919,RUG,Rivet,Polyester,"Amazon Brand - Rivet Geometric Color Blocking Rug, 5' x 8', Blue",B071ZJ3X28.jpg,"a photo of a Amazon Brand - Rivet Geometric Color Blocking Rug, 5' x 8', Blue",1,1,2318_img|1919_img|2596_img|2619_img|3660_img|4308_img|4572_img|188_img|5253_img|930_img|5015_img|1539_img|3013_img|2159_img|5406_img|4702_img|1814_img|1702_img|1034_img|1263_img
1928,HOME_BED_AND_BATH,AmazonBasics,100% Polyester,"AmazonBasics Light-Weight Microfiber Pillowcases - 2-Pack, Standard, Burgundy",B07B4YQFGQ.jpg,"a photo of a AmazonBasics Light-Weight Microfiber Pillowcases - 2-Pack, Standard, Burgundy",1,0,1928_img|2812_img|3301_img|2700_img|227_img|178_img|5161_img|2798_img|638_img|2354_img|4420_img|744_img|328_img|1232_img|2009_img|1444_img|4762_img|4419_img|737_img|731_img
1930,FINEEARRING,Amazon Collection,metal,10k White Gold Swiss-Blue-Topaz and Diamond Accent Heart Drop Earrings,B00L7PIU6I.jpg,a photo of a 10k White Gold Swiss-Blue-Topaz and Diamond Accent Heart Drop Earrings,1,0,1930_img|1946_img|2446_img|5353_img|302_img|1158_img|4573_img|4169_img|1660_img|4572_img|1453_img|2041_img|4924_img|1734_img|895_img|638_img|2368_img|5519_img|560_img|3041_img
1934,FINENECKLACEBRACELETANKLET,Amazon Collection,Metal,"Plata de ley y oro amarillo de 14 K Piedra Natal Collar con Colgante, 45,7 cm",B005GT0FSW.jpg,"a photo of a Plata de ley y oro amarillo de 14 K Piedra Natal Collar con Colgante, 45,7 cm",1,5,1603_img|4382_img|765_img|1589_img|133_img|1934_img|2550_img|2466_img|4979_img|1628_img|1999_img|3260_img|1564_img|3046_img|502_img|839_img|2555_img|2634_img|566_img|3307_img
1936,TABLE,Stone & Beam,Stone,"Amazon Brand - Stone & Beam Modern Farmhouse Solid Wood Nightstand with 2 Drawers, 25.5""W, Charcoal Gray",B084MXFXJ2.jpg,"a photo of a Amazon Brand - Stone & Beam Modern Farmhouse Solid Wood Nightstand with 2 Drawers, 25.5""W, Charcoal Gray",1,0,1936_img|1277_img|2796_img|230_img|5424_img|5545_img|4390_img|420_img|298_img|5350_img|1030_img|3937_img|3175_img|4100_img|1406_img|1430_img|1479_img|4765_img|2526_img|1074_img
1937,HOME_FURNITURE_AND_DECOR,Movian,Madera,Movian Side Board,B07V9RLNXM.jpg,a photo of a Movian Side Board,1,3,5205_img|1030_img|4173_img|1937_img|555_img|2810_img|2571_img|1573_img|1821_img|3893_img|5253_img|1437_img|1430_img|2842_img|532_img|828_img|3083_img|1578_img|3013_img|4275_img
1944,FINENECKLACEBRACELETANKLET,Amazon Collection,metal,"Amazon CollectionCadena fina de plata de ley de 0,6 mm 50.8 cm",B013UXGBDS.jpg,"a photo of a Amazon CollectionCadena fina de plata de ley de 0,6 mm 50.8 cm",0,-1,1532_img|2377_img|5434_img|2741_img|4101_img|4169_img|2043_img|2634_img|4878_img|4282_img|4728_img|5562_img|3059_img|800_img|5494_img|2797_img|5241_img|4470_img|985_img|2835_img
1946,FINEEARRING,Amazon Collection,METALLO,"Orecchini pendenti a forma di cuore in argento Sterling con zirconi Swarovski, stile vintage,Scarpette a strappo Voltaic 3 Velcro Fade - Bambini,No Size",B01IQU0B9K.jpg,"a photo of a Orecchini pendenti a forma di cuore in argento Sterling con zirconi Swarovski, stile vintage,Scarpette a strappo Voltaic 3 Velcro Fade - Bambini,No Size",1,5,5353_img|2446_img|5229_img|1117_img|4268_img|1946_img|2354_img|1106_img|1699_img|5388_img|60_img|3994_img|590_img|2368_img|1930_img|2973_img|502_img|5339_img|5378_img|895_img
1949,WALL_ART,Rivet,Cotton,"Amazon Brand - Rivet Wooden Door to an Old City Photo Print with Oak Hanger, 30"" x 40""",B073P6BGCS.jpg,"a photo of a Amazon Brand - Rivet Wooden Door to an Old City Photo Print with Oak Hanger, 30"" x 40""",1,0,1949_img|5126_img|4409_img|4344_img|197_img|3877_img|4541_img|162_img|4588_img|3175_img|659_img|2501_img|2696_img|3165_img|592_img|3187_img|555_img|5306_img|1277_img|3223_img
1957,FINERING,Amazon Collection,metal,"10k White Gold Diamond Heart Ring (0.03 cttw, I-J Color, I2-I3 Clarity), Size 9",B000XECJK2.jpg,"a photo of a 10k White Gold Diamond Heart Ring (0.03 cttw, I-J Color, I2-I3 Clarity), Size 9",1,0,1957_img|1699_img|2368_img|728_img|576_img|5388_img|3127_img|1106_img|1667_img|1117_img|5132_img|1868_img|5229_img|2564_img|2527_img|2578_img|3095_img|5540_img|4710_img|1557_img
1964,CHAIR,Ravenna Home,Cotton/polyester blend; Wooden frame and legs,"Amazon Brand - Ravenna Home Belgrove Modern Wood Spindle Frame Accent Chair, 26.37""W, Slate",B07DBDT68Y.jpg,"a photo of a Amazon Brand - Ravenna Home Belgrove Modern Wood Spindle Frame Accent Chair, 26.37""W, Slate",1,0,1964_img|5356_img|4206_img|2103_img|495_img|1677_img|141_img|298_img|3354_img|4980_img|5390_img|2737_img|4916_img|5555_img|1389_img|190_img|3288_img|2808_img|2416_img|1511_img
1967,HOME_BED_AND_BATH,Pinzon by Amazon,Polyester,"Pinzon by Amazon Microfibre Flat Sheet, Single - Sage Green",B00M92JEEU.jpg,"a photo of a Pinzon by Amazon Microfibre Flat Sheet, Single - Sage Green",1,0,1967_img|1764_img|5462_img|2143_img|1610_img|1568_img|4151_img|5454_img|1406_img|540_img|5148_img|5427_img|2704_img|5283_img|5411_img|1538_img|225_img|3907_img|2526_img|4762_img
1980,KITCHEN,Amazon Brand - Solimo,Aluminium,Amazon Brand - Solimo Non Stick Mini Grill Pan,B07P6R7BD9.jpg,a photo of a Amazon Brand - Solimo Non Stick Mini Grill Pan,1,0,1980_img|2587_img|1645_img|1226_img|2883_img|1706_img|5266_img|4725_img|5071_img|3949_img|4958_img|704_img|898_img|4100_img|1546_img|321_img|2028_img|3102_img|5278_img|1050_img
1992,HOME,UMI,Tela,UMI by Amazon Tende Oscuranti Termiche Isolanti per Interni con Occhielli 117x183cm Biege 2 Pezzi,B07HSSHGR3.jpg,a photo of a UMI by Amazon Tende Oscuranti Termiche Isolanti per Interni con Occhielli 117x183cm Biege 2 Pezzi,0,-1,799_img|5200_img|1342_img|1639_img|744_img|4588_img|4667_img|4482_img|2700_img|320_img|5352_img|3301_img|5306_img|4212_img|4782_img|2812_img|2478_img|1015_img|743_img|4344_img
1999,FINENECKLACEBRACELETANKLET,Amazon Collection,Metal,"18k Yellow Gold Plated Sterling Silver Genuine Sky Blue Topaz and Diamond Accent Filigree Mandala Pendant Necklace, 18""",B00MCK2UHM.jpg,"a photo of a 18k Yellow Gold Plated Sterling Silver Genuine Sky Blue Topaz and Diamond Accent Filigree Mandala Pendant Necklace, 18""",1,0,1999_img|133_img|3046_img|985_img|1532_img|2634_img|2741_img|1903_img|4572_img|3994_img|2043_img|4878_img|3249_img|5499_img|1934_img|1459_img|4728_img|5400_img|3180_img|930_img
2001,TABLE,Alkove,Wild oak and metal,"Amazon Brand - Alkove Hayes Solid Wood 2-Drawer Coffee Table with additional Storage Compartments, 85 x 85 x 44cm, Wild Oak/Metal Base",B07SMJYPZ2.jpg,"a photo of a Amazon Brand - Alkove Hayes Solid Wood 2-Drawer Coffee Table with additional Storage Compartments, 85 x 85 x 44cm, Wild Oak/Metal Base",1,0,2001_img|4279_img|4602_img|5401_img|1074_img|2796_img|4907_img|2281_img|5014_img|5545_img|2653_img|630_img|3937_img|3175_img|1064_img|4275_img|2144_img|3856_img|1406_img|1653_img
2006,FINEEARRING,Amazon Collection,Metal,"(white-gold, 0.13 carats) - 10k White Gold Princess Diamond Stud Earrings (J-K Colour, I2-I3 Clarity)",B004RE84OE.jpg,"a photo of a (white-gold, 0.13 carats) - 10k White Gold Princess Diamond Stud Earrings (J-K Colour, I2-I3 Clarity)",1,0,2006_img|5292_img|2973_img|536_img|1660_img|2519_img|4315_img|248_img|787_img|4945_img|631_img|3919_img|2354_img|3095_img|1432_img|5452_img|711_img|5206_img|5450_img|5498_img
2009,FINERING,Amazon Collection,Nicht zutreffend,"Ring Sterling-Silber platiniert echter Edelstein rundum mit Swarovski-Zirkonia-Akzenten,Erstellt Rubin",B0747YQDBW.jpg,"a photo of a Ring Sterling-Silber platiniert echter Edelstein rundum mit Swarovski-Zirkonia-Akzenten,Erstellt Rubin",0,-1,3180_img|853_img|5336_img|1098_img|2136_img|3127_img|1756_img|4243_img|2433_img|396_img|949_img|4395_img|4364_img|2054_img|1868_img|2368_img|1781_img|1621_img|2615_img|4223_img
2010,CELLULAR_PHONE_CASE,Amazon Brand - Solimo,Plastic,Amazon Brand - Solimo Designer Stone Butterfly 3D Printed Hard Back Case Mobile Cover for Realme C3,B0853WWMTG.jpg,a photo of a Amazon Brand - Solimo Designer Stone Butterfly 3D Printed Hard Back Case Mobile Cover for Realme C3,0,-1,4025_img|235_img|764_img|4792_img|5446_img|2454_img|3095_img|4584_img|1512_img|1640_img|2403_img|248_img|5262_img|734_img|5292_img|2973_img|4945_img|4404_img|4537_img|1399_img
2012,SOFA,Rivet,Polyester,"Amazon Brand - Rivet Cove Modern Tufted Loveseat with Tapered Legs, Mid-Century, 56""W, Denim",B07PC1FXK4.jpg,"a photo of a Amazon Brand - Rivet Cove Modern Tufted Loveseat with Tapered Legs, Mid-Century, 56""W, Denim",1,2,2284_img|3244_img|2012_img|141_img|688_img|1493_img|3060_img|3976_img|2797_img|3230_img|140_img|687_img|3738_img|3224_img|4200_img|5133_img|5241_img|2355_img|950_img|2183_img
2021,KITCHEN,Amazon Brand - Solimo,Plastic,"Amazon Brand - Solimo Oil Pourer (700ml), Blue",B07FY8MBGG.jpg,"a photo of a Amazon Brand - Solimo Oil Pourer (700ml), Blue",1,0,2021_img|4187_img|3487_img|600_img|1527_img|1620_img|1272_img|1539_img|4872_img|4265_img|5253_img|871_img|381_img|1694_img|1690_img|3660_img|1652_img|4488_img|3949_img|4993_img
2026,WALL_ART,Rivet,Wood,"Amazon Brand - Rivet 9-Piece Floral Red and Green Art Print Mural on Wood, 48"" x 48""",B073P5XJLH.jpg,"a photo of a Amazon Brand - Rivet 9-Piece Floral Red and Green Art Print Mural on Wood, 48"" x 48""",1,0,2026_img|4884_img|4069_img|2595_img|5425_img|2769_img|590_img|1609_img|1774_img|4827_img|3240_img|4621_img|5330_img|5347_img|1352_img|821_img|1110_img|3526_img|5382_img|2842_img
2028,KITCHEN,AmazonBasics,Unknown Material,"AmazonBasics 17-Piece Tools and Gadget Set, Soft Grip Handle, Grey and Green",B07W35GP59.jpg,"a photo of a AmazonBasics 17-Piece Tools and Gadget Set, Soft Grip Handle, Grey and Green",1,1,5266_img|2028_img|4001_img|4555_img|1219_img|1580_img|1507_img|3626_img|4283_img|294_img|4793_img|1641_img|3477_img|791_img|5011_img|2681_img|2834_img|4699_img|4800_img|2551_img
2029,CELLULAR_PHONE_CASE,Amazon Brand - Solimo,Silicon,Amazon Brand - Solimo Designer Panda Pattern UV Printed Soft Back Case Mobile Cover for Infinix Hot 8,B0854D553R.jpg,a photo of a Amazon Brand - Solimo Designer Panda Pattern UV Printed Soft Back Case Mobile Cover for Infinix Hot 8,1,0,2029_img|4334_img|390_img|1399_img|1688_img|5091_img|5221_img|2600_img|203_img|754_img|3236_img|734_img|5472_img|2509_img|2557_img|1116_img|4782_img|1640_img|2441_img|5339_img
2031,RUG,Stone & Beam,stone,"Stone & Beam Rug, 3'11"" x 5'11"", Blue, Navy, Multicolor",B07HSDXLX2.jpg,"a photo of a Stone & Beam Rug, 3'11"" x 5'11"", Blue, Navy, Multicolor",1,0,2031_img|5400_img|4702_img|1734_img|855_img|1702_img|1804_img|1539_img|930_img|1814_img|2159_img|3965_img|2959_img|827_img|4430_img|1284_img|3593_img|4933_img|1554_img|1652_img
2034,SOFA,Stone & Beam,Wood,"Amazon Brand - Stone & Beam Bagley Sectional Component, Right-Facing Corner Sofa, Fabric, 90""W, Dove",B07HZ58T4K.jpg,"a photo of a Amazon Brand - Stone & Beam Bagley Sectional Component, Right-Facing Corner Sofa, Fabric, 90""W, Dove",1,0,2034_img|1828_img|1701_img|514_img|4916_img|3504_img|5555_img|5185_img|2530_img|4166_img|4432_img|5226_img|1064_img|5322_img|5560_img|2890_img|5408_img|4206_img|2565_img|2859_img
2035,WALL_ART,Rivet,canvas,"Amazon Brand - Rivet Gold American Flag by The Sea on Canvas Wall Art, 45"" x 30""",B073P1HR7V.jpg,"a photo of a Amazon Brand - Rivet Gold American Flag by The Sea on Canvas Wall Art, 45"" x 30""",1,0,2035_img|3946_img|962_img|4302_img|246_img|545_img|2683_img|4151_img|952_img|1506_img|873_img|2211_img|204_img|3307_img|4541_img|1696_img|1359_img|3240_img|687_img|252_img
2038,HOME,Eono,Madera,Eono by Amazon - Marco de Fotos de Madera Maciza para Pared Fotos de 13x18 cm con paspartu y de 30x30 cm sin paspartu Marron,B07X8LZ47K.jpg,a photo of a Eono by Amazon - Marco de Fotos de Madera Maciza para Pared Fotos de 13x18 cm con paspartu y de 30x30 cm sin paspartu Marron,1,0,2038_img|4344_img|180_img|592_img|940_img|743_img|4696_img|2812_img|4212_img|1074_img|625_img|4588_img|251_img|3856_img|1110_img|3977_img|256_img|1224_img|540_img|5148_img
2040,SHOES,find.,Suede,"Amazon Brand - find. Men's Suede Driver, (Dark Brown), US 12",B077FV9RRZ.jpg,"a photo of a Amazon Brand - find. Men's Suede Driver, (Dark Brown), US 12",1,8,1224_img|4588_img|4212_img|5306_img|3910_img|2642_img|256_img|3856_img|2040_img|2812_img|2754_img|4696_img|5195_img|1619_img|940_img|748_img|2443_img|540_img|5148_img|5427_img
2041,FINEEARRING,Amazon Collection,Autre materiau fin.,"Boucles d'oreilles creoles torsadees en argent sterling rhodie et cristal Swarovski blanc,Aurore boreale/blanc,One Size",B071KCJCS5.jpg,"a photo of a Boucles d'oreilles creoles torsadees en argent sterling rhodie et cristal Swarovski blanc,Aurore boreale/blanc,One Size",1,3,895_img|4463_img|3059_img|2041_img|997_img|4792_img|292_img|5041_img|2446_img|2463_img|5519_img|1946_img|800_img|3476_img|1378_img|60_img|590_img|2354_img|2377_img|5353_img
2043,FINENECKLACEBRACELETANKLET,Amazon Collection,Metal,"Sterling Silver Turtle Pendant Necklace, 18""",B014T171J8.jpg,"a photo of a Sterling Silver Turtle Pendant Necklace, 18""",1,1,5499_img|2043_img|3994_img|4050_img|4268_img|2454_img|1459_img|5378_img|3046_img|5078_img|1934_img|700_img|3626_img|5494_img|2572_img|5174_img|2529_img|5562_img|5434_img|2439_img
2054,FINERING,Amazon Collection,Not Applicable,"10k Gold Swarovski Crystal January Birthstone Ring, Size 7",B079JY1JL8.jpg,"a photo of a 10k Gold Swarovski Crystal January Birthstone Ring, Size 7",1,1,4395_img|2054_img|2419_img|3598_img|4819_img|1781_img|2615_img|4223_img|3180_img|4145_img|4670_img|2136_img|396_img|5336_img|4829_img|739_img|5418_img|272_img|3843_img|2554_img
2063,RUG,Stone & Beam,wool,"Amazon Brand - Stone & Beam Contemporary Floral Medallion Wool Area Rug, 5' x 8', Rust on Ivory",B07QFB3X2T.jpg,"a photo of a Amazon Brand - Stone & Beam Contemporary Floral Medallion Wool Area Rug, 5' x 8', Rust on Ivory",1,0,2063_img|4319_img|5322_img|5164_img|4430_img|2600_img|4549_img|211_img|3251_img|258_img|2598_img|2576_img|4933_img|1122_img|2686_img|239_img|2557_img|1640_img|1284_img|2984_img
2075,RUG,Stone & Beam,cotton,"Amazon Brand - Stone & Beam Casual Geometric Southwestern Flatweave Cotton Area Rug, 4' x 6', Red, Orange, Ivory",B07B4SDXDL.jpg,"a photo of a Amazon Brand - Stone & Beam Casual Geometric Southwestern Flatweave Cotton Area Rug, 4' x 6', Red, Orange, Ivory",1,0,2075_img|1050_img|2412_img|1838_img|3830_img|1529_img|5015_img|873_img|2211_img|855_img|38_img|872_img|2798_img|3526_img|4441_img|3240_img|1004_img|2737_img|2147_img|197_img
2077,HOME,Amazon Brand - Solimo,Fabric,"Amazon Brand - Solimo Printed Fabric Shirt Stacker Organiser, Set of 1, Black",B07YGCCY4Y.jpg,"a photo of a Amazon Brand - Solimo Printed Fabric Shirt Stacker Organiser, Set of 1, Black",1,2,860_img|5375_img|2077_img|532_img|4100_img|5092_img|1369_img|3979_img|2758_img|3220_img|1639_img|2605_img|1693_img|5014_img|385_img|1527_img|898_img|4081_img|51_img|3856_img
2081,TABLE,AmazonCommercial,plastic,"AmazonCommercial 6ft Folding Table, Half-Folded, White Granite",B07Y5Y1262.jpg,"a photo of a AmazonCommercial 6ft Folding Table, Half-Folded, White Granite",0,-1,2152_img|2655_img|2147_img|3893_img|751_img|4522_img|300_img|298_img|1821_img|2810_img|4206_img|27_img|477_img|5192_img|2578_img|1613_img|3287_img|1430_img|2737_img|5555_img
2094,HOME_BED_AND_BATH,Pinzon by Amazon,100% cotton,"Pinzon Ultrasoft 180TC Fitted Sheets, Green 140 x 200 x 20 cm",B00MGSGC0Q.jpg,"a photo of a Pinzon Ultrasoft 180TC Fitted Sheets, Green 140 x 200 x 20 cm",1,1,755_img|2094_img|4341_img|5355_img|319_img|3883_img|5417_img|231_img|2756_img|3341_img|4699_img|4001_img|2112_img|4555_img|3626_img|5219_img|791_img|3942_img|2672_img|3914_img
2103,CHAIR,Stone & Beam,stone,"Amazon Brand - Stone & Beam Canfield Modern Reclining Tufted Arm Chair, 30.3""W, Light Grey",B07B4G5R5H.jpg,"a photo of a Amazon Brand - Stone & Beam Canfield Modern Reclining Tufted Arm Chair, 30.3""W, Light Grey",1,11,4206_img|5252_img|5390_img|688_img|2797_img|5356_img|5555_img|1677_img|950_img|3354_img|5241_img|2103_img|5538_img|2737_img|2333_img|495_img|141_img|1732_img|4916_img|2296_img
2105,SHOES,Amazon Brand - Symbol,Polyester,Amazon Brand - Symbol Men's White Sneakers-10 UK/India (44 EU)(AZ-YS-203 A),B07BDZ55G4.jpg,a photo of a Amazon Brand - Symbol Men's White Sneakers-10 UK/India (44 EU)(AZ-YS-203 A),1,3,1417_img|4359_img|343_img|2105_img|4890_img|675_img|2816_img|4565_img|1548_img|1397_img|5480_img|1437_img|655_img|681_img|737_img|5538_img|2347_img|1483_img|724_img|5463_img
2112,HOME_BED_AND_BATH,Pinzon by Amazon,Cotone,"Pinzon by Amazon 'Everyday' Spannbetttuch, Baumwolle, 200 x 200 x 20 cm - Blau",B00MGSF6F8.jpg,"a photo of a Pinzon by Amazon 'Everyday' Spannbetttuch, Baumwolle, 200 x 200 x 20 cm - Blau",1,0,2112_img|2672_img|3660_img|2756_img|3341_img|3855_img|5417_img|3041_img|319_img|924_img|1539_img|755_img|2094_img|4341_img|5355_img|1652_img|5219_img|4488_img|4993_img|1034_img
2117,TABLE,Stone & Beam,wood,"Amazon Brand - Stone & Beam Larson Industrial Wood & Metal Round Coffee Table, 33""D, Walnut",B075Z8KXDT.jpg,"a photo of a Amazon Brand - Stone & Beam Larson Industrial Wood & Metal Round Coffee Table, 33""D, Walnut",1,0,2117_img|5170_img|2774_img|192_img|1003_img|1720_img|993_img|3788_img|4836_img|4545_img|619_img|3825_img|36_img|4907_img|775_img|5053_img|5013_img|175_img|4222_img|2531_img
2126,CHAIR,AmazonBasics,Madera,"AmazonBasics - Sillon escolar apilable de 10 pulgadas, patas cromadas, azul, paquete de 6",B07HGZGG8T.jpg,"a photo of a AmazonBasics - Sillon escolar apilable de 10 pulgadas, patas cromadas, azul, paquete de 6",1,14,3960_img|1690_img|2575_img|924_img|3660_img|4178_img|3855_img|3041_img|5315_img|4840_img|1034_img|4308_img|153_img|1256_img|2126_img|940_img|4837_img|4572_img|2112_img|2540_img
2127,SHOES,Klepe,Fabric,Klepe Men's Navy Chunky/Platform Sneakers-7 UK (41 EU) (8 US) (KP732/NVY),B07WR3YP7C.jpg,a photo of a Klepe Men's Navy Chunky/Platform Sneakers-7 UK (41 EU) (8 US) (KP732/NVY),1,7,5220_img|724_img|335_img|4072_img|5314_img|5125_img|2260_img|2127_img|655_img|4565_img|1148_img|299_img|3217_img|4040_img|1693_img|4702_img|1631_img|5143_img|4185_img|4840_img
2136,FINERING,Amazon Collection,Metal,"Rose Gold Plated Sterling Silver Cushion Cut Champaign Cubic Zirconia 6mm Double Halo Ring, Size 9",B01F5MZRTQ.jpg,"a photo of a Rose Gold Plated Sterling Silver Cushion Cut Champaign Cubic Zirconia 6mm Double Halo Ring, Size 9",1,2,1495_img|5007_img|2136_img|2554_img|293_img|728_img|20_img|708_img|5443_img|576_img|253_img|275_img|4857_img|4642_img|543_img|4395_img|4145_img|2527_img|4696_img|3598_img
2142,FINERING,Amazon Collection,metal,"Amazon CollectionPlatinum-Plated Sterling Silver Swarovski Zirconia (3 cttw) All-Around Eternity Ring, Size 7",B00FXW7AOO.jpg,"a photo of a Amazon CollectionPlatinum-Plated Sterling Silver Swarovski Zirconia (3 cttw) All-Around Eternity Ring, Size 7",1,2,4710_img|1868_img|2142_img|259_img|5521_img|5132_img|3127_img|1400_img|1073_img|1551_img|2957_img|5059_img|1232_img|2009_img|853_img|1557_img|1621_img|949_img|5418_img|3915_img
2143,HOME,Pinzon by Amazon.com,Cotton,"Pinzon Hotel Banded Egyptian Cotton Sateen Standard Pillow Sham, Loden",B000R2ZYBQ.jpg,"a photo of a Pinzon Hotel Banded Egyptian Cotton Sateen Standard Pillow Sham, Loden",1,3,1568_img|225_img|5411_img|2143_img|189_img|4039_img|4420_img|4961_img|1765_img|1663_img|4199_img|3354_img|2152_img|5390_img|2355_img|4151_img|3906_img|5454_img|698_img|243_img
2144,KITCHEN,AmazonBasics,Bamboo,AmazonBasics 3-Piece Bamboo Cutting Board Set,B01FGT3PRO.jpg,a photo of a AmazonBasics 3-Piece Bamboo Cutting Board Set,1,0,2144_img|1064_img|3877_img|5185_img|898_img|2694_img|3979_img|3856_img|2696_img|180_img|2565_img|710_img|841_img|2591_img|3165_img|1546_img|5014_img|860_img|4297_img|4602_img
2147,RUG,Amazon Basics,Polypropylene,"Amazon Basics - 5'X8' Plush Diamond Trellis Shag Rug, Ivory",B07TVD3P5F.jpg,"a photo of a Amazon Basics - 5'X8' Plush Diamond Trellis Shag Rug, Ivory",1,0,2147_img|751_img|4609_img|4180_img|3893_img|1004_img|2398_img|2786_img|1821_img|2075_img|2159_img|4139_img|5164_img|477_img|2063_img|1369_img|5256_img|2737_img|3830_img|2152_img
2152,HOME,Pinzon by Amazon,Cotton,"Pinzon Reversible Square Matelasse King Sham, White/Silver",B00IAGZ696.jpg,"a photo of a Pinzon Reversible Square Matelasse King Sham, White/Silver",1,0,2152_img|5411_img|1765_img|1568_img|225_img|4039_img|2737_img|4961_img|4522_img|5570_img|751_img|1663_img|5390_img|688_img|5538_img|1487_img|1764_img|4965_img|477_img|1047_img
2159,RUG,Rivet,wool,"Amazon Brand - Rivet Wool Runner Rug, 2' 6"" x 8', Black, White",B07HSLYW92.jpg,"a photo of a Amazon Brand - Rivet Wool Runner Rug, 2' 6"" x 8', Black, White",1,7,2451_img|539_img|827_img|2081_img|791_img|2602_img|1322_img|2159_img|1691_img|5194_img|5164_img|5219_img|317_img|633_img|1015_img|3509_img|239_img|5370_img|5387_img|3915_img
2167,KITCHEN,Amazon Brand - Solimo,Plastic,"(Renewed) Amazon Brand - Solimo Plastic Storage Container Set, 300ml, Set of 3, Multicolour",B07Y2W6F66.jpg,"a photo of a (Renewed) Amazon Brand - Solimo Plastic Storage Container Set, 300ml, Set of 3, Multicolour",1,0,2167_img|5014_img|5532_img|3979_img|1694_img|4040_img|3723_img|5560_img|2842_img|3856_img|2605_img|834_img|2462_img|385_img|139_img|1644_img|1064_img|898_img|1110_img|860_img
2183,HOME_FURNITURE_AND_DECOR,Stone & Beam,stone,"Amazon Brand - Stone & Beam Marin Upholstered Ottoman, 29""W, Indigo",B075X4PT57.jpg,"a photo of a Amazon Brand - Stone & Beam Marin Upholstered Ottoman, 29""W, Indigo",1,0,2183_img|5304_img|5419_img|1406_img|2526_img|1493_img|2808_img|4840_img|2416_img|1605_img|3053_img|5451_img|4185_img|687_img|4178_img|2284_img|2531_img|3660_img|3738_img|4993_img
2211,HOME_FURNITURE_AND_DECOR,Pinzon by Amazon,wool,Pinzon 5 X 8 Hand-tufted Loft Wool Rug,B001DA0KVK.jpg,a photo of a Pinzon 5 X 8 Hand-tufted Loft Wool Rug,0,-1,4609_img|2147_img|2075_img|5015_img|2412_img|751_img|5133_img|2355_img|3885_img|4139_img|2737_img|3230_img|4980_img|677_img|4144_img|539_img|1814_img|4965_img|2284_img|4095_img
2224,HOME_FURNITURE_AND_DECOR,Amazon Brand - Solimo,Wood,"Amazon Brand - Solimo 11.25-inch Wooden Wall Clock (Silent Movement, Light Brown Frame)",B0744WPXRY.jpg,"a photo of a Amazon Brand - Solimo 11.25-inch Wooden Wall Clock (Silent Movement, Light Brown Frame)",1,0,2224_img|621_img|5441_img|4651_img|4393_img|4300_img|752_img|1783_img|1917_img|5180_img|3165_img|200_img|79_img|4480_img|5408_img|2956_img|2696_img|680_img|692_img|2001_img
2260,SHOES,Amazon Brand - Symactive,Fabric,Amazon Brand - Symactive Women's Navy Running Shoes-3 UK (36 EU) (6 US) (SYM-ET-016A),B07VDK17WX.jpg,a photo of a Amazon Brand - Symactive Women's Navy Running Shoes-3 UK (36 EU) (6 US) (SYM-ET-016A),1,1,98_img|2260_img|1148_img|4072_img|5143_img|5125_img|5430_img|2127_img|4389_img|5314_img|2631_img|3771_img|4504_img|5475_img|4861_img|1693_img|5457_img|543_img|4269_img|1999_img
2272,CHAIR,Strathwood by Amazon.com,Wood,Strathwood Basics Chaise Lounge Chair with Textilene Fabric,B004C046UO.jpg,a photo of a Strathwood Basics Chaise Lounge Chair with Textilene Fabric,1,3,4956_img|2713_img|4793_img|2272_img|3734_img|2874_img|2737_img|190_img|2565_img|2591_img|1212_img|2890_img|1690_img|3914_img|2540_img|686_img|1050_img|1964_img|2826_img|5555_img
2281,HOME_FURNITURE_AND_DECOR,Movian,Spanplatte,Movian Coffee Table,B07VDD5Z6P.jpg,a photo of a Movian Coffee Table,0,-1,633_img|4048_img|2874_img|3774_img|321_img|1856_img|2810_img|704_img|1325_img|3102_img|3874_img|3818_img|4602_img|5401_img|603_img|2826_img|1821_img|3630_img|572_img|4308_img
2284,CHAIR,Ravenna Home,Velvet,"Amazon Brand - Ravenna Home Westcott Curved Tufted Rolled Arm Accent Chair, 34""W, Blue",B07DBGXG5V.jpg,"a photo of a Amazon Brand - Ravenna Home Westcott Curved Tufted Rolled Arm Accent Chair, 34""W, Blue",1,0,2284_img|141_img|4980_img|5390_img|688_img|5133_img|140_img|1964_img|190_img|3976_img|5356_img|1732_img|2797_img|1493_img|3354_img|3230_img|495_img|2416_img|4819_img|3437_img
2295,SHOES,Klepe,Mesh,Klepe Men's Black Flyknit with Memory Foam Running Shoes-6 UK (40 EU) (7 US) (M133/BLK),B07X9RHPM8.jpg,a photo of a Klepe Men's Black Flyknit with Memory Foam Running Shoes-6 UK (40 EU) (7 US) (M133/BLK),1,0,2295_img|299_img|3217_img|4861_img|1693_img|1180_img|4389_img|3990_img|1631_img|5314_img|440_img|1580_img|3394_img|1583_img|987_img|5475_img|2260_img|2631_img|3771_img|643_img
2296,SOFA,Rivet,Wood,"Amazon Brand - Rivet Aiden Mid-Century Sofa with Tapered Wood Legs, 74""W, Light Grey",B07P5LNYDV.jpg,"a photo of a Amazon Brand - Rivet Aiden Mid-Century Sofa with Tapered Wood Legs, 74""W, Light Grey",1,0,2296_img|5383_img|1397_img|2347_img|782_img|4830_img|3244_img|3060_img|1937_img|4275_img|5070_img|5241_img|4545_img|4955_img|593_img|3224_img|5366_img|2404_img|4510_img|4200_img
2318,HOME_FURNITURE_AND_DECOR,Rivet,wool,"Amazon Brand - Rivet Modern Chevron Wool Area Rug, 4 x 6 Foot, Blue, Green, Ivory",B07B4Z8157.jpg,"a photo of a Amazon Brand - Rivet Modern Chevron Wool Area Rug, 4 x 6 Foot, Blue, Green, Ivory",1,0,2318_img|1919_img|2619_img|2596_img|4311_img|5464_img|317_img|791_img|38_img|5015_img|1691_img|5256_img|4095_img|1814_img|188_img|5406_img|1761_img|2159_img|4702_img|3526_img
2321,SOFA,Rivet,Leather,"Amazon Brand - Rivet Edgewest Modern Right-Facing Sofa Chaise Sectional, Leather, 115""W, Charcoal",B07BWJCPMV.jpg,"a photo of a Amazon Brand - Rivet Edgewest Modern Right-Facing Sofa Chaise Sectional, Leather, 115""W, Charcoal",1,0,2321_img|50_img|987_img|1188_img|1585_img|201_img|1874_img|5278_img|147_img|163_img|603_img|2826_img|1542_img|4048_img|1143_img|3815_img|3738_img|4200_img|294_img|169_img
2325,FINEEARRING,Amazon Collection,Metal,"Platinum-Plated Sterling Silver Swarovski Zirconia Round Hoop Earrings (2"" Diameter) (7 cttw)",B00FXW6O8M.jpg,"a photo of a Platinum-Plated Sterling Silver Swarovski Zirconia Round Hoop Earrings (2"" Diameter) (7 cttw)",1,2,2583_img|1848_img|2325_img|4642_img|1400_img|5196_img|259_img|5521_img|2041_img|292_img|4373_img|2142_img|1073_img|1543_img|895_img|4364_img|4710_img|3853_img|1097_img|5059_img
2333,HOME_FURNITURE_AND_DECOR,Stone & Beam,stone,Amazon Brand - Stone & Beam Marin Studded Seating Collection,B0792C48S8.jpg,a photo of a Amazon Brand - Stone & Beam Marin Studded Seating Collection,1,2,5304_img|5419_img|2333_img|1563_img|1212_img|618_img|2826_img|4956_img|1874_img|1410_img|4583_img|3504_img|294_img|2355_img|704_img|2183_img|4907_img|2526_img|1406_img|4866_img
2347,SOFA,Rivet,Wood,"Amazon Brand - Rivet Alvin Contemporary Sofa Couch, 81""W, Light Grey",B07J2Z2L2W.jpg,"a photo of a Amazon Brand - Rivet Alvin Contemporary Sofa Couch, 81""W, Light Grey",1,4,2296_img|4830_img|5383_img|1397_img|2347_img|494_img|2333_img|4955_img|4866_img|782_img|5483_img|2404_img|618_img|5226_img|4166_img|4275_img|3060_img|1937_img|5241_img|4432_img
2354,FINEEARRING,Amazon Collection,metal,"Boucles d'oreilles a tige en or blanc 10 carats avec pierre precieuse en forme de cur,Rouge",B00VV7QKQE.jpg,"a photo of a Boucles d'oreilles a tige en or blanc 10 carats avec pierre precieuse en forme de cur,Rouge",1,0,2354_img|638_img|5308_img|590_img|502_img|60_img|4463_img|2798_img|5353_img|895_img|4419_img|2432_img|227_img|5354_img|292_img|2973_img|737_img|1117_img|2446_img|1660_img
2355,HOME_FURNITURE_AND_DECOR,Stone & Beam,Solid Wood/Fabric,"Amazon Brand - Stone & Beam Leila Tufted Sofa, 88"" W, Sandstone",B075X4T472.jpg,"a photo of a Amazon Brand - Stone & Beam Leila Tufted Sofa, 88"" W, Sandstone",1,0,2355_img|5390_img|5226_img|5252_img|3354_img|3244_img|2347_img|5304_img|3976_img|3230_img|866_img|3224_img|772_img|2284_img|243_img|3437_img|687_img|2737_img|688_img|1410_img
2368,FINERING,Amazon Collection,metal,"Amazon CollectionSterling Silver Swiss-Blue-Topaz and Diamond Accent Open Halo Heart Ring, Size 8",B015FWUD68.jpg,"a photo of a Amazon CollectionSterling Silver Swiss-Blue-Topaz and Diamond Accent Open Halo Heart Ring, Size 8",1,0,2368_img|5336_img|1781_img|4819_img|3180_img|272_img|1957_img|1699_img|1946_img|2446_img|4145_img|4670_img|1098_img|949_img|728_img|4268_img|1930_img|2136_img|5388_img|924_img
2377,FINEEARRING,AJC Pearl,Unknown Material,[An AJC Pearl] an AJC Pearl Freshwater Pearls Earrings af37275,B005FIG90C.jpg,a photo of a [An AJC Pearl] an AJC Pearl Freshwater Pearls Earrings af37275,1,0,2377_img|4169_img|5519_img|800_img|4924_img|1930_img|3059_img|2041_img|895_img|302_img|1158_img|4573_img|5378_img|638_img|3754_img|2414_img|1660_img|1453_img|4967_img|378_img
2398,RUG,Amazon Basics,Polypropylene,"Amazon Basics - 8'X10' Solid Color Shag Rug, Grey",B07TYPL2SW.jpg,"a photo of a Amazon Basics - 8'X10' Solid Color Shag Rug, Grey",1,2,1634_img|4854_img|2398_img|4180_img|2959_img|2598_img|3885_img|5362_img|4217_img|1361_img|1554_img|5510_img|2528_img|1639_img|4555_img|1015_img|2159_img|5321_img|2147_img|5070_img
2403,CELLULAR_PHONE_CASE,Amazon Brand - Solimo,Silicon,Amazon Brand - Solimo Designer Purple Flowers UV Printed Soft Back Case Mobile Cover for Gionee M7 Power,B0853X8GX5.jpg,a photo of a Amazon Brand - Solimo Designer Purple Flowers UV Printed Soft Back Case Mobile Cover for Gionee M7 Power,1,0,2403_img|1378_img|1640_img|4244_img|4792_img|264_img|604_img|1152_img|3907_img|2600_img|5446_img|3059_img|1774_img|1609_img|1538_img|5041_img|2454_img|324_img|4827_img|431_img
2404,SOFA,Movian,Tissu,"Marque Amazon - Movian Eli - Canape 3 places, 85 x 200 x 83 cm (longueur x largeur x hauteur), Gris fonce",B07VPNWK3K.jpg,"a photo of a Marque Amazon - Movian Eli - Canape 3 places, 85 x 200 x 83 cm (longueur x largeur x hauteur), Gris fonce",1,0,2404_img|782_img|4955_img|169_img|4275_img|4510_img|4830_img|5383_img|5313_img|789_img|5483_img|2296_img|5194_img|5064_img|5241_img|1937_img|890_img|5072_img|4768_img|593_img
2410,CELLULAR_PHONE_CASE,Amazon Brand - Solimo,Plastic,Amazon Brand - Solimo Designer Love and Peace 3D Printed Hard Back Case Mobile Cover for Samsung Galaxy A6 Plus,B0853WV11T.jpg,a photo of a Amazon Brand - Solimo Designer Love and Peace 3D Printed Hard Back Case Mobile Cover for Samsung Galaxy A6 Plus,1,0,2410_img|798_img|2564_img|2659_img|5446_img|910_img|5561_img|2010_img|1116_img|4141_img|1590_img|5025_img|1101_img|4634_img|546_img|1913_img|5230_img|5461_img|2671_img|5130_img
2412,RUG,Stone & Beam,wool,"Amazon Brand - Stone & Beam Casual Geometric Wool Area Rug, 5' 9"" x 3' 9"", Sunset Orange",B07B52GQN8.jpg,"a photo of a Amazon Brand - Stone & Beam Casual Geometric Wool Area Rug, 5' 9"" x 3' 9"", Sunset Orange",1,0,2412_img|2075_img|1838_img|1529_img|1361_img|5015_img|5362_img|3830_img|1050_img|566_img|3965_img|5172_img|4609_img|1804_img|1004_img|855_img|5281_img|3526_img|261_img|2147_img
2414,FINEEARRING,Amazon+Collection,not-applicable,Sterling Silver Round Checkerboard Cut Amethyst Leverback Earrings (8mm),B01GPY6NPU.jpg,a photo of a Sterling Silver Round Checkerboard Cut Amethyst Leverback Earrings (8mm),1,0,2414_img|3059_img|302_img|1158_img|4573_img|638_img|1502_img|2742_img|264_img|5041_img|560_img|4169_img|4792_img|4924_img|800_img|2403_img|1538_img|895_img|1378_img|3907_img
2416,SOFA,Stone & Beam,Wood,"Amazon Brand - Stone & Beam Kristin Mid-Century Wood-Framed Sleeper Armchair, 55.5""W, Azure",B07PBZL4BX.jpg,"a photo of a Amazon Brand - Stone & Beam Kristin Mid-Century Wood-Framed Sleeper Armchair, 55.5""W, Azure",1,0,2416_img|4840_img|2733_img|3053_img|2540_img|1690_img|924_img|4178_img|2530_img|4916_img|1964_img|1734_img|5356_img|495_img|4185_img|5253_img|5052_img|3977_img|4432_img|4819_img
2419,FINERING,Amazon Collection,No aplica,"Amazon Collection10k Gold Swarovski Crystal April Birthstone Ring, Size 6",B079JXZGBZ.jpg,"a photo of a Amazon Collection10k Gold Swarovski Crystal April Birthstone Ring, Size 6",1,2,4395_img|2054_img|2419_img|3598_img|1781_img|4819_img|4145_img|2615_img|4223_img|3180_img|4670_img|5336_img|272_img|2136_img|396_img|739_img|4829_img|1098_img|1232_img|2009_img
2423,HOME_FURNITURE_AND_DECOR,Amazon Brand - Solimo,MDF,"Amazon Brand - Solimo DIY 2 in 1 Printed Photo Album and Scrapbook, 25 x 16 cm, Sweet Home",B082DSJK1F.jpg,"a photo of a Amazon Brand - Solimo DIY 2 in 1 Printed Photo Album and Scrapbook, 25 x 16 cm, Sweet Home",1,0,2423_img|5092_img|1694_img|3222_img|1489_img|1590_img|3094_img|3979_img|4144_img|5011_img|3893_img|696_img|4965_img|2728_img|1350_img|1527_img|828_img|5076_img|898_img|710_img
2425,HOME,Pinzon by Amazon,Terrycloth,"Pinzon 700-Gram Hotel Stitch Washcloth 2-Pack, Silver Grey",B007M6GNHY.jpg,"a photo of a Pinzon 700-Gram Hotel Stitch Washcloth 2-Pack, Silver Grey",1,0,2425_img|5462_img|3509_img|3990_img|841_img|4046_img|3394_img|1610_img|150_img|2899_img|4264_img|1444_img|3907_img|3178_img|647_img|1557_img|440_img|1758_img|225_img|5357_img
2432,FINEEARRING,Amazon Collection,metall,Platinum or Sterling Silver Gold Plated Round Cut Swarovski Zirconia Stud Earrings,B00FXW6LTO.jpg,a photo of a Platinum or Sterling Silver Gold Plated Round Cut Swarovski Zirconia Stud Earrings,1,5,3476_img|2573_img|1349_img|4463_img|2463_img|2432_img|292_img|5443_img|275_img|60_img|1464_img|4829_img|3843_img|2678_img|4373_img|2634_img|2633_img|2554_img|1593_img|2419_img
2433,FINERING,Amazon Collection,metal,"Platinum-Plated Sterling Silver Round 3-Stone Ring made with Swarovski Zirconia (2 cttw), Size 8",B00FXWASJS.jpg,"a photo of a Platinum-Plated Sterling Silver Round 3-Stone Ring made with Swarovski Zirconia (2 cttw), Size 8",1,4,2633_img|1756_img|4536_img|4364_img|2433_img|2934_img|2678_img|853_img|5059_img|2554_img|396_img|1098_img|4243_img|4829_img|435_img|3843_img|2142_img|4463_img|1532_img|4878_img
2436,WALL_ART,Rivet,canvas,"Amazon Brand - Rivet Vintage-Look Palm Trees Turquoise and Sepia Canvas Print Wall Art , 16"" x 24""",B073P1BJMK.jpg,"a photo of a Amazon Brand - Rivet Vintage-Look Palm Trees Turquoise and Sepia Canvas Print Wall Art , 16"" x 24""",1,0,2436_img|2453_img|2472_img|58_img|3178_img|939_img|5027_img|4673_img|332_img|3222_img|5357_img|5118_img|252_img|4621_img|2683_img|4541_img|2693_img|4403_img|2595_img|1504_img
2439,FINENECKLACEBRACELETANKLET,Amazon Collection,Metal,"Sterling Silver Double-Heart""Aunts Like You"" Pendant Necklace, 18""",B00M4YC6SY.jpg,"a photo of a Sterling Silver Double-Heart""Aunts Like You"" Pendant Necklace, 18""",1,12,1106_img|5229_img|1117_img|1957_img|4268_img|2572_img|1699_img|2368_img|5353_img|5388_img|2529_img|2564_img|2439_img|576_img|5494_img|4050_img|2454_img|3994_img|5130_img|728_img
2441,CELLULAR_PHONE_CASE,Amazon Brand - Solimo,Silicone,Amazon Brand - Solimo Designer Funny Cat Pattern Print UV Printed Soft Back Case Mobile Cover for Vivo Y11,B0853WLXPW.jpg,a photo of a Amazon Brand - Solimo Designer Funny Cat Pattern Print UV Printed Soft Back Case Mobile Cover for Vivo Y11,1,0,2441_img|4951_img|1508_img|2509_img|5472_img|754_img|734_img|1399_img|115_img|390_img|5078_img|203_img|3236_img|215_img|5561_img|5339_img|5446_img|2029_img|1590_img|2659_img
2443,SOFA,Stone & Beam,Leather,"Amazon Brand - Stone & Beam Abigail Leather Sofa, 86""W, Dark Brown",B07QBMQ4LN.jpg,"a photo of a Amazon Brand - Stone & Beam Abigail Leather Sofa, 86""W, Dark Brown",1,3,748_img|5278_img|709_img|2443_img|1619_img|1542_img|4696_img|1188_img|3910_img|1301_img|1156_img|1915_img|1451_img|4200_img|4588_img|940_img|1121_img|147_img|201_img|4212_img
2446,FINEEARRING,Amazon Collection,Non applicable.,"Boucles d'oreilles a tige en argent sterling plaque platine avec pierres de naissance en forme de cur et zircones Swarovski,Mars",B06VVFVL7C.jpg,"a photo of a Boucles d'oreilles a tige en argent sterling plaque platine avec pierres de naissance en forme de cur et zircones Swarovski,Mars",1,11,4463_img|292_img|895_img|2463_img|2354_img|2432_img|590_img|60_img|997_img|275_img|3476_img|2446_img|5443_img|5077_img|2041_img|1464_img|4967_img|1543_img|5353_img|5519_img
2448,SOFA,Rivet,wood,"Amazon Brand - Rivet Aiden Mid-Century Sofa with Tapered Wood Legs, 87""W, Wathet Blue",B07P8STJ2Q.jpg,"a photo of a Amazon Brand - Rivet Aiden Mid-Century Sofa with Tapered Wood Legs, 87""W, Wathet Blue",1,2,2012_img|3060_img|2448_img|1493_img|1034_img|1702_img|5332_img|3224_img|4200_img|1486_img|140_img|687_img|866_img|1919_img|4583_img|1937_img|231_img|930_img|1539_img|141_img
2451,RUG,Rivet,"70% Acrylic, 30% Polypropylene","Amazon Brand - Rivet Motion Modern Grid Pop Runner Rug, 2' 3'' x 8', Stone",B07121ZWNN.jpg,"a photo of a Amazon Brand - Rivet Motion Modern Grid Pop Runner Rug, 2' 3'' x 8', Stone",1,1,5194_img|2451_img|2528_img|5070_img|317_img|5464_img|5096_img|539_img|4217_img|4311_img|3885_img|2690_img|1322_img|5510_img|5357_img|2984_img|3178_img|1554_img|1691_img|4275_img
2453,WALL_ART,Stone & Beam,canvas,"Amazon Brand - Stone & Beam Modern Silver and White Forest Print on Canvas Bathroom Wall Art Decor, 24"" x 16""",B073P1GB76.jpg,"a photo of a Amazon Brand - Stone & Beam Modern Silver and White Forest Print on Canvas Bathroom Wall Art Decor, 24"" x 16""",1,0,2453_img|4673_img|2472_img|2436_img|939_img|5027_img|2693_img|3178_img|4403_img|252_img|2930_img|5222_img|2683_img|609_img|2595_img|1438_img|332_img|1506_img|4999_img|239_img
2454,FINENECKLACEBRACELETANKLET,Amazon Collection,crystal,"Sterling Silver Purple Humming Bird with Swarovski Elements Pendant Necklace, 18",B009EJ0K4E.jpg,"a photo of a Sterling Silver Purple Humming Bird with Swarovski Elements Pendant Necklace, 18",1,0,2454_img|264_img|4792_img|5499_img|1378_img|3059_img|588_img|985_img|604_img|1152_img|2403_img|1459_img|4050_img|5078_img|2043_img|4025_img|5041_img|2414_img|3012_img|5318_img
2462,HOME,Amazon Brand - Solimo,Fabric,"Amazon Brand - Solimo Printed Fabric Storage Box, Medium, Set of 6, Black",B081FH7NX2.jpg,"a photo of a Amazon Brand - Solimo Printed Fabric Storage Box, Medium, Set of 6, Black",1,0,2462_img|5014_img|5532_img|3723_img|4100_img|3856_img|2605_img|532_img|5375_img|860_img|27_img|5253_img|2526_img|3979_img|841_img|1030_img|1573_img|1369_img|5049_img|5560_img
2463,FINEEARRING,Amazon Collection,No aplica,Pendientes de tuerca para mujer de oro de 10 quilates con circonita de Swarovski,B079Y5KNYX.jpg,a photo of a Pendientes de tuerca para mujer de oro de 10 quilates con circonita de Swarovski,1,2,3476_img|4463_img|2463_img|2573_img|292_img|2432_img|1349_img|275_img|895_img|5077_img|60_img|5443_img|800_img|997_img|4373_img|1464_img|4085_img|1543_img|2446_img|2519_img
2466,FINENECKLACEBRACELETANKLET,Amazon Collection,metal,"Amazon Collection14k Gold Over Sterling Silver""L"" Cursive Initial Pendant Necklace, 18""",B00BHY2P1U.jpg,"a photo of a Amazon Collection14k Gold Over Sterling Silver""L"" Cursive Initial Pendant Necklace, 18""",1,1,4979_img|2466_img|4658_img|1589_img|1564_img|2550_img|3307_img|635_img|4193_img|1905_img|839_img|2529_img|2555_img|1628_img|2439_img|1106_img|4050_img|1603_img|4382_img|4842_img
2471,HOME_BED_AND_BATH,AmazonBasics,100% Cotton,"AmazonBasics Cotton Hand Towels, White - Pack of 12",B07C41SYJ7.jpg,"a photo of a AmazonBasics Cotton Hand Towels, White - Pack of 12",1,6,2425_img|1487_img|5570_img|3509_img|841_img|5462_img|2471_img|1549_img|647_img|1610_img|711_img|3187_img|1887_img|1667_img|4359_img|4915_img|1432_img|1099_img|300_img|3399_img
2472,WALL_ART,Stone & Beam,paper,"Amazon Brand - Stone & Beam Classic Teal Sea Fan Coral Coastal Print Wall Art Decor - 23"" x 23"" Picture Frame, White",B075YMJBZ8.jpg,"a photo of a Amazon Brand - Stone & Beam Classic Teal Sea Fan Coral Coastal Print Wall Art Decor - 23"" x 23"" Picture Frame, White",1,0,2472_img|4983_img|2436_img|332_img|4993_img|252_img|2446_img|1506_img|5413_img|495_img|1554_img|5318_img|2453_img|578_img|3222_img|4403_img|4344_img|3266_img|1263_img|1734_img
2475,TABLE,Ravenna Home,Wood,"Amazon Brand - Ravenna Home Classic Coffee Table, 42""W, White",B084MMGCWB.jpg,"a photo of a Amazon Brand - Ravenna Home Classic Coffee Table, 42""W, White",1,0,2475_img|300_img|5480_img|2081_img|5451_img|2655_img|603_img|298_img|2602_img|5304_img|633_img|1430_img|202_img|5226_img|1047_img|2471_img|3883_img|2347_img|5370_img|5387_img
2478,HOME,UMI,Fabric,UMI by Amazon Eyelet Blackout Curtains Thermal Insulated Decorative Curtains 55 x 96 Inch Greyish White 2 Panels,B07JJC83MM.jpg,a photo of a UMI by Amazon Eyelet Blackout Curtains Thermal Insulated Decorative Curtains 55 x 96 Inch Greyish White 2 Panels,1,1,2835_img|2478_img|2662_img|1887_img|1992_img|162_img|799_img|5200_img|744_img|5352_img|4482_img|1800_img|320_img|1342_img|2501_img|3187_img|3301_img|429_img|4474_img|4409_img
2484,TABLE,Ravenna Home,ceramic,"Amazon Brand - Ravenna Home Damask-Pattern Ceramic Garden Stool or Side Table, 16""H, Off-White",B07MF1SRH5.jpg,"a photo of a Amazon Brand - Ravenna Home Damask-Pattern Ceramic Garden Stool or Side Table, 16""H, Off-White",1,0,2484_img|2531_img|1047_img|692_img|5304_img|2737_img|2152_img|1614_img|4222_img|5480_img|1765_img|5390_img|5341_img|5419_img|2635_img|4206_img|619_img|2183_img|300_img|2808_img
2497,SOFA,Amazon Brand - Solimo,Fabric,Amazon Brand - Solimo Cartina 5 Seater L Shape Fabric Sofa Set (Grey),B084XMQK3G.jpg,a photo of a Amazon Brand - Solimo Cartina 5 Seater L Shape Fabric Sofa Set (Grey),1,0,2497_img|4955_img|2826_img|1874_img|50_img|4870_img|2404_img|2321_img|4369_img|169_img|139_img|3815_img|294_img|2462_img|789_img|4800_img|987_img|3013_img|782_img|5470_img
2501,HOME_BED_AND_BATH,Amazon Brand - Solimo,polyresin,"Amazon Brand - Solimo Riviera Door Curtain, 7 feet - Set of 2 (Ivory)",B07FM21Q1B.jpg,"a photo of a Amazon Brand - Solimo Riviera Door Curtain, 7 feet - Set of 2 (Ivory)",1,0,2501_img|4409_img|162_img|1887_img|1992_img|3187_img|4319_img|178_img|2478_img|1487_img|5352_img|2662_img|1397_img|320_img|1800_img|1949_img|5126_img|3893_img|1652_img|3301_img
2509,CELLULAR_PHONE_CASE,Amazon Brand - Solimo,Silicon,Amazon Brand - Solimo Designer Meow UV Printed Soft Back Case Mobile Cover for Samsung Galaxy M21 / M30s,B0854G1NW7.jpg,a photo of a Amazon Brand - Solimo Designer Meow UV Printed Soft Back Case Mobile Cover for Samsung Galaxy M21 / M30s,1,0,2509_img|5472_img|4951_img|1508_img|1399_img|2441_img|734_img|754_img|5561_img|390_img|1628_img|3236_img|203_img|2029_img|1468_img|1101_img|3189_img|5230_img|546_img|94_img
2510,HOME_BED_AND_BATH,Eono,Ceramic,I Love You To The Moon And Back Mug Kids Mummy Daddy His Hers Valentines Mum Dad Gift Mug Cup,B07DNH84WX.jpg,a photo of a I Love You To The Moon And Back Mug Kids Mummy Daddy His Hers Valentines Mum Dad Gift Mug Cup,1,0,2510_img|5388_img|5339_img|5353_img|1699_img|1957_img|2368_img|4268_img|5560_img|4668_img|1106_img|2484_img|300_img|5437_img|1117_img|576_img|2572_img|5229_img|5147_img|1605_img
2515,HOME_FURNITURE_AND_DECOR,Movian,Faux Leather,"Amazon Brand - Movian Dubna, Desk Chair, 58 x 58 x 103 cm (L x W x H), Brown",B084T7GSXM.jpg,"a photo of a Amazon Brand - Movian Dubna, Desk Chair, 58 x 58 x 103 cm (L x W x H), Brown",1,0,2515_img|5258_img|4298_img|4453_img|1204_img|1461_img|3426_img|153_img|210_img|1224_img|33_img|256_img|179_img|658_img|4294_img|5064_img|4657_img|1121_img|1792_img|3910_img
2516,WALL_ART,Rivet,wood,"Amazon Brand - Rivet Modern Gold Pyramid Triangle Print Wall Art, 12"" x 12"", White Frame",B073P5QKD9.jpg,"a photo of a Amazon Brand - Rivet Modern Gold Pyramid Triangle Print Wall Art, 12"" x 12"", White Frame",1,0,2516_img|3063_img|1329_img|5289_img|4144_img|2650_img|592_img|4465_img|2693_img|1359_img|952_img|58_img|5394_img|188_img|5131_img|4225_img|578_img|678_img|3696_img|1562_img
2519,FINEEARRING,Amazon Collection,metal,"Boucles d'oreilles a tige en argent sterling plaque or ou platine avec zircones Swarovski taille princesse,Plaque or jaune",B00NFSD21S.jpg,"a photo of a Boucles d'oreilles a tige en argent sterling plaque or ou platine avec zircones Swarovski taille princesse,Plaque or jaune",1,1,4315_img|2519_img|536_img|2973_img|4373_img|1453_img|3476_img|5519_img|1457_img|772_img|1660_img|2742_img|5341_img|4346_img|2006_img|895_img|1543_img|243_img|5292_img|800_img
2526,HOME_FURNITURE_AND_DECOR,Stone & Beam,Solid hardwood frame/ polypropylene fabric,"Amazon Brand - Stone & Beam Hoffman Down-Filled Performance Fabric Ottoman, 41""W, Dark Grey Tweed",B07BWJD1WT.jpg,"a photo of a Amazon Brand - Stone & Beam Hoffman Down-Filled Performance Fabric Ottoman, 41""W, Dark Grey Tweed",1,0,2526_img|1406_img|5419_img|5313_img|2531_img|950_img|225_img|5321_img|5304_img|2183_img|4390_img|4836_img|5049_img|2733_img|1936_img|1212_img|692_img|4768_img|1143_img|5399_img
2527,FINERING,Amazon Collection,Not applicableNot applicableNot applicableNot applicable,"Steeltime 18k Rose Gold Plated Hail Mary Prayer Ring, Size 9",B074M9XYR5.jpg,"a photo of a Steeltime 18k Rose Gold Plated Hail Mary Prayer Ring, Size 9",1,0,2527_img|5540_img|728_img|576_img|4857_img|5007_img|1495_img|4842_img|635_img|293_img|3839_img|4191_img|680_img|3731_img|4670_img|2136_img|2681_img|5195_img|3127_img|1667_img
2528,RUG,nuLOOM,"Pile: 100% Wool, Backing: 100% Canvas","Amazon Brand - Rivet Modern Ombr&eacute; Wool Rug, 4' x 6', Charcoal",B071SHHZT2.jpg,"a photo of a Amazon Brand - Rivet Modern Ombr&eacute; Wool Rug, 4' x 6', Charcoal",1,1,1691_img|2528_img|2959_img|317_img|201_img|3815_img|1322_img|1634_img|5070_img|4217_img|5464_img|1156_img|1342_img|4854_img|5194_img|4311_img|4200_img|5510_img|5321_img|2398_img
2529,FINENECKLACEBRACELETANKLET,Amazon Collection,Metal,"Collar con colgante de plata de ley con inicial de disco redondo, 18.64 pulgadas, Plateado",B00CIOBXBG.jpg,"a photo of a Collar con colgante de plata de ley con inicial de disco redondo, 18.64 pulgadas, Plateado",0,-1,4050_img|5562_img|4101_img|4728_img|2454_img|2043_img|4268_img|5174_img|5499_img|1944_img|4470_img|5354_img|5434_img|463_img|3994_img|700_img|133_img|1999_img|4924_img|765_img
2530,SOFA,Stone & Beam,Solid Hardwood/Laminate Wood Frame/Polyester/Nylon Performance Fabric,"Amazon Brand - Stone & Beam Kristin Round Arm Performance Fabric Loveseat Sofa Couch, 76""W, Stone",B071SLGX8T.jpg,"a photo of a Amazon Brand - Stone & Beam Kristin Round Arm Performance Fabric Loveseat Sofa Couch, 76""W, Stone",1,1,5495_img|2530_img|494_img|4432_img|618_img|5483_img|4916_img|2333_img|2733_img|2416_img|3977_img|4768_img|514_img|1406_img|5226_img|5555_img|5304_img|1511_img|5383_img|4067_img
2531,TABLE,Stone & Beam,Metal,"Amazon Brand - Stone & Beam Industrial Side Table with Decorative Metal Base, 15.95""W, Mango Wood and Black",B07QHKF8CT.jpg,"a photo of a Amazon Brand - Stone & Beam Industrial Side Table with Decorative Metal Base, 15.95""W, Mango Wood and Black",1,5,192_img|1614_img|475_img|993_img|2117_img|2531_img|1479_img|1389_img|3788_img|1720_img|2808_img|5170_img|5192_img|1605_img|4545_img|3288_img|4836_img|619_img|4048_img|36_img
2535,CELLULAR_PHONE_CASE,Amazon Brand - Solimo,Plastic,Amazon Brand - Solimo Designer Zik Zak Color Mixing 3D Printed Hard Back Case Mobile Cover for Samsung Galaxy A51,B08569YW77.jpg,a photo of a Amazon Brand - Solimo Designer Zik Zak Color Mixing 3D Printed Hard Back Case Mobile Cover for Samsung Galaxy A51,1,15,4013_img|4441_img|2671_img|5230_img|1844_img|274_img|1512_img|5262_img|4634_img|4584_img|215_img|5561_img|1370_img|4141_img|2659_img|2535_img|4263_img|3964_img|1010_img|4988_img
2540,SOFA,Alkove,Stoff,Alkove Modular Sofa,B07SHYWY2S.jpg,a photo of a Alkove Modular Sofa,0,-1,4870_img|1375_img|4308_img|4166_img|514_img|3013_img|2497_img|1451_img|1034_img|2530_img|789_img|696_img|5433_img|227_img|4602_img|3979_img|4830_img|2786_img|2571_img|3630_img
2550,FINENECKLACEBRACELETANKLET,Amazon Collection,Fine-other-material,"Amazon CollectionEllie Byrd 10k Yellow Gold Two Tone""One and Only You"" Initial""S"" Dainty Necklace, 18""",B01M0ISGN1.jpg,"a photo of a Amazon CollectionEllie Byrd 10k Yellow Gold Two Tone""One and Only You"" Initial""S"" Dainty Necklace, 18""",1,1,4979_img|2550_img|2466_img|1564_img|1589_img|1905_img|1603_img|4658_img|3307_img|4193_img|839_img|1628_img|4382_img|2555_img|635_img|765_img|1106_img|4842_img|2439_img|3260_img
2551,KITCHEN,Amazon Brand - Solimo,Stainless Steel,"(Renewed) Amazon Brand - Solimo 6 Piece Stainless Steel Table Spoon Set, Stripes, Silver",B07Z6QF7VQ.jpg,"a photo of a (Renewed) Amazon Brand - Solimo 6 Piece Stainless Steel Table Spoon Set, Stripes, Silver",1,1,4203_img|2551_img|5470_img|2028_img|1766_img|5235_img|5285_img|247_img|2826_img|312_img|4436_img|2081_img|4172_img|2347_img|54_img|4369_img|1874_img|729_img|5053_img|4780_img
2554,FINERING,Amazon Collection,Not Applicable,"Rose-Gold-Plated Sterling Silver Round 3-Stone Ring made with Swarovski Zirconia (2 cttw), Size 8",B07359D5MD.jpg,"a photo of a Rose-Gold-Plated Sterling Silver Round 3-Stone Ring made with Swarovski Zirconia (2 cttw), Size 8",1,0,2554_img|1495_img|5443_img|5007_img|396_img|275_img|293_img|2136_img|4829_img|2633_img|20_img|708_img|3843_img|2678_img|728_img|4536_img|2419_img|2433_img|4857_img|253_img
2555,FINENECKLACEBRACELETANKLET,Amazon Collection,Not applicable,"Amazon Collection10k Yellow Gold Michigan State Pendant Necklace, 16""+3"" Extender",B01MAZ62FE.jpg,"a photo of a Amazon Collection10k Yellow Gold Michigan State Pendant Necklace, 16""+3"" Extender",1,2,3307_img|839_img|2555_img|1628_img|1603_img|4979_img|1589_img|4382_img|2466_img|4658_img|2550_img|384_img|1129_img|4944_img|5036_img|5046_img|4193_img|635_img|1564_img|765_img
2557,CELLULAR_PHONE_CASE,Amazon Brand - Solimo,Canvas,Amazon Brand - Solimo Designer Kissing Couple 3D Printed Hard Back Case Mobile Cover for Micromax Canvas Nitro 2 E311,B07T2LMF62.jpg,a photo of a Amazon Brand - Solimo Designer Kissing Couple 3D Printed Hard Back Case Mobile Cover for Micromax Canvas Nitro 2 E311,1,13,5086_img|910_img|4668_img|2659_img|5353_img|5339_img|3839_img|2564_img|576_img|60_img|1930_img|1957_img|660_img|2557_img|5388_img|1590_img|4191_img|2446_img|4046_img|3731_img
2562,WALL_ART,Rivet,canvas,"Amazon Brand - Rivet Black and White Paint Drip World Map Canvas Print Wall Art, 36"" x 24""",B073P1BVTF.jpg,"a photo of a Amazon Brand - Rivet Black and White Paint Drip World Map Canvas Print Wall Art, 36"" x 24""",1,1,1438_img|2562_img|2982_img|4999_img|1380_img|4000_img|3240_img|939_img|5027_img|1506_img|1359_img|4286_img|2453_img|2683_img|4403_img|239_img|1562_img|1352_img|5347_img|3946_img
2564,CELLULAR_PHONE_CASE,Amazon Brand - Solimo,Plastic,Amazon Brand - Solimo Designer Red Heart Design 3D Printed Hard Back Case Mobile Cover for Vivo Y19 / Vivo U20,B0853XL2VM.jpg,a photo of a Amazon Brand - Solimo Designer Red Heart Design 3D Printed Hard Back Case Mobile Cover for Vivo Y19 / Vivo U20,1,1,1117_img|2564_img|1699_img|4419_img|5229_img|5339_img|4827_img|5130_img|737_img|1774_img|1609_img|2075_img|502_img|1106_img|1957_img|1928_img|5353_img|5308_img|5388_img|215_img
2565,CHAIR,Strathwood by Amazon.com,Mahogany,"Strathwood Lido Dining 5-Position Folding Armchair, Set of 2",B000HBXA2C.jpg,"a photo of a Strathwood Lido Dining 5-Position Folding Armchair, Set of 2",1,0,2565_img|2591_img|2890_img|5185_img|3734_img|834_img|4586_img|2713_img|2272_img|4793_img|2126_img|1964_img|4956_img|2874_img|3774_img|2737_img|2826_img|150_img|1064_img|3437_img
2571,TABLE,Movian,Furniture board,"Marque Amazon - Movian - Table de chevet gauche, 60 x 35 x 100 cm, Blanc",B07S83P32Q.jpg,"a photo of a Marque Amazon - Movian - Table de chevet gauche, 60 x 35 x 100 cm, Blanc",1,14,2810_img|1437_img|1937_img|3893_img|782_img|1417_img|1821_img|1430_img|2475_img|5480_img|1856_img|3083_img|633_img|1397_img|2571_img|1613_img|2081_img|179_img|1653_img|2152_img
2572,FINENECKLACEBRACELETANKLET,Amazon Collection,sterling-silver,"Sterling Silver Oval Saint Jude Medal with Antique Finish and Stainless Steel Chain, 20""",B003H9LFUA.jpg,"a photo of a Sterling Silver Oval Saint Jude Medal with Antique Finish and Stainless Steel Chain, 20""",1,2,2043_img|4268_img|2572_img|3994_img|217_img|186_img|1999_img|2529_img|5494_img|3046_img|2741_img|133_img|5499_img|5562_img|985_img|1532_img|2439_img|175_img|3180_img|1934_img
2573,FINEEARRING,Amazon Collection,not-applicable,"IGI Certified 18k Yellow Gold Lab Created Diamond Stud Earrings (4cttw, G-H Color, VS1-VS2 Clarity)",B01CXY3WO6.jpg,"a photo of a IGI Certified 18k Yellow Gold Lab Created Diamond Stud Earrings (4cttw, G-H Color, VS1-VS2 Clarity)",1,1,1349_img|2573_img|3476_img|2432_img|1593_img|1464_img|384_img|1129_img|4944_img|5036_img|5443_img|3843_img|4085_img|275_img|4829_img|4463_img|60_img|1292_img|2463_img|1432_img
2575,CHAIR,AmazonBasics,Nylon,AmazonBasics Executive Sports Chair with Adjustable Height and Armrests,B07QPTP9Z7.jpg,a photo of a AmazonBasics Executive Sports Chair with Adjustable Height and Armrests,1,10,153_img|4116_img|3960_img|1256_img|1707_img|4294_img|1461_img|4968_img|210_img|3426_img|2575_img|4298_img|2126_img|2713_img|4657_img|4793_img|477_img|686_img|1613_img|658_img
2576,RUG,Stone & Beam,stone,"Amazon Brand - Stone & Beam Herring Medallion Traditional Area Rug, 5' 3"" x 7' 3"", Brick Red",B075Z9CWR8.jpg,"a photo of a Amazon Brand - Stone & Beam Herring Medallion Traditional Area Rug, 5' 3"" x 7' 3"", Brick Red",1,0,2576_img|677_img|2598_img|5451_img|2812_img|949_img|211_img|1734_img|2984_img|4933_img|4395_img|5370_img|5387_img|3437_img|1490_img|4024_img|5362_img|1928_img|855_img|2054_img
2578,FINERING,Amazon Collection,metal,Women's Stainless Steel Hammered Texture Ring. Size 5,B0077W953C.jpg,a photo of a Women's Stainless Steel Hammered Texture Ring. Size 5,1,0,2578_img|680_img|5132_img|1667_img|5540_img|3180_img|1551_img|3127_img|871_img|1868_img|3754_img|4390_img|1621_img|1643_img|2527_img|4842_img|2136_img|5464_img|4670_img|4710_img
2583,FINEEARRING,Amazon Collection,metal,"Sterling Silver 3mm Hoop Earrings (1.0"" Diameter)",B002TOL6UI.jpg,"a photo of a Sterling Silver 3mm Hoop Earrings (1.0"" Diameter)",1,0,2583_img|1848_img|1097_img|1557_img|2325_img|3915_img|3853_img|5440_img|5196_img|4346_img|2041_img|1551_img|253_img|711_img|4924_img|1543_img|4642_img|3094_img|1930_img|5519_img
2587,KITCHEN,Amazon Brand - Solimo,Aluminium,"Amazon Brand - Solimo Non Stick Saucepan (16 cm, 2 coat, 2mm thickness)",B07P6R7KWT.jpg,"a photo of a Amazon Brand - Solimo Non Stick Saucepan (16 cm, 2 coat, 2mm thickness)",1,0,2587_img|1226_img|4725_img|2872_img|1706_img|1645_img|1882_img|325_img|4271_img|2883_img|3949_img|175_img|5071_img|3232_img|729_img|1980_img|4367_img|4526_img|739_img|1766_img
2589,FINENECKLACEBRACELETANKLET,Amazon Essentials,metal,"Amazon Essentials Yellow Gold Plated Sterling Silver Diamond-Cut Rope Chain Link Bracelet, 8""",B013URKDVU.jpg,"a photo of a Amazon Essentials Yellow Gold Plated Sterling Silver Diamond-Cut Rope Chain Link Bracelet, 8""",1,0,2589_img|3260_img|5418_img|2957_img|1400_img|765_img|1073_img|259_img|5521_img|4346_img|1551_img|4373_img|3843_img|243_img|2742_img|772_img|4382_img|1628_img|3915_img|3307_img
2591,CHAIR,Strathwood,Wood,Strathwood Garden Furniture - Basics Folding Hardwood Armchair Set of 2,B000E66GQ2.jpg,a photo of a Strathwood Garden Furniture - Basics Folding Hardwood Armchair Set of 2,1,3,2565_img|5185_img|2890_img|2591_img|3734_img|834_img|2272_img|4586_img|2713_img|2126_img|1064_img|4297_img|2842_img|4793_img|1964_img|3437_img|385_img|3979_img|898_img|1828_img
2595,WALL_ART,Stone & Beam,canvas,"Amazon Brand - Stone & Beam Modern Autumn Bouquet on Canvas, 40"" x 40""",B075HR9KX2.jpg,"a photo of a Amazon Brand - Stone & Beam Modern Autumn Bouquet on Canvas, 40"" x 40""",1,0,2595_img|1774_img|4069_img|1609_img|4827_img|590_img|2026_img|4395_img|2769_img|2812_img|5425_img|5082_img|2054_img|1350_img|204_img|739_img|744_img|4884_img|949_img|2576_img
2596,RUG,Rivet,Cotton,"Amazon Brand - Rivet Modern Flatwoven Rug with Intersecting Diamonds, 4' x 6', Blue and Gray with Gold",B07QC8BR4D.jpg,"a photo of a Amazon Brand - Rivet Modern Flatwoven Rug with Intersecting Diamonds, 4' x 6', Blue and Gray with Gold",1,1,2619_img|2596_img|4311_img|5464_img|1919_img|317_img|2318_img|5256_img|4702_img|1814_img|2159_img|1761_img|1691_img|4095_img|539_img|5015_img|3895_img|2451_img|4584_img|38_img
2598,RUG,Stone & Beam,wool,"Amazon Brand - Stone & Beam Mid-Century Modern Dusk Wool Rug, 5' x 8', Tan",B0714MJLTB.jpg,"a photo of a Amazon Brand - Stone & Beam Mid-Century Modern Dusk Wool Rug, 5' x 8', Tan",0,-1,1122_img|5510_img|2690_img|5096_img|4217_img|2984_img|1761_img|3895_img|2528_img|5322_img|1691_img|4319_img|261_img|5357_img|246_img|5070_img|1322_img|962_img|4302_img|4311_img
2600,CELLULAR_PHONE_CASE,Amazon Brand - Solimo,Silicon,Amazon Brand - Solimo Designer White Flower UV Printed Soft Back Case Mobile Cover for Motorola Moto G8 Plus,B0854LLTKL.jpg,a photo of a Amazon Brand - Solimo Designer White Flower UV Printed Soft Back Case Mobile Cover for Motorola Moto G8 Plus,1,0,2600_img|1640_img|2557_img|5446_img|5330_img|2769_img|1774_img|2403_img|1609_img|4827_img|1116_img|5425_img|5322_img|1765_img|1047_img|1378_img|5382_img|235_img|5164_img|300_img
2602,TABLE,AmazonCommercial,plastic,"AmazonCommercial 4ft Folding Table, Solid, White Granite",B07Y5XBTNQ.jpg,"a photo of a AmazonCommercial 4ft Folding Table, Solid, White Granite",0,-1,2655_img|300_img|298_img|1430_img|3893_img|5480_img|2152_img|2810_img|2475_img|5164_img|1047_img|751_img|230_img|435_img|4522_img|5192_img|2081_img|4890_img|35_img|2147_img
2605,HOME,AmazonBasics,Fabric,"AmazonBasics Fabric 5-Drawer Storage Organizer - Replacement Drawers, Pale Pink (Renewed)",B08CQNYMMP.jpg,"a photo of a AmazonBasics Fabric 5-Drawer Storage Organizer - Replacement Drawers, Pale Pink (Renewed)",1,0,2605_img|385_img|5253_img|27_img|5375_img|1694_img|1546_img|3979_img|2077_img|3287_img|1821_img|898_img|5532_img|828_img|1064_img|543_img|1369_img|5092_img|728_img|4100_img
2608,KITCHEN,AmazonBasics,Metallo,"Cesto per la frutta in filo metallico AmazonBasics, con base in legno",B07Z4Y2GGH.jpg,"a photo of a Cesto per la frutta in filo metallico AmazonBasics, con base in legno",1,4,4271_img|2774_img|429_img|2835_img|2608_img|3110_img|1882_img|1003_img|192_img|4390_img|54_img|619_img|4504_img|3223_img|5378_img|325_img|5391_img|3075_img|743_img|1643_img
2609,WALL_ART,Stone & Beam,Plastic,"Amazon Brand - Stone & Beam Modern Yellow Abstract Print Wall Art, White Frame, 18"" x 22""",B073P1F31Y.jpg,"a photo of a Amazon Brand - Stone & Beam Modern Yellow Abstract Print Wall Art, White Frame, 18"" x 22""",1,0,2609_img|2650_img|3696_img|431_img|246_img|962_img|4302_img|952_img|5332_img|545_img|1329_img|1359_img|5330_img|404_img|4842_img|5289_img|2589_img|4286_img|2035_img|1438_img
2615,FINERING,Amazon Collection,Not applicable,"Yellow-Gold-Plated Sterling Silver Oval-Shape Citrine and Swarovski Zirconia with Textured Finish Ring, Size 8",B0747ZXM7Q.jpg,"a photo of a Yellow-Gold-Plated Sterling Silver Oval-Shape Citrine and Swarovski Zirconia with Textured Finish Ring, Size 8",1,0,2615_img|4223_img|2419_img|4145_img|3598_img|1781_img|1934_img|4395_img|2054_img|566_img|3180_img|4819_img|272_img|4670_img|404_img|4453_img|4829_img|4382_img|396_img|1643_img
2619,RUG,Rivet,wool,"Rivet Modern Intertwined Wool Rug, 7""6' x 9""6', Silver",B073FBK8GB.jpg,"a photo of a Rivet Modern Intertwined Wool Rug, 7""6' x 9""6', Silver",1,9,317_img|5464_img|4311_img|5096_img|5194_img|5378_img|2439_img|1691_img|2451_img|2619_img|5164_img|4924_img|3251_img|5070_img|2992_img|4050_img|1761_img|4217_img|2528_img|5256_img
2620,SHOES,Amazon Brand - Symbol,Leather,Amazon Brand - Symbol Men's Brogue leather formal shoes,B075T4SM1Y.jpg,a photo of a Amazon Brand - Symbol Men's Brogue leather formal shoes,1,0,2620_img|1483_img|1548_img|4038_img|2721_img|5410_img|4632_img|3461_img|2900_img|5231_img|4218_img|1119_img|3220_img|443_img|3505_img|1829_img|1417_img|688_img|5390_img|2347_img
2631,SHOES,CARE OF by PUMA,Satin,"CARE OF by PUMA Women's Satin Trainer, Black, US 10.5",B07R58Y55P.jpg,"a photo of a CARE OF by PUMA Women's Satin Trainer, Black, US 10.5",1,0,2631_img|3771_img|655_img|681_img|4269_img|826_img|1693_img|724_img|4861_img|335_img|1631_img|543_img|5430_img|201_img|1548_img|5463_img|4389_img|3731_img|1099_img|2295_img
2633,FINERING,Amazon Collection,Metal,"Anillo de plata de ley chapado en oro o platino de corte redondo de 5 piedras fabricado con circonita Swarovski,plateado (Platinum Plated Silver),Size 5",B014WC3D64.jpg,"a photo of a Anillo de plata de ley chapado en oro o platino de corte redondo de 5 piedras fabricado con circonita Swarovski,plateado (Platinum Plated Silver),Size 5",0,-1,853_img|1868_img|3127_img|4710_img|1756_img|2433_img|1667_img|5059_img|4364_img|5132_img|396_img|5336_img|2136_img|3180_img|4243_img|2142_img|5418_img|4670_img|3754_img|1098_img
2634,FINENECKLACEBRACELETANKLET,Amazon Collection,metal,"14k Yellow Gold Bezel Set Solitaire Adjustable Pendant Necklace (1/2cttw, J-K Color, I1-I2 Clarity), 16"" + 2"" Extender",B01GUYFJSM.jpg,"a photo of a 14k Yellow Gold Bezel Set Solitaire Adjustable Pendant Necklace (1/2cttw, J-K Color, I1-I2 Clarity), 16"" + 2"" Extender",1,1,1603_img|2634_img|3249_img|133_img|4470_img|4382_img|1999_img|765_img|4282_img|5562_img|3260_img|775_img|4979_img|3046_img|839_img|1589_img|1532_img|619_img|5308_img|985_img
2635,HOME_BED_AND_BATH,Amazon Brand - Solimo,PVC,Amazon Brand - Solimo PVC Design Dining Table Cover,B07QTCQ7RV.jpg,a photo of a Amazon Brand - Solimo PVC Design Dining Table Cover,1,15,4048_img|633_img|1325_img|4965_img|3774_img|2874_img|1764_img|696_img|2152_img|2810_img|1856_img|5411_img|4172_img|886_img|191_img|2635_img|5192_img|1821_img|828_img|477_img
2642,SHOES,206 Collective,Leather,"206 Collective Women's Ballard Chelsea Ankle Boot, Chocolate Brown Leather, 6 B US",B01N7Z0EN9.jpg,"a photo of a 206 Collective Women's Ballard Chelsea Ankle Boot, Chocolate Brown Leather, 6 B US",1,0,2642_img|826_img|4269_img|2040_img|3910_img|1224_img|1732_img|4837_img|256_img|4253_img|4504_img|2992_img|5229_img|3194_img|681_img|2631_img|3771_img|1121_img|4588_img|5457_img
2650,WALL_ART,Rivet,Paper,"Amazon Brand - Rivet Glamorous Gold Lipstick Print Wall Art in Black Frame, 18"" x 22""",B073P16J68.jpg,"a photo of a Amazon Brand - Rivet Glamorous Gold Lipstick Print Wall Art in Black Frame, 18"" x 22""",1,0,2650_img|952_img|962_img|4302_img|246_img|1329_img|545_img|5289_img|2516_img|3063_img|592_img|2609_img|1359_img|3696_img|5391_img|4504_img|4286_img|2035_img|1231_img|4842_img
2653,TABLE,Alkove,Quercia Selvatica e metallo,"Marchio Amazon - Alkove Hayes - Tavolino da caffe in stile contemporaneo, 90 x 90 x 40 cm, quercia silvestre, olio naturale",B07SG5GBL6.jpg,"a photo of a Marchio Amazon - Alkove Hayes - Tavolino da caffe in stile contemporaneo, 90 x 90 x 40 cm, quercia silvestre, olio naturale",1,0,2653_img|2001_img|4275_img|4279_img|2796_img|5401_img|1937_img|4602_img|4447_img|4545_img|572_img|1653_img|3825_img|2296_img|630_img|1003_img|540_img|5148_img|5427_img|3223_img
2655,TABLE,Stone & Beam,Wood,"Amazon Brand - Stone & Beam Coastal Breeze Accent Side End Table, 27.5""W, Natural and White",B075Z96L53.jpg,"a photo of a Amazon Brand - Stone & Beam Coastal Breeze Accent Side End Table, 27.5""W, Natural and White",1,1,300_img|2655_img|298_img|1614_img|1047_img|2484_img|3288_img|230_img|2808_img|1389_img|5480_img|2531_img|1430_img|5390_img|4206_img|1605_img|1936_img|5424_img|1479_img|2510_img
2659,CELLULAR_PHONE_CASE,Amazon Brand - Solimo,Plastic,Amazon Brand - Solimo Designer Lady Vector Pattern 3D Printed Hard Back Case Mobile Cover for Oppo Reno 2,B08569LTMS.jpg,a photo of a Amazon Brand - Solimo Designer Lady Vector Pattern 3D Printed Hard Back Case Mobile Cover for Oppo Reno 2,1,1,1590_img|2659_img|5561_img|2010_img|5446_img|4584_img|4013_img|2564_img|390_img|1844_img|274_img|94_img|910_img|4269_img|3964_img|826_img|4141_img|4634_img|2557_img|5262_img
2662,HOME,UMI,tyg,UMI. Essentials 2 stycken mork forhangning iogonfallande gardiner med ortband 183 x 117 beige,B07KNK5SPH.jpg,a photo of a UMI. Essentials 2 stycken mork forhangning iogonfallande gardiner med ortband 183 x 117 beige,1,1,1992_img|2662_img|2478_img|3187_img|320_img|2835_img|1887_img|162_img|4482_img|4409_img|3906_img|1342_img|799_img|5200_img|429_img|681_img|2501_img|744_img|4857_img|962_img
2671,CELLULAR_PHONE_CASE,Amazon Brand - Solimo,Silicon,Amazon Brand - Solimo Designer Color Shade UV Printed Soft Back Case Mobile Cover for Vivo U20,B0821DM4ZV.jpg,a photo of a Amazon Brand - Solimo Designer Color Shade UV Printed Soft Back Case Mobile Cover for Vivo U20,1,0,2671_img|1512_img|4441_img|5262_img|1010_img|1101_img|2535_img|5230_img|1361_img|4013_img|710_img|1844_img|4263_img|215_img|546_img|3041_img|5433_img|3165_img|680_img|404_img
2672,HOME_BED_AND_BATH,Pinzon by Amazon,Polyester,Pinzon by Amazon Microfibre Fitted Sheet,B00M92MKSM.jpg,a photo of a Pinzon by Amazon Microfibre Fitted Sheet,1,0,2672_img|5219_img|828_img|540_img|5148_img|5427_img|5417_img|2112_img|3660_img|890_img|2756_img|3341_img|1764_img|158_img|1125_img|1612_img|319_img|2578_img|4915_img|4139_img
2678,FINERING,Amazon Collection,metal,"Platinum-Plated Sterling Silver Round 3-Stone Ring made with Swarovski Zirconia (1 cttw), Size 7",B00FXWARM6.jpg,"a photo of a Platinum-Plated Sterling Silver Round 3-Stone Ring made with Swarovski Zirconia (1 cttw), Size 7",1,6,2633_img|1756_img|4536_img|4364_img|2433_img|2934_img|2678_img|853_img|5059_img|2554_img|396_img|1098_img|4829_img|4243_img|435_img|2142_img|3843_img|4463_img|1532_img|4878_img
2681,KITCHEN,Mr Bar B Q,Stainless Steel,Stainless-Steel Fish Spatula,B000M4YEDS.jpg,a photo of a Stainless-Steel Fish Spatula,1,3,5266_img|4271_img|3477_img|2681_img|2883_img|2578_img|2451_img|3399_img|4488_img|1219_img|429_img|2551_img|2028_img|2587_img|5303_img|888_img|4203_img|4958_img|190_img|3487_img
2683,WALL_ART,Stone & Beam,canvas,"Amazon Brand - Stone & Beam Traditional Coastal Landscape Print Wall Art Decor on Canvas - 35"" x 35""",B07HSMQVLP.jpg,"a photo of a Amazon Brand - Stone & Beam Traditional Coastal Landscape Print Wall Art Decor on Canvas - 35"" x 35""",1,1,3946_img|2683_img|1506_img|252_img|2693_img|939_img|5027_img|1504_img|4541_img|1696_img|508_img|4730_img|4465_img|2436_img|2453_img|2930_img|4673_img|4263_img|1263_img|2472_img
2686,RUG,Rivet,fibers,"Rivet Vibrant Medallion Rug, 7'6"" x 9'6"", Pink",B0714MJL15.jpg,"a photo of a Rivet Vibrant Medallion Rug, 7'6"" x 9'6"", Pink",1,0,2686_img|211_img|4933_img|5370_img|5387_img|870_img|2063_img|3199_img|38_img|2576_img|200_img|390_img|731_img|5161_img|178_img|3526_img|4430_img|5430_img|5362_img|588_img
2690,RUG,Stone & Beam,jute,"Amazon Brand - Stone & Beam Modern Jute Area Rug, 4 x 6 Foot, Nuetral Multicolor",B07HSN8CV8.jpg,"a photo of a Amazon Brand - Stone & Beam Modern Jute Area Rug, 4 x 6 Foot, Nuetral Multicolor",1,0,2690_img|5357_img|1554_img|4217_img|5510_img|1361_img|261_img|332_img|4180_img|3178_img|5362_img|4555_img|5408_img|258_img|4609_img|3830_img|1529_img|2984_img|761_img|4854_img
2693,WALL_ART,Rivet,wood,"Amazon Brand - Rivet Lakeside Snow-Capped Mountains Printed on Wood Wall Art, 16"" x 20""",B073P5V2LX.jpg,"a photo of a Amazon Brand - Rivet Lakeside Snow-Capped Mountains Printed on Wood Wall Art, 16"" x 20""",1,2,939_img|5027_img|2693_img|4673_img|2930_img|2453_img|609_img|508_img|4730_img|252_img|2683_img|4263_img|1506_img|2934_img|4999_img|1685_img|1438_img|2436_img|4465_img|3946_img
2694,KITCHEN,AmazonBasics,Silicone,"(Renewed) AmazonBasics Silicone Spatula Set, 3-Pieces, Grey",B08232KJZS.jpg,"a photo of a (Renewed) AmazonBasics Silicone Spatula Set, 3-Pieces, Grey",1,2,2551_img|4203_img|2694_img|2028_img|898_img|4134_img|5470_img|2167_img|3979_img|1219_img|2834_img|841_img|3477_img|2605_img|1641_img|385_img|4523_img|5235_img|648_img|3877_img
2696,HOME,Stone & Beam,Pierre,"Stone & Beam Pierre et Faisceau Vintage Wood decoratifs Vin Riddling Rack, 78,7 cm H, Marron Clair",B078JH8LKB.jpg,"a photo of a Stone & Beam Pierre et Faisceau Vintage Wood decoratifs Vin Riddling Rack, 78,7 cm H, Marron Clair",1,11,3075_img|5350_img|659_img|4212_img|4344_img|1800_img|743_img|3194_img|3287_img|429_img|197_img|2696_img|3223_img|2835_img|1949_img|5126_img|2591_img|2572_img|4541_img|2655_img
2700,HOME_BED_AND_BATH,AmazonBasics,100% katoen,AmazonBasics 'Everyday' beddengoedset van 100% katoen,B00UZ6QV1G.jpg,a photo of a AmazonBasics 'Everyday' beddengoedset van 100% katoen,0,-1,828_img|1821_img|2786_img|5375_img|3477_img|1546_img|898_img|3877_img|4602_img|1064_img|4134_img|3399_img|1212_img|4139_img|27_img|4039_img|3968_img|2077_img|321_img|1325_img
2704,HOME_BED_AND_BATH,Pinzon by Amazon,pamuk,"Pinzon Ultrasoft 300 yatak takm perkal pamuktan, gri - Wild Dove, pamuk, Gri, 200 x 200 cm & 2 Kissenbezuge (65 x 65 cm)",B00EQ5G356.jpg,"a photo of a Pinzon Ultrasoft 300 yatak takm perkal pamuktan, gri - Wild Dove, pamuk, Gri, 200 x 200 cm & 2 Kissenbezuge (65 x 65 cm)",0,-1,4965_img|696_img|1663_img|5411_img|1765_img|1568_img|4961_img|4244_img|1764_img|4039_img|2152_img|158_img|1125_img|1612_img|189_img|2143_img|4420_img|5326_img|115_img|319_img
2711,FINERING,Amazon Collection,rhinestone;,"Platinum-Plated Sterling Silver Asscher-Cut 3-Stone Ring made with Swarovski Zirconia (1 cttw), Size 8",B01N6S6S5V.jpg,"a photo of a Platinum-Plated Sterling Silver Asscher-Cut 3-Stone Ring made with Swarovski Zirconia (1 cttw), Size 8",1,0,2711_img|1490_img|4024_img|1292_img|5573_img|1253_img|1746_img|4945_img|4486_img|3919_img|2934_img|293_img|3127_img|787_img|5394_img|5498_img|5131_img|248_img|435_img|4819_img
2713,CHAIR,AmazonBasics,Alloy Steel,"AmazonBasics Outdoor Patio Folding Rocking Chair, Beige",B07HMPQBYH.jpg,"a photo of a AmazonBasics Outdoor Patio Folding Rocking Chair, Beige",1,0,2713_img|2737_img|2565_img|2591_img|3734_img|2272_img|1964_img|4793_img|2874_img|2890_img|4956_img|886_img|1064_img|5555_img|2147_img|3774_img|3630_img|5065_img|2126_img|2786_img
2721,SHOES,Amazon Brand - Symbol,Leather,Amazon Brand - Symbol Men's Grey Leather Formal Shoes-10 UK/India (44 EU)(AZ-OM-231A),B079T3W7F7.jpg,a photo of a Amazon Brand - Symbol Men's Grey Leather Formal Shoes-10 UK/India (44 EU)(AZ-OM-231A),1,0,2721_img|1483_img|4632_img|1548_img|2620_img|5410_img|2797_img|1829_img|5231_img|3461_img|5241_img|2846_img|4038_img|343_img|2105_img|2754_img|675_img|688_img|443_img|4218_img
2728,HOME,UMI,Metall,"UMI. Essentials Vintage Metal Picture Frame with Heart on Edge for Table Display, Black , 13x18 cm",B07L5HFBJS.jpg,"a photo of a UMI. Essentials Vintage Metal Picture Frame with Heart on Edge for Table Display, Black , 13x18 cm",1,0,2728_img|4144_img|625_img|4344_img|1106_img|592_img|3222_img|1957_img|2650_img|4465_img|4286_img|576_img|743_img|1231_img|4225_img|678_img|2038_img|5229_img|5092_img|4541_img
2733,CHAIR,Stone & Beam,Textile,"Amazon Brand - Stone & Beam Fischer Sleeper Chair, 51""W, Blue Fabric",B07HYYBHW1.jpg,"a photo of a Amazon Brand - Stone & Beam Fischer Sleeper Chair, 51""W, Blue Fabric",1,3,924_img|2416_img|1690_img|2733_img|4840_img|2540_img|3053_img|4178_img|5253_img|1539_img|4185_img|1781_img|3041_img|3660_img|5315_img|2021_img|3855_img|4993_img|4308_img|4488_img
2737,CHAIR,Ravenna Home,Wooden frame; Polyester/linen blend,"Amazon Brand - Ravenna Home Kaiden Patterned Accent Chair, 33""W, Herringbone",B07DB8XFFP.jpg,"a photo of a Amazon Brand - Ravenna Home Kaiden Patterned Accent Chair, 33""W, Herringbone",1,0,2737_img|225_img|1677_img|950_img|4206_img|1964_img|5390_img|5356_img|3354_img|688_img|4980_img|141_img|190_img|2797_img|5252_img|2103_img|1765_img|495_img|5419_img|1732_img
2741,FINENECKLACEBRACELETANKLET,Amazon Collection,Not applicable,Silver Plated Swarovski Emerald Crystal Birthstone Pendant Necklace (May),B075SHM3M1.jpg,a photo of a Silver Plated Swarovski Emerald Crystal Birthstone Pendant Necklace (May),1,0,2741_img|4878_img|3626_img|3046_img|985_img|3012_img|5078_img|1934_img|1459_img|1532_img|5172_img|1999_img|4572_img|1502_img|5499_img|560_img|2043_img|5354_img|566_img|4268_img
2742,FINEEARRING,Amazon Collection,non applicabile,"Orecchini a monachella in oro 10k con pietre preziose rotonde create o autentiche,Citrino,8mm",B01GPY70Q6.jpg,"a photo of a Orecchini a monachella in oro 10k con pietre preziose rotonde create o autentiche,Citrino,8mm",1,2,2414_img|638_img|2742_img|3059_img|302_img|1158_img|4573_img|2354_img|800_img|2519_img|5077_img|1453_img|1502_img|4085_img|4315_img|4169_img|180_img|536_img|5172_img|3598_img
2745,KITCHEN,UMI,Crystal,"Umi Red Wine Glasses Lead Free 15oz with Clear Long Crystal Diamond Stem - Birthday, Anniversary or Wedding Gifts",B07FS68L6N.jpg,"a photo of a Umi Red Wine Glasses Lead Free 15oz with Clear Long Crystal Diamond Stem - Birthday, Anniversary or Wedding Gifts",1,0,2745_img|600_img|3288_img|744_img|5192_img|1614_img|3487_img|502_img|2728_img|4187_img|5308_img|1800_img|381_img|4827_img|1389_img|2510_img|1605_img|3301_img|5341_img|1609_img
2754,SHOES,Amazon Brand - Symbol,Synthetic,Amazon Brand - Symbol Men's Brown PU Formal Shoes - 6 UK (AZ-SY-425),B07VTDBP4K.jpg,a photo of a Amazon Brand - Symbol Men's Brown PU Formal Shoes - 6 UK (AZ-SY-425),1,0,2754_img|3505_img|443_img|4218_img|1829_img|4632_img|2620_img|4038_img|2721_img|4212_img|5410_img|3461_img|4588_img|5231_img|3910_img|256_img|5306_img|4980_img|2040_img|1224_img
2756,HOME_BED_AND_BATH,Pinzon by Amazon,100% cotton,"Pinzon by Amazon 'Everyday' Spannbetttuch, Baumwolle, 90 x190 x 30 cm - Wei",B00MGSKW7K.jpg,"a photo of a Pinzon by Amazon 'Everyday' Spannbetttuch, Baumwolle, 90 x190 x 30 cm - Wei",1,0,2756_img|3341_img|5219_img|3883_img|319_img|2112_img|5417_img|2672_img|755_img|2094_img|4341_img|5355_img|1682_img|158_img|1125_img|1612_img|1099_img|540_img|5148_img|5427_img
2758,FINEEARRING,Amazon Collection,Metal,"Pendientes de tuerca de plata de ley con corte de cojin, diseno de tablero de ajedrez,Negro,8mm",B00UYGOMJK.jpg,"a photo of a Pendientes de tuerca de plata de ley con corte de cojin, diseno de tablero de ajedrez,Negro,8mm",1,0,2758_img|5077_img|2006_img|2414_img|5292_img|638_img|2354_img|3942_img|5049_img|2295_img|4191_img|536_img|378_img|3839_img|2519_img|302_img|1158_img|4573_img|3731_img|2742_img
2769,HOME_FURNITURE_AND_DECOR,Pinzon by Amazon,Lana,"Pinzon Sketchy Floral Hecha a Mano Alfombra de Lana, 7'6x9'6",B001LF4I7Y.jpg,"a photo of a Pinzon Sketchy Floral Hecha a Mano Alfombra de Lana, 7'6x9'6",1,0,2769_img|1765_img|4244_img|4069_img|115_img|590_img|5425_img|5322_img|2595_img|4549_img|4430_img|4319_img|2026_img|5326_img|2063_img|1774_img|5446_img|1663_img|2600_img|3199_img
2774,TABLE,Stone & Beam,Stone,"Amazon Brand - Stone & Beam Mid-Century Round Coffee Table, 38.98"" Diameter, Fir and Natural",B07QD9BBRW.jpg,"a photo of a Amazon Brand - Stone & Beam Mid-Century Round Coffee Table, 38.98"" Diameter, Fir and Natural",1,0,2774_img|619_img|775_img|3825_img|36_img|4222_img|2531_img|692_img|3788_img|4545_img|4836_img|5408_img|5304_img|993_img|2117_img|1999_img|5170_img|192_img|133_img|175_img
2786,HOME_BED_AND_BATH,AmazonBasics,100% Polyester,AmazonBasics College Dorm Bed-in-a-Bag with Elastic Storage Pockets - Twin/Twin XL - Gold Grid,B0835DVYS7.jpg,a photo of a AmazonBasics College Dorm Bed-in-a-Bag with Elastic Storage Pockets - Twin/Twin XL - Gold Grid,1,1,5455_img|2786_img|4842_img|189_img|1369_img|1064_img|1329_img|5326_img|404_img|320_img|5195_img|4151_img|4139_img|4504_img|4039_img|952_img|3187_img|2077_img|5131_img|687_img
2790,KITCHEN,Eono,Fabric,EONO Folding Lunch Cooler,B07DBMB2MV.jpg,a photo of a EONO Folding Lunch Cooler,1,6,5253_img|1694_img|1546_img|27_img|4100_img|1212_img|2790_img|1980_img|5071_img|5375_img|1527_img|3949_img|2578_img|898_img|828_img|1406_img|2021_img|2713_img|1064_img|3083_img
2796,HOME_FURNITURE_AND_DECOR,Movian,Legno,"Marchio Amazon - Movian, mobile con cassetti modello Natura, quercia",B07GFRKM2T.jpg,"a photo of a Marchio Amazon - Movian, mobile con cassetti modello Natura, quercia",0,-1,1653_img|3083_img|5072_img|5064_img|2810_img|1034_img|648_img|886_img|3630_img|630_img|1613_img|477_img|4510_img|4172_img|179_img|4602_img|5433_img|593_img|5401_img|2126_img
2797,CHAIR,Ravenna Home,Wood,"Amazon Brand - Ravenna Home Westcott Curved Tufted Rolled Arm Accent Chair, 34""W, Charcoal",B07DBF3S66.jpg,"a photo of a Amazon Brand - Ravenna Home Westcott Curved Tufted Rolled Arm Accent Chair, 34""W, Charcoal",1,7,5133_img|3976_img|141_img|2284_img|688_img|3230_img|4980_img|2797_img|950_img|5356_img|1732_img|1605_img|1389_img|2808_img|3244_img|140_img|1964_img|4200_img|190_img|1614_img
2798,HOME_BED_AND_BATH,AmazonBasics,Flanelle,"AmazonBasics Bettwascheset, Baumwollflanell, rot kariert 200x200 cm, 2 kissenbezuge 80x80 cm",B013B1W7ZA.jpg,"a photo of a AmazonBasics Bettwascheset, Baumwollflanell, rot kariert 200x200 cm, 2 kissenbezuge 80x80 cm",1,0,2798_img|1928_img|2075_img|2812_img|227_img|2700_img|1600_img|744_img|1529_img|3830_img|737_img|178_img|3301_img|4565_img|4420_img|873_img|2211_img|51_img|638_img|731_img
2808,TABLE,Ravenna Home,Pine,"Amazon Brand - Ravenna Home Traditional Solid Pine End Table, 47""H, Black Finish",B07M6PJ4NW.jpg,"a photo of a Amazon Brand - Ravenna Home Traditional Solid Pine End Table, 47""H, Black Finish",1,1,1605_img|2808_img|3288_img|1389_img|1614_img|5451_img|300_img|298_img|1964_img|2598_img|5356_img|230_img|4081_img|1284_img|2531_img|475_img|2655_img|3874_img|5192_img|1479_img
2810,TABLE,Movian,Glass,"ABC Home Scandinavian Style Chrome Lamp Table, Black",B001JMUCP6.jpg,"a photo of a ABC Home Scandinavian Style Chrome Lamp Table, Black",0,-1,475_img|1614_img|1389_img|192_img|1605_img|3230_img|2808_img|993_img|5170_img|1856_img|1577_img|3976_img|1720_img|4200_img|633_img|4081_img|140_img|5341_img|230_img|5133_img
2812,HOME,Pinzon by Amazon.com,Flannel,"Pinzon 160-Gram Solid Flannel Full/Queen Duvet Cover, Orchid",B0013TV6UU.jpg,"a photo of a Pinzon 160-Gram Solid Flannel Full/Queen Duvet Cover, Orchid",1,1,4244_img|2812_img|189_img|5195_img|3907_img|4792_img|2403_img|4762_img|604_img|1152_img|328_img|5442_img|1378_img|4420_img|1568_img|5454_img|3059_img|324_img|2704_img|5283_img
2816,SHOES,Amazon Brand - Symbol,Synthetic,Amazon Brand - Symbol Men's Tan Synthetic Moccasins-7 UK/India (41 EU) (AZ-KY-288A),B079V42NNW.jpg,a photo of a Amazon Brand - Symbol Men's Tan Synthetic Moccasins-7 UK/India (41 EU) (AZ-KY-288A),1,7,5281_img|5349_img|2040_img|5584_img|4218_img|4038_img|3461_img|2816_img|5065_img|4124_img|2620_img|5408_img|4696_img|4453_img|4359_img|443_img|1301_img|1417_img|1698_img|4565_img
2826,SOFA,AmazonBasics,aluminum,AmazonBasics Aluminum Outdoor L-Shaped Sofa Lounge Set with Cushions and Table - Grey,B07ZTPL42H.jpg,a photo of a AmazonBasics Aluminum Outdoor L-Shaped Sofa Lounge Set with Cushions and Table - Grey,1,0,2826_img|1874_img|4955_img|50_img|169_img|2497_img|4369_img|3774_img|2874_img|294_img|1563_img|4048_img|2404_img|5470_img|2321_img|4203_img|1701_img|4956_img|2551_img|3504_img
2834,KITCHEN,Amazon Brand - Solimo,Aluminium,"Amazon Brand - Solimo Inner Lid Pressure Cooker Spare Parts set for 5L (1 Gasket, 1 Regulator, 1 Vent Tube with Nut and washer)",B07PCD7KRS.jpg,"a photo of a Amazon Brand - Solimo Inner Lid Pressure Cooker Spare Parts set for 5L (1 Gasket, 1 Regulator, 1 Vent Tube with Nut and washer)",1,0,2834_img|926_img|1641_img|4212_img|1620_img|659_img|2758_img|660_img|5452_img|4134_img|711_img|1527_img|4865_img|860_img|898_img|5440_img|4191_img|2681_img|4526_img|729_img
2835,HOME,UMI,Textura,UMI. by Amazon - Cortinas Opacas de Salon Decoracion para Habitacion Dormitorio Moderno con Ojales 2 Piezas 140x280cm Gris Claro,B07TLHSBR7.jpg,a photo of a UMI. by Amazon - Cortinas Opacas de Salon Decoracion para Habitacion Dormitorio Moderno con Ojales 2 Piezas 140x280cm Gris Claro,1,0,2835_img|2662_img|2478_img|799_img|5200_img|4482_img|1992_img|744_img|950_img|1342_img|2846_img|1887_img|5241_img|429_img|5175_img|4344_img|5352_img|890_img|2797_img|2404_img
2842,HOME,Amazon Brand - Solimo,Plastic,"Amazon Brand - Solimo Plastic Multipurpose Modular Drawer, 4 Racks, Multicolor",B081K6CDYR.jpg,"a photo of a Amazon Brand - Solimo Plastic Multipurpose Modular Drawer, 4 Racks, Multicolor",1,0,2842_img|3979_img|2167_img|2126_img|3287_img|1694_img|898_img|1382_img|2786_img|3893_img|3774_img|5092_img|5094_img|834_img|3630_img|2565_img|4134_img|2798_img|1110_img|4793_img
2846,SHOES,Amazon Brand - Symbol,Polyester,Amazon Brand - Symbol Men's Grey Sneakers-6 (AZ-YS-205 B),B07BDZQR26.jpg,a photo of a Amazon Brand - Symbol Men's Grey Sneakers-6 (AZ-YS-205 B),1,0,2846_img|675_img|1583_img|343_img|2105_img|3394_img|440_img|4890_img|786_img|3990_img|1571_img|4359_img|1631_img|2721_img|5241_img|2956_img|890_img|5483_img|950_img|655_img
2859,SOFA,Stone & Beam,Polyester,"Amazon Brand - Stone & Beam Devonshire Modern Farmhouse Sectional Sofa Couch, 114""W, Tweed",B0831X8LWR.jpg,"a photo of a Amazon Brand - Stone & Beam Devonshire Modern Farmhouse Sectional Sofa Couch, 114""W, Tweed",1,9,3504_img|2355_img|4866_img|5175_img|987_img|294_img|1499_img|2321_img|1410_img|2859_img|36_img|1701_img|163_img|5505_img|1019_img|1766_img|50_img|1563_img|618_img|1874_img
2872,KITCHEN,Amazon Brand - Solimo,Aluminium,"Amazon Brand - Solimo Hard Anodized Casserole with Induction Bottom and Glass Lid (20cm, 2L)",B07P7W7RW9.jpg,"a photo of a Amazon Brand - Solimo Hard Anodized Casserole with Induction Bottom and Glass Lid (20cm, 2L)",1,0,2872_img|2587_img|3949_img|175_img|1706_img|475_img|5071_img|1226_img|4725_img|251_img|1605_img|4081_img|2959_img|860_img|1915_img|4526_img|1156_img|532_img|5152_img|2448_img
2874,CHAIR,AmazonBasics,Aluminium,AmazonBasics Bain de soleil pliant en aluminium avec trois pieds et pare-soleil Reglable 5 positions Beige,B07WCVT3GC.jpg,a photo of a AmazonBasics Bain de soleil pliant en aluminium avec trois pieds et pare-soleil Reglable 5 positions Beige,0,-1,3187_img|320_img|4504_img|4842_img|2478_img|2681_img|3477_img|1064_img|2816_img|648_img|180_img|378_img|1512_img|4865_img|477_img|1329_img|5457_img|2694_img|2786_img|5262_img
2883,KITCHEN,Amazon Brand - Solimo,Aluminium,"Amazon Brand - Solimo Die Cast Aluminium Non Stick Tawa (30cm, 5 layer coating)",B07P7W8PXQ.jpg,"a photo of a Amazon Brand - Solimo Die Cast Aluminium Non Stick Tawa (30cm, 5 layer coating)",1,0,2883_img|1645_img|1706_img|4725_img|1226_img|2587_img|175_img|1980_img|4367_img|3232_img|5266_img|2872_img|325_img|712_img|3399_img|2672_img|2144_img|1532_img|888_img|1967_img
2890,CHAIR,Strathwood by Amazon.com,Aluminum,"Strathwood Falkner Lounge Deep Seat Arm Chair, Set of 2",B000HC0E3E.jpg,"a photo of a Strathwood Falkner Lounge Deep Seat Arm Chair, Set of 2",1,0,2890_img|2565_img|2591_img|5185_img|4586_img|834_img|3734_img|2713_img|2126_img|4793_img|4297_img|1964_img|150_img|5555_img|4134_img|2272_img|3437_img|4046_img|4956_img|2694_img
2899,CHAIR,Rivet,Polyester,"Amazon Brand - Rivet Eli Modern Curved-Back Dining Chair, Set of 2, 19.3""W, Flannel",B0853L224Z.jpg,"a photo of a Amazon Brand - Rivet Eli Modern Curved-Back Dining Chair, Set of 2, 19.3""W, Flannel",1,0,2899_img|4297_img|150_img|1758_img|4046_img|1224_img|4523_img|4586_img|4367_img|5185_img|1660_img|5013_img|2890_img|140_img|2515_img|2992_img|2591_img|190_img|895_img|5440_img
2900,SHOES,Amazon Brand - Symbol,Synthetic,Amazon Brand - Symbol Men's Black Synthetic Formal Shoes - 9 UK (AZ-KY-92A),B075Z4S4MG.jpg,a photo of a Amazon Brand - Symbol Men's Black Synthetic Formal Shoes - 9 UK (AZ-KY-92A),1,6,5231_img|5410_img|1119_img|3220_img|1548_img|4632_img|2900_img|1483_img|1829_img|3505_img|1915_img|2575_img|2620_img|1605_img|1389_img|4038_img|4657_img|1693_img|2448_img|2808_img
2930,CELLULAR_PHONE_CASE,Amazon Brand - Solimo,Silicone,Amazon Brand - Solimo Designer Lake Mountain UV Printed Soft Back Case Mobile Cover for Samsung Galaxy M40,B0856B5WPG.jpg,a photo of a Amazon Brand - Solimo Designer Lake Mountain UV Printed Soft Back Case Mobile Cover for Samsung Galaxy M40,1,0,2930_img|609_img|1504_img|2693_img|4263_img|2535_img|5230_img|939_img|5027_img|2950_img|368_img|3165_img|2934_img|4673_img|2671_img|4634_img|4537_img|4572_img|3607_img|1512_img
2934,FINERING,Amazon Collection,metal,"Platinum-Plated Sterling Silver Round 3-Stone Ring made with Swarovski Zirconia (3 cttw), Size 6",B00FXW7ISC.jpg,"a photo of a Platinum-Plated Sterling Silver Round 3-Stone Ring made with Swarovski Zirconia (3 cttw), Size 6",1,5,2633_img|1756_img|4536_img|4364_img|2433_img|2934_img|2678_img|853_img|5059_img|2554_img|396_img|1098_img|4243_img|4829_img|435_img|2142_img|3843_img|4463_img|1532_img|4878_img
2950,CELLULAR_PHONE_CASE,Amazon Brand - Solimo,Silicon,Amazon Brand - Solimo Designer Water Drops UV Printed Soft Back Case Mobile Cover for Lenovo K3 Note / A7000,B0857LD5BL.jpg,a photo of a Amazon Brand - Solimo Designer Water Drops UV Printed Soft Back Case Mobile Cover for Lenovo K3 Note / A7000,1,1,368_img|2950_img|2535_img|5086_img|4915_img|4988_img|1506_img|4584_img|1844_img|3266_img|2671_img|910_img|1468_img|2010_img|4463_img|3607_img|5561_img|4634_img|3189_img|4199_img
2956,SHOES,Amazon Brand - Symbol,Mesh,Amazon Brand - Symbol Men's Beige Polyester Sneakers-6 (AZ-YS-203 E),B07914QSW3.jpg,a photo of a Amazon Brand - Symbol Men's Beige Polyester Sneakers-6 (AZ-YS-203 E),1,0,2956_img|4359_img|681_img|2816_img|4890_img|343_img|2105_img|675_img|5463_img|5322_img|1417_img|4151_img|5454_img|1571_img|5555_img|962_img|4302_img|1828_img|4504_img|443_img
2957,FINERING,Amazon Collection,platinum-plated-silver,"Platinum-Plated Sterling Silver Golden Yellow All-Around Band Ring made with Swarovski Zirconia, Size 7",B01ERB5XO0.jpg,"a photo of a Platinum-Plated Sterling Silver Golden Yellow All-Around Band Ring made with Swarovski Zirconia, Size 7",1,0,2957_img|5418_img|4710_img|1868_img|2589_img|243_img|396_img|2615_img|4223_img|772_img|5132_img|3843_img|4842_img|1551_img|4829_img|3260_img|3127_img|2136_img|2142_img|4819_img
2959,RUG,Stone & Beam,wool,"Amazon Brand - Stone & Beam Contemporary Mode Tone Wool Area Rug, 8 x 10 Foot, Dusty Blue",B0732D26C3.jpg,"a photo of a Amazon Brand - Stone & Beam Contemporary Mode Tone Wool Area Rug, 8 x 10 Foot, Dusty Blue",1,0,2959_img|1702_img|2031_img|1554_img|332_img|2528_img|1734_img|1361_img|5362_img|4702_img|5400_img|1814_img|5070_img|4095_img|1539_img|4217_img|930_img|1919_img|1634_img|2159_img
2961,SHOES,Flavia,Polyurethane,Flavia Women's White Fashion Sandals-7 UK (39 EU) (8 US) (FL/219/WHT),B07XRYN6HX.jpg,a photo of a Flavia Women's White Fashion Sandals-7 UK (39 EU) (8 US) (FL/219/WHT),1,0,2961_img|1625_img|1417_img|5584_img|4124_img|543_img|5065_img|4359_img|595_img|343_img|2105_img|5457_img|5463_img|1042_img|2152_img|2475_img|4890_img|4206_img|3893_img|1397_img
2973,FINEEARRING,Amazon Collection,metal,Platinum Plated Sterling Silver Stud Earrings set with Princess Brilliant Cut Swarovski Zirconia (3 cttw),B00FXW6NWY.jpg,a photo of a Platinum Plated Sterling Silver Stud Earrings set with Princess Brilliant Cut Swarovski Zirconia (3 cttw),1,0,2973_img|2006_img|5292_img|1660_img|2519_img|536_img|248_img|4315_img|2354_img|3095_img|895_img|631_img|787_img|4945_img|3919_img|60_img|5498_img|2446_img|5206_img|5450_img
2982,WALL_ART,Rivet,wood,"Amazon Brand - Rivet Multi-Colored World Map Print Wall Art in Gray Wood Frame, 40.5"" x 30.5""",B073NZPP5J.jpg,"a photo of a Amazon Brand - Rivet Multi-Colored World Map Print Wall Art in Gray Wood Frame, 40.5"" x 30.5""",1,0,2982_img|2562_img|1438_img|3240_img|508_img|4730_img|939_img|5027_img|1380_img|4403_img|4000_img|3965_img|3696_img|2693_img|197_img|533_img|2609_img|1804_img|1352_img|5347_img
2984,RUG,Stone & Beam,stone,"Amazon Brand - Stone & Beam Cooper Vintage Farmhouse Motif Wool Area Rug, 8 x 10 Foot, Charcoal and Beige",B0735TZD8F.jpg,"a photo of a Amazon Brand - Stone & Beam Cooper Vintage Farmhouse Motif Wool Area Rug, 8 x 10 Foot, Charcoal and Beige",1,1,2598_img|2984_img|1122_img|1284_img|2576_img|5322_img|5510_img|1734_img|677_img|4319_img|1936_img|4217_img|3977_img|3895_img|2295_img|1634_img|2031_img|1605_img|4916_img|2063_img
2992,FINEEARRING,Amazon Collection,Premium Material,Amazon Collection Gold Premium Material Fineearring,B074PV8MLZ.jpg,a photo of a Amazon Collection Gold Premium Material Fineearring,0,-1,1457_img|4373_img|3476_img|2463_img|4346_img|616_img|1543_img|4404_img|4151_img|660_img|962_img|4302_img|1122_img|3839_img|384_img|1129_img|4944_img|5036_img|4319_img|4504_img
3012,FINENECKLACEBRACELETANKLET,Amazon+Collection,Metal,Sterling Silver Cushion-Cut Checkerboard Mystic Topaz Pendant Necklace (6mm),B00UYGON08.jpg,a photo of a Sterling Silver Cushion-Cut Checkerboard Mystic Topaz Pendant Necklace (6mm),1,1,3626_img|3012_img|1502_img|4878_img|1934_img|566_img|4572_img|5303_img|5434_img|5172_img|560_img|1459_img|2741_img|4001_img|5078_img|2414_img|985_img|5046_img|2555_img|3942_img
3013,SOFA,Movian,Schaumstoff,"Amazon Brand - Movian Scutari - 3 Seater Sofa Bed, 181 x 83 x 82, Blue Velvet",B07QXY5X2Z.jpg,"a photo of a Amazon Brand - Movian Scutari - 3 Seater Sofa Bed, 181 x 83 x 82, Blue Velvet",1,2,1034_img|4308_img|3013_img|2448_img|2012_img|4369_img|4185_img|227_img|231_img|2112_img|3855_img|1493_img|4178_img|3060_img|1539_img|3041_img|1375_img|3660_img|4339_img|4830_img
3028,HOME,UMI,Poliuretano,"UMI Merryfeel Microfiber Duvet Cover Set,Lightweight and Soft Bedding Set (8 Sizes,12 Colours)(135x200+1x80x80cm,White)",B07PTZBQS5.jpg,"a photo of a UMI Merryfeel Microfiber Duvet Cover Set,Lightweight and Soft Bedding Set (8 Sizes,12 Colours)(135x200+1x80x80cm,White)",1,0,3028_img|3216_img|696_img|5442_img|4039_img|4782_img|4961_img|139_img|1132_img|1437_img|4965_img|2798_img|202_img|2471_img|3094_img|2034_img|1663_img|2478_img|1386_img|3037_img
3037,HOME,UMI,cotton,"UMI By Amazon 100% Organic Cotton 1 Fitted Sheet Only, 300 Thread Count Soft Sateen Weave GOTS Certified with 30cm deep Pockets Size -Double, Color- Heather",B08F4L8GC6.jpg,"a photo of a UMI By Amazon 100% Organic Cotton 1 Fitted Sheet Only, 300 Thread Count Soft Sateen Weave GOTS Certified with 30cm deep Pockets Size -Double, Color- Heather",1,1,1386_img|3037_img|3906_img|1132_img|2143_img|3216_img|4199_img|4420_img|1568_img|4993_img|4961_img|5357_img|5411_img|3028_img|139_img|5072_img|1792_img|5442_img|463_img|698_img
3041,HOME_BED_AND_BATH,Pinzon by Amazon,Baumwolle,Pinzon Ultrasoft 300 Percale Cotton Duvet Cover Set - Blue - Sky Blue,B00EQ5FO3I.jpg,a photo of a Pinzon Ultrasoft 300 Percale Cotton Duvet Cover Set - Blue - Sky Blue,1,2,5045_img|924_img|3041_img|3855_img|5442_img|3028_img|5454_img|2704_img|5283_img|4039_img|2812_img|4762_img|5195_img|189_img|4800_img|328_img|3094_img|696_img|3216_img|4765_img
3046,FINENECKLACEBRACELETANKLET,Amazon Collection,metal,"18k Yellow Gold-Plated Sterling Silver Mandala Genuine Emerald Filigree Pendant Necklace, 18""",B00MCK2W1G.jpg,"a photo of a 18k Yellow Gold-Plated Sterling Silver Mandala Genuine Emerald Filigree Pendant Necklace, 18""",1,0,3046_img|4878_img|2741_img|3626_img|133_img|1999_img|1934_img|985_img|1532_img|3012_img|1459_img|5078_img|3526_img|5041_img|2043_img|2634_img|3994_img|1410_img|4001_img|560_img
3053,SOFA,Stone & Beam,stone,"Amazon Brand - Stone & Beam Carrigan Casual Loveseat, 68""W, Navy",B07HZ4XHMX.jpg,"a photo of a Amazon Brand - Stone & Beam Carrigan Casual Loveseat, 68""W, Navy",1,1,4185_img|3053_img|4178_img|4840_img|2416_img|1915_img|514_img|2530_img|4432_img|4166_img|2183_img|2012_img|4308_img|687_img|1493_img|1188_img|2733_img|5226_img|1410_img|2448_img
3059,FINEEARRING,Amazon Collection,Not applicable,Sterling Silver Genuine African Amethyst 5mm and 3mm Three Stone February Birthstone Leverback Dangle Earrings,B01MF6URI3.jpg,a photo of a Sterling Silver Genuine African Amethyst 5mm and 3mm Three Stone February Birthstone Leverback Dangle Earrings,1,0,3059_img|2414_img|5041_img|264_img|1378_img|5519_img|2377_img|4169_img|4792_img|4924_img|800_img|2041_img|895_img|302_img|1158_img|4573_img|638_img|1930_img|5378_img|2742_img
3060,SOFA,Rivet,Wood,"Amazon Brand - Rivet Sloane Mid-Century Modern Sofa with Tufted Back, 79.9""W, Emerald Green",B07PBZVP19.jpg,"a photo of a Amazon Brand - Rivet Sloane Mid-Century Modern Sofa with Tufted Back, 79.9""W, Emerald Green",1,0,3060_img|2012_img|231_img|4866_img|1410_img|3230_img|4583_img|5332_img|3976_img|3626_img|5383_img|4200_img|3738_img|294_img|4001_img|4878_img|3244_img|1493_img|2448_img|687_img
3063,WALL_ART,Rivet,Wood,"Amazon Brand - Rivet Modern Gold Pyramid Triangle Print Wall Art, 20"" x 20"", White Frame",B073P6BG6M.jpg,"a photo of a Amazon Brand - Rivet Modern Gold Pyramid Triangle Print Wall Art, 20"" x 20"", White Frame",1,1,2516_img|3063_img|1329_img|5289_img|4144_img|2650_img|592_img|2693_img|4465_img|1359_img|952_img|58_img|5394_img|5131_img|188_img|4225_img|3696_img|3249_img|578_img|1562_img
3075,TABLE,Stone & Beam,metal,"Amazon Brand - Stone & Beam Gazelle Rustic Metal Nesting Side End Tables, 22""W, Set of 3, Weathered Taupe Gray",B07B7J42PQ.jpg,"a photo of a Amazon Brand - Stone & Beam Gazelle Rustic Metal Nesting Side End Tables, 22""W, Set of 3, Weathered Taupe Gray",1,0,3075_img|192_img|1479_img|5192_img|4046_img|2899_img|5341_img|5350_img|3937_img|4297_img|3194_img|1644_img|150_img|1614_img|2117_img|4545_img|5391_img|2835_img|3788_img|1936_img
3083,TABLE,Rivet,"MDF with walnut veneer, polished stainless steel","Amazon Brand - Rivet 1-Drawer End/Side Table, 40 x 40 x 54cm, MDF with Walnut Veneer/Polished Stainless Steel Frame",B07GDMC6LX.jpg,"a photo of a Amazon Brand - Rivet 1-Drawer End/Side Table, 40 x 40 x 54cm, MDF with Walnut Veneer/Polished Stainless Steel Frame",1,8,192_img|3788_img|993_img|3937_img|5424_img|1720_img|3194_img|1074_img|3083_img|2281_img|4545_img|4907_img|1936_img|1003_img|1479_img|5313_img|2531_img|4390_img|5391_img|4275_img
3094,HOME_BED_AND_BATH,AmazonBasics,Microfiber,"AmazonBasics Lightweight Super Soft Easy Care Microfiber Sheet Set with 16"" Deep Pockets - Full, Cream",B00Q7O9LK8.jpg,"a photo of a AmazonBasics Lightweight Super Soft Easy Care Microfiber Sheet Set with 16"" Deep Pockets - Full, Cream",1,0,3094_img|1099_img|1682_img|4762_img|2471_img|696_img|5454_img|328_img|202_img|189_img|4965_img|1663_img|5045_img|711_img|926_img|1437_img|5480_img|660_img|300_img|1546_img
3095,FINERING,Amazon Collection,metal,"Platinum-Plated Sterling Silver Princess-Cut 3-Stone Ring made with Swarovski Zirconia (1 cttw), Size 9",B012SZZM70.jpg,"a photo of a Platinum-Plated Sterling Silver Princess-Cut 3-Stone Ring made with Swarovski Zirconia (1 cttw), Size 9",1,1,248_img|3095_img|787_img|4945_img|5573_img|2711_img|631_img|5206_img|5450_img|772_img|3919_img|2973_img|243_img|5007_img|5498_img|293_img|1660_img|5394_img|5131_img|2006_img
3102,HOME_FURNITURE_AND_DECOR,AmazonBasics,Metal,"AmazonBasics Steel Mattress Foundation / Alternative to Traditional Box Spring for Twin Size Bed - 5-Inch, Twin",B07BHHJT6Q.jpg,"a photo of a AmazonBasics Steel Mattress Foundation / Alternative to Traditional Box Spring for Twin Size Bed - 5-Inch, Twin",1,2,704_img|321_img|3102_img|4139_img|202_img|3774_img|2874_img|2786_img|4339_img|5375_img|572_img|3738_img|1369_img|4048_img|1874_img|2077_img|633_img|1844_img|888_img|687_img
3110,KITCHEN,AmazonBasics,Bois,AmazonBasics Panier a fruit en fil metallique sur socle en bois,B07Z4Y7WSR.jpg,a photo of a AmazonBasics Panier a fruit en fil metallique sur socle en bois,0,-1,4271_img|3877_img|2001_img|2144_img|2696_img|4602_img|630_img|2608_img|5408_img|886_img|828_img|4279_img|1064_img|2713_img|4172_img|3630_img|1653_img|1212_img|5401_img|5266_img
3127,FINERING,Amazon Collection,Metal,"Platinum-Plated Sterling Silver Swarovski Zirconia Channel Princess All-Around Eternity Ring, Size 6",B00FRIJJDY.jpg,"a photo of a Platinum-Plated Sterling Silver Swarovski Zirconia Channel Princess All-Around Eternity Ring, Size 6",1,13,787_img|772_img|243_img|3095_img|248_img|4945_img|1073_img|259_img|5521_img|2711_img|2142_img|4710_img|1800_img|3127_img|5573_img|1400_img|5132_img|1551_img|2973_img|4486_img
3165,CELLULAR_PHONE_CASE,Amazon Brand - Solimo,Silicone,Amazon Brand - Solimo Designer Wooden Texture UV Printed Soft Back Case Mobile Cover for Oppo A3S,B0857LWFS2.jpg,a photo of a Amazon Brand - Solimo Designer Wooden Texture UV Printed Soft Back Case Mobile Cover for Oppo A3S,1,0,3165_img|4263_img|2144_img|5230_img|1504_img|2696_img|5357_img|4217_img|5408_img|609_img|5510_img|261_img|3877_img|2528_img|4297_img|1949_img|5126_img|710_img|540_img|5148_img
3175,HOME_FURNITURE_AND_DECOR,Movian,Madera,Movian GW-Top Sideboard 3202,B0852178JX.jpg,a photo of a Movian GW-Top Sideboard 3202,1,5,5205_img|4173_img|1030_img|1937_img|555_img|3175_img|1578_img|1430_img|1277_img|5424_img|1573_img|2571_img|1437_img|179_img|4081_img|5545_img|1074_img|3937_img|5480_img|230_img
3178,RUG,Rivet,silver,"Amazon Brand - Rivet Contemporary Striated Jute Area Rug, 7' 5"" x 5' 3"", Silver Birch",B07B4ZM2J8.jpg,"a photo of a Amazon Brand - Rivet Contemporary Striated Jute Area Rug, 7' 5"" x 5' 3"", Silver Birch",1,0,3178_img|5357_img|332_img|5070_img|2528_img|4217_img|5510_img|1322_img|1554_img|239_img|1361_img|2690_img|2453_img|3165_img|3830_img|5464_img|1634_img|5256_img|2404_img|1529_img
3180,FINERING,Amazon Collection,Fine-other-material,"SS Sonora Turquoise Ring, Size 7",B074CC19KM.jpg,"a photo of a SS Sonora Turquoise Ring, Size 7",1,3,272_img|1781_img|4670_img|3180_img|5336_img|4145_img|4488_img|4819_img|3041_img|1690_img|4572_img|2741_img|5406_img|1702_img|1098_img|1667_img|4983_img|5253_img|2112_img|3598_img
3187,HOME,UMI,Polyester,Umi. by Amazon - Rideaux Doublure Occultant Isolants Thermique a Oeillets avec Couche de Mousse Rideau pour Chambre 2 Pieces 140x175cm Beige,B07L1QMBZ7.jpg,a photo of a Umi. by Amazon - Rideaux Doublure Occultant Isolants Thermique a Oeillets avec Couche de Mousse Rideau pour Chambre 2 Pieces 140x175cm Beige,1,3,2478_img|320_img|2662_img|3187_img|1992_img|1887_img|3906_img|162_img|5352_img|799_img|5200_img|2835_img|744_img|3216_img|2143_img|4151_img|4482_img|962_img|4302_img|1342_img
3189,CELLULAR_PHONE_CASE,Amazon Brand - Solimo,Silicone,Amazon Brand - Solimo Designer Stars UV Printed Soft Back Case Mobile Cover for Samsung Galaxy M40,B0856BCBRN.jpg,a photo of a Amazon Brand - Solimo Designer Stars UV Printed Soft Back Case Mobile Cover for Samsung Galaxy M40,1,0,3189_img|1468_img|1844_img|5561_img|4634_img|5230_img|4013_img|274_img|4537_img|2950_img|2659_img|368_img|1010_img|1512_img|839_img|235_img|3919_img|2509_img|4584_img|5498_img
3194,TABLE,Rivet,"MDF with walnut veneer, tempered glass","Amazon Brand - Rivet Geometric End/Side Table with 3 Glass Shelves, 43 x 43 x 55cm, MDF with Walnut Veneer/Tempered Glass",B07GF8BN7H.jpg,"a photo of a Amazon Brand - Rivet Geometric End/Side Table with 3 Glass Shelves, 43 x 43 x 55cm, MDF with Walnut Veneer/Tempered Glass",1,5,3788_img|192_img|993_img|5192_img|3083_img|3194_img|475_img|2531_img|2281_img|2608_img|2810_img|4222_img|4836_img|4172_img|1577_img|1720_img|3110_img|1653_img|2318_img|2745_img
3199,RUG,Nourison,Synthetic,"Nourison Passion Modern Abstract Colorful Sunburst Area Rug, 6'7"" x 9'6""",B0719FLQP3.jpg,"a photo of a Nourison Passion Modern Abstract Colorful Sunburst Area Rug, 6'7"" x 9'6""",1,0,3199_img|38_img|872_img|1804_img|5015_img|5362_img|3526_img|2075_img|3965_img|1838_img|1919_img|4430_img|855_img|1350_img|2686_img|1702_img|1361_img|5161_img|5076_img|2318_img
3216,HOME,UMI,100%_Cotton,"UMI. by Amazon 100% Cotton Plain Sateen Set of 2 Standard Pillowcases, 300 Thread Count, Oyster, Super Soft and Comfortable, Hotel Quality, Breathable, Machine Washable",B088SZC4XJ.jpg,"a photo of a UMI. by Amazon 100% Cotton Plain Sateen Set of 2 Standard Pillowcases, 300 Thread Count, Oyster, Super Soft and Comfortable, Hotel Quality, Breathable, Machine Washable",1,0,3216_img|1132_img|1386_img|3037_img|3028_img|625_img|3906_img|2662_img|2478_img|1992_img|5442_img|4762_img|2143_img|744_img|139_img|5454_img|2704_img|5283_img|5045_img|4046_img
3217,SHOES,Klepe,Mesh,Klepe Men's Black Flyknit with Memory Foam Running Shoes-6 UK (40 EU) (7 US) (BX020/BLK),B07XGTJMNW.jpg,a photo of a Klepe Men's Black Flyknit with Memory Foam Running Shoes-6 UK (40 EU) (7 US) (BX020/BLK),1,2,2295_img|299_img|3217_img|4861_img|1693_img|1180_img|4389_img|1631_img|3990_img|5314_img|440_img|1580_img|3394_img|1583_img|987_img|5475_img|2260_img|2631_img|3771_img|2758_img
3220,SHOES,Amazon Brand - Symbol,Synthetic,Amazon Brand - Symbol Men's Black Synthetic Formal Shoes - 8 UK (AZ-KY-332B),B07QJQDQR2.jpg,a photo of a Amazon Brand - Symbol Men's Black Synthetic Formal Shoes - 8 UK (AZ-KY-332B),1,3,5231_img|5410_img|1119_img|3220_img|1548_img|4632_img|2900_img|1483_img|1829_img|3505_img|1915_img|2575_img|2620_img|1389_img|1605_img|4657_img|4038_img|1693_img|2448_img|2808_img
3222,WALL_ART,Rivet,Paper,"Amazon Brand - Rivet Vintage U.S. Parks Puerto Rico Print, Black Barnwood Frame, 19"" x 23""",B075YLSBYF.jpg,"a photo of a Amazon Brand - Rivet Vintage U.S. Parks Puerto Rico Print, Black Barnwood Frame, 19"" x 23""",1,0,3222_img|4403_img|592_img|1231_img|4344_img|4465_img|2693_img|4144_img|677_img|4673_img|5046_img|508_img|4730_img|1964_img|1490_img|4024_img|4541_img|2982_img|678_img|1949_img
3223,TABLE,Movian,Furniture board,Movian passe-partout Surrounding,B07S62PGTD.jpg,a photo of a Movian passe-partout Surrounding,0,-1,648_img|3287_img|3774_img|1821_img|2786_img|5064_img|477_img|3893_img|4134_img|2126_img|169_img|2874_img|2713_img|4522_img|2147_img|1639_img|1050_img|1613_img|50_img|4800_img
3224,HOME_FURNITURE_AND_DECOR,Rivet,velvet,"Amazon Brand - Rivet Contemporary Ottoman, Leather and Foam, 36""W, Cognac",B0792F7H6J.jpg,"a photo of a Amazon Brand - Rivet Contemporary Ottoman, Leather and Foam, 36""W, Cognac",1,2,4253_img|3825_img|3224_img|1486_img|4453_img|1792_img|540_img|5148_img|5427_img|1698_img|866_img|1003_img|2001_img|2183_img|3244_img|5417_img|4151_img|5433_img|5313_img|2816_img
3230,CHAIR,Rivet,"Velvet, Hardwood frame, Metal legs","Amazon Brand - Rivet Eva Tufted Mid-Century Velvet Down-Filled Loveseat, 60.5""W, Hunter Green",B075X4JB3K.jpg,"a photo of a Amazon Brand - Rivet Eva Tufted Mid-Century Velvet Down-Filled Loveseat, 60.5""W, Hunter Green",1,1,3060_img|3230_img|3976_img|2012_img|3244_img|5332_img|231_img|5383_img|4200_img|4866_img|5133_img|688_img|2284_img|140_img|1493_img|3738_img|3224_img|3942_img|4583_img|687_img
3232,KITCHEN,Amazon Brand - Solimo,Aluminium,"Amazon Brand - Solimo Honeycomb Non Stick Kadhai (24cm, 4 layer coating)",B07P7W6DLS.jpg,"a photo of a Amazon Brand - Solimo Honeycomb Non Stick Kadhai (24cm, 4 layer coating)",1,0,3232_img|2872_img|2883_img|692_img|4609_img|4067_img|4725_img|3110_img|1706_img|4829_img|175_img|1645_img|1226_img|2633_img|5408_img|4222_img|2608_img|4271_img|58_img|3843_img
3236,CELLULAR_PHONE_CASE,Amazon Brand - Solimo,Silicone,Amazon Brand - Solimo Designer White Dog UV Printed Soft Back Case Mobile Cover for 10.or G,B0857M6FH9.jpg,a photo of a Amazon Brand - Solimo Designer White Dog UV Printed Soft Back Case Mobile Cover for 10.or G,1,1,203_img|3236_img|3313_img|754_img|1417_img|1437_img|239_img|2441_img|5480_img|2029_img|4359_img|4166_img|5570_img|1322_img|1399_img|3893_img|1397_img|1487_img|5472_img|4890_img
3240,WALL_ART,Rivet,Wood,"Amazon Brand - Rivet Pop Art Print of Paris Map in Primary Colors Modern Wall Art, 38"" x 26""",B073P17T3P.jpg,"a photo of a Amazon Brand - Rivet Pop Art Print of Paris Map in Primary Colors Modern Wall Art, 38"" x 26""",1,0,3240_img|5347_img|1352_img|1380_img|1562_img|4999_img|4000_img|1438_img|2423_img|2562_img|2609_img|2982_img|4441_img|939_img|5027_img|5076_img|3696_img|821_img|2026_img|2798_img
3244,CHAIR,Rivet,Leather,"Amazon Brand - Rivet Brooke Contemporary Mid-Century Modern Tufted Leather Living Room Chair, 35""W, Grey",B082VMMBJY.jpg,"a photo of a Amazon Brand - Rivet Brooke Contemporary Mid-Century Modern Tufted Leather Living Room Chair, 35""W, Grey",1,1,688_img|3244_img|2797_img|3976_img|1732_img|2284_img|950_img|3230_img|5133_img|1204_img|190_img|5366_img|5064_img|593_img|4253_img|5241_img|4453_img|1792_img|5258_img|3224_img
3249,FINENECKLACEBRACELETANKLET,Amazon Collection,metal,"Rose Gold Plated Sterling Silver Solitaire Pendant Necklace set with Round Cut Swarovski Zirconia (2 cttw), 18""",B00NFSDNOO.jpg,"a photo of a Rose Gold Plated Sterling Silver Solitaire Pendant Necklace set with Round Cut Swarovski Zirconia (2 cttw), 18""",1,0,3249_img|4282_img|5443_img|275_img|4470_img|1685_img|566_img|1603_img|2634_img|635_img|463_img|5172_img|1495_img|5007_img|985_img|2686_img|4857_img|2412_img|2554_img|588_img
3251,RUG,Stone & Beam,stone,"Amazon Brand - Stone & Beam Shooting Star Modern Diamond Pattern Wool Area Rug, 4' x 6', Taupe",B0735V67RD.jpg,"a photo of a Amazon Brand - Stone & Beam Shooting Star Modern Diamond Pattern Wool Area Rug, 4' x 6', Taupe",1,6,5096_img|5510_img|4311_img|4217_img|1122_img|317_img|3251_img|1761_img|2984_img|5464_img|540_img|5148_img|5427_img|2690_img|3895_img|5306_img|5070_img|698_img|5194_img|2528_img
3260,FINENECKLACEBRACELETANKLET,Amazon Collection,yellow-gold,"14k Yellow Gold Solitaire Bezel Set Diamond with Lobster Clasp Strand Bracelet (1/4cttw, J-K Color, I2-I3 Clarity)",B01LWTVDMD.jpg,"a photo of a 14k Yellow Gold Solitaire Bezel Set Diamond with Lobster Clasp Strand Bracelet (1/4cttw, J-K Color, I2-I3 Clarity)",1,1,2589_img|3260_img|1400_img|765_img|5418_img|259_img|5521_img|2957_img|1073_img|4346_img|4373_img|4382_img|2742_img|396_img|463_img|3843_img|1551_img|1628_img|1603_img|724_img
3266,HOME,UMI,100% Seide,"UMI 22 Momme Seidenkissenbezug 40x60cm 1 Stuck, Seide Kissenbezug fur Haar und Haut Grau, Beidseitig 100% Seide",B01KZHYE36.jpg,"a photo of a UMI 22 Momme Seidenkissenbezug 40x60cm 1 Stuck, Seide Kissenbezug fur Haar und Haut Grau, Beidseitig 100% Seide",1,0,3266_img|4199_img|4993_img|2934_img|4420_img|3399_img|5411_img|2535_img|2672_img|2883_img|1542_img|1400_img|1800_img|2143_img|1756_img|1568_img|1451_img|4572_img|2950_img|4536_img
3287,HOME_BED_AND_BATH,AmazonBasics,Acciaio,"AmazonBasics - Portaoggetti da doccia, modello lineare",B07PDKFPQB.jpg,"a photo of a AmazonBasics - Portaoggetti da doccia, modello lineare",0,-1,2608_img|4271_img|886_img|320_img|3110_img|1887_img|4172_img|700_img|1800_img|2786_img|765_img|5352_img|3877_img|191_img|828_img|1551_img|2147_img|2883_img|3906_img|162_img
3288,TABLE,Ravenna Home,wood,"Amazon Brand - Ravenna Home Dora Class Shelf Storage Wood Side End Table Nightstand, 22""W, Dark Cherry",B07DBDX5ZB.jpg,"a photo of a Amazon Brand - Ravenna Home Dora Class Shelf Storage Wood Side End Table Nightstand, 22""W, Dark Cherry",1,0,3288_img|5451_img|5545_img|1936_img|1605_img|5424_img|2808_img|3194_img|2812_img|1389_img|3937_img|230_img|298_img|300_img|1277_img|1074_img|2281_img|4081_img|1614_img|2576_img
3301,HOME_BED_AND_BATH,Amazon Brand - Solimo,Polyester,"Amazon Brand - Solimo Room Darkening Blackout Window Curtain, 5 Feet - Set of 1 (Maroon)",B075R4N9JK.jpg,"a photo of a Amazon Brand - Solimo Room Darkening Blackout Window Curtain, 5 Feet - Set of 1 (Maroon)",1,0,3301_img|178_img|4588_img|744_img|5306_img|4474_img|1928_img|227_img|873_img|2211_img|4409_img|162_img|1015_img|638_img|4667_img|2812_img|1232_img|2009_img|502_img|1800_img
3307,FINENECKLACEBRACELETANKLET,Amazon Collection,Not applicable,"10k Yellow Gold Connecticut State Pendant Necklace, 17""+2.5"" Extender",B01M70LN1F.jpg,"a photo of a 10k Yellow Gold Connecticut State Pendant Necklace, 17""+2.5"" Extender",1,0,3307_img|839_img|2555_img|1628_img|1603_img|4979_img|4382_img|1589_img|5046_img|2466_img|4658_img|2550_img|5303_img|384_img|1129_img|4944_img|5036_img|2742_img|3260_img|2589_img
3313,WALL_ART,Stone & Beam,Paper,"Amazon Brand - Stone & Beam Modern Black and White Print Wall Art of English Bulldog, Black Frame, 18"" x 18""",B073P1S8VZ.jpg,"a photo of a Amazon Brand - Stone & Beam Modern Black and White Print Wall Art of English Bulldog, Black Frame, 18"" x 18""",1,0,3313_img|3236_img|203_img|184_img|5318_img|4541_img|4286_img|1231_img|579_img|4812_img|4465_img|3977_img|5078_img|1490_img|4024_img|4344_img|754_img|1432_img|186_img|4334_img
3341,HOME_BED_AND_BATH,Pinzon by Amazon,Cotone,"Pinzon by Amazon 'Everyday' Spannbetttuch, Baumwolle, 160 x 200 x 30 cm - Wei",B00MGSKXT2.jpg,"a photo of a Pinzon by Amazon 'Everyday' Spannbetttuch, Baumwolle, 160 x 200 x 30 cm - Wei",1,1,2756_img|3341_img|319_img|3883_img|5219_img|5417_img|2112_img|2672_img|755_img|2094_img|4341_img|5355_img|158_img|1125_img|1612_img|1682_img|1099_img|540_img|5148_img|5427_img
3354,CHAIR,Stone & Beam,Wood,"Amazon Brand - Stone & Beam Ashbury Modern Exposed Wood Accent Chair, 29""W, Hemp",B07124WCZY.jpg,"a photo of a Amazon Brand - Stone & Beam Ashbury Modern Exposed Wood Accent Chair, 29""W, Hemp",1,0,3354_img|5366_img|4916_img|5390_img|1677_img|5555_img|5538_img|5252_img|4206_img|1792_img|495_img|1511_img|4297_img|3437_img|1732_img|190_img|1964_img|4253_img|1690_img|692_img
3394,SHOES,Klepe,Mesh,Klepe Men's Grey/Navy Flyknit with Memory Foam Running Shoes-10 UK (44 EU) (11 US) (CE-1336/GRYNVY),B07XGTWHYJ.jpg,a photo of a Klepe Men's Grey/Navy Flyknit with Memory Foam Running Shoes-10 UK (44 EU) (11 US) (CE-1336/GRYNVY),1,6,5314_img|440_img|2260_img|299_img|3217_img|3990_img|3394_img|5125_img|2127_img|2295_img|1148_img|5143_img|1580_img|4072_img|1583_img|98_img|2846_img|1631_img|1693_img|4861_img
3399,KITCHEN,AmazonBasics,Unknown Material,"AmazonBasics Disposable Plates, Eco-Friendly Compostable and Biodegradable, 25 x 13 cm, Pack of 250",B07ZQWLXLW.jpg,"a photo of a AmazonBasics Disposable Plates, Eco-Friendly Compostable and Biodegradable, 25 x 13 cm, Pack of 250",1,8,1546_img|828_img|4436_img|4780_img|312_img|860_img|247_img|5285_img|3399_img|5235_img|2144_img|202_img|5147_img|5219_img|3979_img|1645_img|4915_img|54_img|1821_img|2883_img
3426,CHAIR,AmazonBasics,leather and PVC,AmazonBasics High-Back Executive Swivel Chair - Black with Pewter Finish (Renewed),B07QN8ZRRV.jpg,a photo of a AmazonBasics High-Back Executive Swivel Chair - Black with Pewter Finish (Renewed),1,1,4657_img|3426_img|33_img|4294_img|210_img|1461_img|5258_img|1204_img|153_img|2575_img|658_img|1707_img|2515_img|4968_img|5064_img|4837_img|256_img|1256_img|3960_img|1732_img
3437,CHAIR,Stone & Beam,stone,"Amazon Brand - Stone & Beam Aubree Farmhouse Accent Arm Chair, 32""W, Striped Red Linen",B07B4MSP7T.jpg,"a photo of a Amazon Brand - Stone & Beam Aubree Farmhouse Accent Arm Chair, 32""W, Striped Red Linen",1,0,3437_img|3354_img|5390_img|4206_img|5252_img|1677_img|1964_img|5555_img|5356_img|4916_img|197_img|1232_img|2009_img|2737_img|4432_img|5226_img|217_img|300_img|1625_img|186_img
3461,SHOES,Amazon Brand - Symbol,Leather,Amazon Brand - Symbol Men's Tan Formal Shoes-10 UK/India (44.5 EU)(AZ-WS-999B),B078W4JD72.jpg,a photo of a Amazon Brand - Symbol Men's Tan Formal Shoes-10 UK/India (44.5 EU)(AZ-WS-999B),1,0,3461_img|443_img|3505_img|2620_img|4632_img|4038_img|4218_img|5281_img|2721_img|2754_img|4453_img|2816_img|1829_img|2040_img|1483_img|5410_img|4298_img|1838_img|5349_img|5584_img
3476,FINEEARRING,Amazon Collection,metal,"IGI Certified 14k Yellow Gold Round-Cut Diamond Studs (0.33 cttw, H-I Color, I1-I2 Clarity)",B006A0APSQ.jpg,"a photo of a IGI Certified 14k Yellow Gold Round-Cut Diamond Studs (0.33 cttw, H-I Color, I1-I2 Clarity)",1,5,384_img|1129_img|4944_img|5036_img|1349_img|3476_img|2573_img|536_img|711_img|1432_img|2463_img|962_img|4302_img|4085_img|660_img|4315_img|545_img|246_img|616_img|1122_img
3477,KITCHEN,Strathwood by Amazon.com,Acero inoxidable,Strathwood Salt and Pepper Shaker,B000M556W0.jpg,a photo of a Strathwood Salt and Pepper Shaker,1,7,3685_img|4390_img|871_img|4265_img|1882_img|1272_img|1936_img|3477_img|378_img|660_img|2484_img|4046_img|1620_img|429_img|2758_img|2578_img|5077_img|2681_img|2655_img|1643_img
3487,KITCHEN,Amazon Brand - Solimo,Thermoplastic,Amazon Brand - Solimo 1000 W Immersion Water Heater Rod (ISI Certified),B07VTB5G87.jpg,a photo of a Amazon Brand - Solimo 1000 W Immersion Water Heater Rod (ISI Certified),1,8,4958_img|5266_img|2681_img|429_img|659_img|4488_img|1620_img|2451_img|3487_img|3477_img|4212_img|1800_img|926_img|3102_img|1219_img|3399_img|4187_img|162_img|5082_img|704_img
3504,SOFA,Stone & Beam,Linen,"Amazon Brand - Stone & Beam Andover Modern Right Chaise Sofa Sectional, 126""W, Grey Linen",B07B4N11J2.jpg,"a photo of a Amazon Brand - Stone & Beam Andover Modern Right Chaise Sofa Sectional, 126""W, Grey Linen",1,0,3504_img|5505_img|1874_img|2347_img|1397_img|2034_img|1828_img|789_img|572_img|50_img|2826_img|1701_img|4955_img|2355_img|147_img|163_img|2321_img|321_img|2551_img|618_img
3505,SHOES,Amazon Brand - Symbol,Synthetic,Amazon Brand - Symbol Men's Tan Synthetic Formal Shoes - 10 UK (AZ-KY-98A),B075Z4S4RD.jpg,a photo of a Amazon Brand - Symbol Men's Tan Synthetic Formal Shoes - 10 UK (AZ-KY-98A),1,1,3461_img|3505_img|443_img|4632_img|2620_img|4038_img|4218_img|2754_img|1829_img|5281_img|2721_img|4453_img|5410_img|2816_img|5231_img|1119_img|3220_img|1483_img|1838_img|4298_img
3509,HOME,Unknown,Terrycloth,"Pinzon 700-Gram Hotel Stitch Hand Towel, Navy",B007M6GTUA.jpg,"a photo of a Pinzon 700-Gram Hotel Stitch Hand Towel, Navy",1,0,3509_img|2425_img|1487_img|1539_img|1549_img|5462_img|647_img|4993_img|3907_img|1652_img|1610_img|1538_img|2021_img|5570_img|841_img|5314_img|4702_img|1493_img|1928_img|687_img
3526,RUG,Stone & Beam,wool,"Amazon Brand - Stone & Beam Modern Global Ikat Area Rug 5' x 8', Pink and Green",B07QC89FJG.jpg,"a photo of a Amazon Brand - Stone & Beam Modern Global Ikat Area Rug 5' x 8', Pink and Green",1,0,3526_img|2686_img|4555_img|4430_img|3199_img|211_img|4001_img|258_img|791_img|115_img|5400_img|1804_img|231_img|5406_img|4933_img|38_img|870_img|872_img|1919_img|5370_img
3593,HOME_FURNITURE_AND_DECOR,Movian,Polypropylene,"An Amazon Brand - Movian Ogosta - Rectangular Rug - 72"" L x 48"" W Geometric Pattern",B07TCGFJ29.jpg,"a photo of a An Amazon Brand - Movian Ogosta - Rectangular Rug - 72"" L x 48"" W Geometric Pattern",1,19,539_img|317_img|5015_img|2412_img|751_img|2596_img|4311_img|2451_img|5464_img|2318_img|2147_img|4609_img|2075_img|2619_img|1050_img|1919_img|3885_img|2159_img|321_img|3593_img
3598,FINERING,Amazon Collection,Non applicabile,"10k Gold Round Cut Birthstone anello realizzato con cristallo Swarovski,Febbraio,7",B079K6WNYB.jpg,"a photo of a 10k Gold Round Cut Birthstone anello realizzato con cristallo Swarovski,Febbraio,7",1,3,2054_img|4395_img|2419_img|3598_img|2615_img|4223_img|4145_img|4819_img|1781_img|739_img|502_img|5308_img|3180_img|1232_img|2009_img|227_img|396_img|5172_img|4670_img|4829_img
3607,CELLULAR_PHONE_CASE,Amazon Brand - Solimo,Plastic,Amazon Brand - Solimo Designer Moon Pattern Print 3D Printed Hard Back Case Mobile Cover for Oppo F9 Pro/Oppo F9,B0853WTWZ9.jpg,a photo of a Amazon Brand - Solimo Designer Moon Pattern Print 3D Printed Hard Back Case Mobile Cover for Oppo F9 Pro/Oppo F9,0,-1,2010_img|5561_img|4634_img|274_img|4141_img|5230_img|4988_img|4584_img|4537_img|4013_img|3964_img|1370_img|5446_img|2564_img|4335_img|1116_img|420_img|5170_img|3189_img|5221_img
3626,FINENECKLACEBRACELETANKLET,Amazon Collection,metal,Amazon CollectionSterling Silver Cushion Checkerboard Cut Created Emerald Pendant Necklace (8mm),B00UYGOKRE.jpg,a photo of a Amazon CollectionSterling Silver Cushion Checkerboard Cut Created Emerald Pendant Necklace (8mm),1,0,3626_img|3012_img|1502_img|4878_img|2741_img|560_img|3942_img|4001_img|1934_img|4572_img|5172_img|4699_img|4555_img|566_img|294_img|5434_img|231_img|5303_img|4283_img|791_img
3630,TABLE,Alkove,Faggio,"Marchio Amazon - Alkove Hayes - Tavolino da caffe con mensola, 115 x 70 x 45 cm, faggio",B07SMJY5F9.jpg,"a photo of a Marchio Amazon - Alkove Hayes - Tavolino da caffe con mensola, 115 x 70 x 45 cm, faggio",0,-1,4602_img|2001_img|5401_img|4907_img|1573_img|4275_img|1074_img|4279_img|1653_img|2653_img|5219_img|5427_img|540_img|5148_img|4447_img|5417_img|2672_img|3877_img|2281_img|1585_img
3660,HOME_BED_AND_BATH,AmazonBasics,Polycotton,"AmazonBasics 200-Thread-Count Polycotton Fitted Sheet, 150 x 200 x 30 cm, Navy Blue",B07DNYTLPR.jpg,"a photo of a AmazonBasics 200-Thread-Count Polycotton Fitted Sheet, 150 x 200 x 30 cm, Navy Blue",1,0,3660_img|2112_img|2672_img|4185_img|3053_img|4178_img|1682_img|2183_img|1099_img|4840_img|3855_img|1539_img|4993_img|4040_img|1814_img|1015_img|2756_img|3341_img|5253_img|5220_img
3685,KITCHEN,Amazon Brand - Solimo,Copper,"Amazon Brand - Solimo Set of 2 Copper Water Bottles (Hammered, 700ml)",B07H2RDTPN.jpg,"a photo of a Amazon Brand - Solimo Set of 2 Copper Water Bottles (Hammered, 700ml)",1,0,3685_img|1272_img|4857_img|1224_img|4212_img|871_img|4191_img|4297_img|3839_img|616_img|3731_img|4265_img|5306_img|5077_img|659_img|2992_img|3853_img|180_img|1620_img|429_img
3696,WALL_ART,Stone & Beam,Plastic,"Amazon Brand - Stone & Beam Modern Yellow Abstract Print Wall Art, White Frame, 13"" x 15""",B073P1LM83.jpg,"a photo of a Amazon Brand - Stone & Beam Modern Yellow Abstract Print Wall Art, White Frame, 13"" x 15""",1,2,2609_img|2650_img|3696_img|431_img|246_img|962_img|4302_img|952_img|5332_img|545_img|1329_img|1359_img|5330_img|404_img|4842_img|5289_img|4286_img|2589_img|2035_img|1438_img
3723,HOME,Amazon Brand - Solimo,Fabric,"Amazon Brand - Solimo Fabric Storage Box with Lid, Small, Set of 3, Medical Blue and R. Blue",B081FGBVD7.jpg,"a photo of a Amazon Brand - Solimo Fabric Storage Box with Lid, Small, Set of 3, Medical Blue and R. Blue",1,0,3723_img|5532_img|5014_img|5253_img|4040_img|3856_img|2462_img|2605_img|4339_img|3660_img|1694_img|3979_img|2167_img|5560_img|27_img|841_img|1644_img|4085_img|2021_img|4100_img
3731,FINEEARRING,Amazon Essentials,Metal,"Amazon Essentials - Pendientes de tuerca chapados en plata de ley pulida ,Oro rosa plateado (Rose Gold Plated Sterling Silver) ,8mm",B01F1QEWGK.jpg,"a photo of a Amazon Essentials - Pendientes de tuerca chapados en plata de ley pulida ,Oro rosa plateado (Rose Gold Plated Sterling Silver) ,8mm",1,1,4191_img|3731_img|4857_img|5443_img|385_img|275_img|3839_img|336_img|2605_img|2354_img|2758_img|5007_img|378_img|5077_img|2519_img|4967_img|635_img|390_img|536_img|253_img
3734,CHAIR,Strathwood by Amazon.com,Teak,Strathwood Teak Chaise Lounge With Side Table,B000BLFDWS.jpg,a photo of a Strathwood Teak Chaise Lounge With Side Table,1,0,3734_img|2272_img|2874_img|2565_img|2713_img|1964_img|3630_img|1325_img|630_img|2737_img|2591_img|4222_img|2890_img|886_img|4048_img|633_img|5401_img|4793_img|4956_img|191_img
3738,SOFA,Rivet,Solid wood frame; Velvet upholstery; Metal,"Amazon Brand - Rivet Uptown Mid-Century Velvet Tufted Customizable Daybed Sofa, 78""W, Shadow &amp; Silver",B075X4N4W9.jpg,"a photo of a Amazon Brand - Rivet Uptown Mid-Century Velvet Tufted Customizable Daybed Sofa, 78""W, Shadow &amp; Silver",1,0,3738_img|4583_img|1493_img|687_img|169_img|3244_img|3976_img|4866_img|1874_img|704_img|321_img|2347_img|3224_img|4275_img|4200_img|2296_img|3102_img|3968_img|618_img|1563_img
3754,FINERING,Amazon Collection,Metal,"Amazon CollectionPlatinum-Plated Sterling Silver Cubic Zirconia Bypass Freshwater Cultured Pearl Ring, Size 9",B0154UQWAC.jpg,"a photo of a Amazon CollectionPlatinum-Plated Sterling Silver Cubic Zirconia Bypass Freshwater Cultured Pearl Ring, Size 9",1,0,3754_img|1643_img|1667_img|4670_img|378_img|272_img|4865_img|4145_img|2578_img|2377_img|5434_img|4967_img|2439_img|3180_img|1621_img|2615_img|4223_img|1934_img|1781_img|4632_img
3771,SHOES,CARE OF by PUMA,Satin,"CARE OF by PUMA Women's Satin Trainer, Black, US 6.5",B07R48M7GT.jpg,"a photo of a CARE OF by PUMA Women's Satin Trainer, Black, US 6.5",1,1,2631_img|3771_img|681_img|655_img|4269_img|826_img|1693_img|724_img|4861_img|335_img|1631_img|543_img|5430_img|4389_img|201_img|5463_img|1548_img|1099_img|2642_img|2295_img
3774,TABLE,Strathwood by Amazon.com,Aluminum,Strathwood St. Croix Aluminum Rectangle High Dining Table with 2 Benches and Cushions,B000W9F8HY.jpg,a photo of a Strathwood St. Croix Aluminum Rectangle High Dining Table with 2 Benches and Cushions,1,5,4048_img|633_img|2874_img|5192_img|2826_img|3774_img|1577_img|1479_img|5053_img|2081_img|3874_img|2602_img|1856_img|3818_img|50_img|169_img|4172_img|1874_img|5470_img|4369_img
3788,HOME,UMI,Engineered Wood,"UMI. by Amazon Round Metal Side End table 2 Tie,for Living Room, Bedroom, Stable Easy Assembly,Rustic Brown",B089Y1DBMM.jpg,"a photo of a UMI. by Amazon Round Metal Side End table 2 Tie,for Living Room, Bedroom, Stable Easy Assembly,Rustic Brown",1,2,192_img|993_img|3788_img|3194_img|5192_img|5170_img|475_img|1479_img|3075_img|1614_img|2835_img|4545_img|3937_img|2117_img|1720_img|429_img|2531_img|4390_img|2774_img|619_img
3815,SOFA,Rivet,"Polyester fabric, sturdy hardwood frame and solid beech wood legs","Amazon Brand - Rivet Revolve Modern Upholstered Sofa with Reversible Sectional Chaise, 80""W, Storm Grey",B07BWK59QP.jpg,"a photo of a Amazon Brand - Rivet Revolve Modern Upholstered Sofa with Reversible Sectional Chaise, 80""W, Storm Grey",1,1,5175_img|3815_img|2404_img|4955_img|2797_img|782_img|5383_img|2859_img|201_img|5170_img|169_img|5241_img|950_img|3060_img|987_img|2296_img|5070_img|50_img|1874_img|4200_img
3818,HOME_FURNITURE_AND_DECOR,Movian,Wood,"Amazon Brand - Movian - Desk with 2 Drawers, 1 Compartment with Doors, 170 x 69 x 78 cm, Oak / Tadao",B084S6PZT8.jpg,"a photo of a Amazon Brand - Movian - Desk with 2 Drawers, 1 Compartment with Doors, 170 x 69 x 78 cm, Oak / Tadao",1,7,179_img|1074_img|4602_img|2571_img|5401_img|3175_img|2001_img|3818_img|1653_img|1937_img|4907_img|1573_img|3083_img|251_img|4279_img|4447_img|3937_img|2281_img|5152_img|5205_img
3825,TABLE,Movian,Birch Solid,"Amazon Brand - Movian erdap Solid Birch Wood Coffee Table with Pencil-Shaped Legs, 90 x 90 x 40cm, Natural",B07TLDNPXW.jpg,"a photo of a Amazon Brand - Movian erdap Solid Birch Wood Coffee Table with Pencil-Shaped Legs, 90 x 90 x 40cm, Natural",1,9,4279_img|5401_img|2001_img|630_img|4602_img|3630_img|1653_img|4447_img|886_img|3825_img|4172_img|2653_img|191_img|572_img|179_img|3788_img|4545_img|2281_img|1034_img|4907_img
3830,RUG,Stone & Beam,stone,"Amazon Brand - Stone & Beam Casual Plaid Area Rug, 4 x 6, Flatweave, Grey, Ivory, Red",B07B4ZVDBQ.jpg,"a photo of a Amazon Brand - Stone & Beam Casual Plaid Area Rug, 4 x 6, Flatweave, Grey, Ivory, Red",1,0,3830_img|1529_img|1004_img|2075_img|751_img|1838_img|2147_img|5303_img|1600_img|4890_img|35_img|2798_img|2576_img|1369_img|261_img|4565_img|4432_img|51_img|5046_img|737_img
3839,FINEEARRING,Amazon Collection,No aplica,"Pendientes de plata de ley gruesa con nudo del amor,Rosa",B06Y42553F.jpg,"a photo of a Pendientes de plata de ley gruesa con nudo del amor,Rosa",1,1,4191_img|3839_img|3731_img|4857_img|5353_img|2992_img|2354_img|576_img|660_img|385_img|336_img|2519_img|728_img|588_img|635_img|2605_img|275_img|536_img|2006_img|4315_img
3843,FINERING,Amazon Collection,Not Applicable,"Yellow-Gold-Plated Sterling Silver Round 3-Stone Ring made with Swarovski Zirconia (2 cttw), Size 7",B01N4RUH1L.jpg,"a photo of a Yellow-Gold-Plated Sterling Silver Round 3-Stone Ring made with Swarovski Zirconia (2 cttw), Size 7",1,0,3843_img|4829_img|2554_img|396_img|2419_img|2633_img|4536_img|2678_img|2615_img|4223_img|5418_img|1756_img|2433_img|2934_img|4145_img|2573_img|5433_img|2143_img|4395_img|4364_img
3853,FINEEARRING,Amazon Essentials,Metal,"Amazon Collection18K Rose Gold Plated 50mm Flat Accent, Top Click Closure Hoop Earrings",B00E1GY8TS.jpg,"a photo of a Amazon Collection18K Rose Gold Plated 50mm Flat Accent, Top Click Closure Hoop Earrings",1,1,253_img|3853_img|4642_img|680_img|1097_img|4857_img|635_img|4346_img|1495_img|4191_img|3731_img|5457_img|543_img|2583_img|2992_img|1543_img|1848_img|5007_img|4373_img|200_img
3855,HOME_BED_AND_BATH,Pinzon by Amazon,100%_coton,"Pinzon by Amazon Ultrasoft Bettwascheset, Perkal, Blau - Bijou Blue, 155x200 cm & 1 Kissenbezug (80 x 80 cm)",B00EQ5F38O.jpg,"a photo of a Pinzon by Amazon Ultrasoft Bettwascheset, Perkal, Blau - Bijou Blue, 155x200 cm & 1 Kissenbezug (80 x 80 cm)",1,0,3855_img|3041_img|924_img|4965_img|696_img|3660_img|5442_img|5411_img|1652_img|1539_img|2704_img|5283_img|2112_img|5045_img|1034_img|251_img|2812_img|4800_img|4993_img|4339_img
3856,HOME,Amazon Brand - Solimo,Fabric,"Amazon Brand - Solimo Fabric Storage Box, Small, Set of 3, Brown",B081FG2CMV.jpg,"a photo of a Amazon Brand - Solimo Fabric Storage Box, Small, Set of 3, Brown",1,0,3856_img|5014_img|3723_img|5532_img|2462_img|2605_img|1644_img|1074_img|1064_img|841_img|5077_img|180_img|1936_img|27_img|1030_img|1406_img|4100_img|5560_img|5375_img|5253_img
3874,TABLE,Amazon Brand - Solimo,Wood,Amazon Brand - Solimo Athena Solid Wood Coffee Table (Espresso Finish),B07PQZM3GF.jpg,a photo of a Amazon Brand - Solimo Athena Solid Wood Coffee Table (Espresso Finish),1,3,4081_img|5152_img|251_img|3874_img|603_img|1720_img|1074_img|5451_img|4907_img|2281_img|1856_img|2959_img|3818_img|532_img|1605_img|1573_img|2117_img|1188_img|1542_img|748_img
3877,KITCHEN,AmazonBasics,Bamboo,AmazonBasics Bamboo Expandable Kitchen Utensils Drawer Organizer,B0711B5BGG.jpg,a photo of a AmazonBasics Bamboo Expandable Kitchen Utensils Drawer Organizer,1,0,3877_img|2144_img|2696_img|1064_img|5375_img|898_img|1546_img|2713_img|828_img|3734_img|4602_img|2565_img|3979_img|2786_img|710_img|1212_img|4271_img|3287_img|1694_img|1527_img
3883,HOME_BED_AND_BATH,Pinzon by Amazon,BOMULL,"Pinzon by Amazon 'Everyday' spannduk, bomull, 183 x 200 x 38 cm - Elfenben",B00MGSI236.jpg,"a photo of a Pinzon by Amazon 'Everyday' spannduk, bomull, 183 x 200 x 38 cm - Elfenben",1,1,319_img|3883_img|2756_img|3341_img|5219_img|755_img|2094_img|4341_img|5355_img|5417_img|158_img|1125_img|1612_img|1682_img|2112_img|1099_img|2672_img|696_img|1417_img|2081_img
3885,RUG,Ravenna Home,polyester,"Ravenna Home Tangram Rug, 8'W x 10'L, Tessellated Circle Design",B07P363JVW.jpg,"a photo of a Ravenna Home Tangram Rug, 8'W x 10'L, Tessellated Circle Design",1,6,2147_img|1814_img|2075_img|2159_img|5406_img|751_img|3885_img|5015_img|4139_img|2412_img|4609_img|317_img|4095_img|4311_img|2619_img|5326_img|2737_img|3830_img|1369_img|5164_img
3893,HOME_FURNITURE_AND_DECOR,Movian,Other,"Amazon Brand - Movian MULTIBOX Accessories, Shelf, 33 x 32.9 x 1.6 cm, White",B07YN3L6T8.jpg,"a photo of a Amazon Brand - Movian MULTIBOX Accessories, Shelf, 33 x 32.9 x 1.6 cm, White",1,0,3893_img|2475_img|300_img|1821_img|2471_img|5480_img|1430_img|3287_img|1417_img|3399_img|1437_img|1546_img|3630_img|630_img|555_img|4134_img|2842_img|5092_img|2810_img|711_img
3895,RUG,Stone & Beam,stone,"Amazon Brand - Stone & Beam Modern Global Ikat Wool Area Rug, 8 x 10 Foot, Blue",B0735T9WRT.jpg,"a photo of a Amazon Brand - Stone & Beam Modern Global Ikat Wool Area Rug, 8 x 10 Foot, Blue",0,-1,5400_img|930_img|1919_img|4430_img|1702_img|1804_img|3593_img|2596_img|5406_img|2031_img|855_img|5015_img|2619_img|3199_img|872_img|4095_img|1539_img|1814_img|4549_img|2318_img
3906,HOME,UMI,Fabric,UMI by Amazon Chenille Velvet Throw Pillow Case Super Soft Cushion Covers for Sofa Bedroom Decoration 18 x 18 Inch Beige Set of 4,B07KR64513.jpg,a photo of a UMI by Amazon Chenille Velvet Throw Pillow Case Super Soft Cushion Covers for Sofa Bedroom Decoration 18 x 18 Inch Beige Set of 4,1,0,3906_img|1386_img|3037_img|2143_img|3216_img|3028_img|1992_img|4961_img|1568_img|2662_img|4199_img|5442_img|180_img|625_img|1761_img|5357_img|2478_img|698_img|1132_img|1792_img
3907,HOME_BED_AND_BATH,Pinzon by Amazon,jarse,"Pinzon Heather Jersey Flat Panel Sheet, Violet Heather, jarse, Violett-meliert, 180x290 + 10",B00MHUVF46.jpg,"a photo of a Pinzon Heather Jersey Flat Panel Sheet, Violet Heather, jarse, Violett-meliert, 180x290 + 10",1,0,3907_img|604_img|1152_img|1538_img|264_img|4264_img|4244_img|1444_img|328_img|4762_img|2403_img|431_img|4420_img|1928_img|324_img|3509_img|51_img|115_img|5194_img|2454_img
3910,CHAIR,Rivet,Leather,"Amazon Brand - Rivet Lawson Mid-Century Modern Angled Leather Arm Chair, 33""W, Driftwood",B075X3SHY9.jpg,"a photo of a Amazon Brand - Rivet Lawson Mid-Century Modern Angled Leather Arm Chair, 33""W, Driftwood",1,0,3910_img|1121_img|1301_img|4253_img|1732_img|190_img|3224_img|140_img|709_img|256_img|1204_img|4453_img|2443_img|1486_img|940_img|147_img|4980_img|4200_img|748_img|4837_img
3914,SOFA,Alkove,Tissu,"Marque Amazon - Alkove Elvas - Module a 1 place pour canape modulaire avec espace de rangement et coussin additionnel, 93 x 100 cm, Vert citron",B07SHXZX4Z.jpg,"a photo of a Marque Amazon - Alkove Elvas - Module a 1 place pour canape modulaire avec espace de rangement et coussin additionnel, 93 x 100 cm, Vert citron",1,0,3914_img|5433_img|404_img|5399_img|2540_img|4001_img|494_img|231_img|4961_img|4956_img|4067_img|1967_img|4793_img|1690_img|4768_img|4870_img|5072_img|1132_img|4800_img|2786_img
3915,FINENECKLACEBRACELETANKLET,Amazon Collection,Metal,"Sterling Silver True Friendship Cuff Bracelet, 7""",B00EPBAKLO.jpg,"a photo of a Sterling Silver True Friendship Cuff Bracelet, 7""",1,0,3915_img|1557_img|1551_img|1073_img|1868_img|1848_img|259_img|5521_img|4710_img|1400_img|5132_img|680_img|2957_img|2142_img|199_img|5418_img|2589_img|1957_img|1097_img|2583_img
3919,FINERING,Amazon Collection,Metal,"Platinum-plated Sterling Silver Princess-Cut Solitaire Ring made with Swarovski Zirconia (1 cttw), Size 8",B00FXW725G.jpg,"a photo of a Platinum-plated Sterling Silver Princess-Cut Solitaire Ring made with Swarovski Zirconia (1 cttw), Size 8",1,2,5206_img|5450_img|3919_img|631_img|5498_img|5394_img|1253_img|1746_img|3095_img|5573_img|248_img|4945_img|5131_img|787_img|2711_img|2006_img|1292_img|5292_img|4243_img|2973_img
3930,HOME_FURNITURE_AND_DECOR,Amazon Brand - Solimo,PVC Vinyl,"Amazon Brand - Solimo Wall Sticker for Living Room (Make The Days Count, Ideal Size on Wall - 168 cm x 143 cm)",B076VC9T9Q.jpg,"a photo of a Amazon Brand - Solimo Wall Sticker for Living Room (Make The Days Count, Ideal Size on Wall - 168 cm x 143 cm)",1,1,5076_img|3930_img|1350_img|1489_img|696_img|3893_img|2423_img|2571_img|1375_img|320_img|4965_img|4180_img|5441_img|3187_img|4480_img|782_img|940_img|1562_img|2842_img|3341_img
3937,TABLE,Stone & Beam,Metal,"Amazon Brand - Stone & Beam Contemporary Side Table with Bookshelf, 21.6""W, Black Oak",B07QD6V6H2.jpg,"a photo of a Amazon Brand - Stone & Beam Contemporary Side Table with Bookshelf, 21.6""W, Black Oak",0,-1,1605_img|2808_img|1614_img|1389_img|3288_img|230_img|1936_img|5451_img|4081_img|5545_img|2531_img|298_img|192_img|5424_img|300_img|4840_img|2598_img|4390_img|2117_img|1479_img
3942,FINEEARRING,Amazon Collection,metal,10k Yellow Gold Round Checkerboard Cut Created Emerald Stud Earrings (6mm),B00UTHD3GC.jpg,a photo of a 10k Yellow Gold Round Checkerboard Cut Created Emerald Stud Earrings (6mm),1,0,3942_img|560_img|1502_img|3626_img|4085_img|4001_img|302_img|1158_img|4573_img|997_img|4555_img|231_img|1507_img|800_img|3914_img|2758_img|4699_img|791_img|4486_img|2742_img
3946,WALL_ART,Stone & Beam,canvas,"Amazon Brand - Stone & Beam Modern Abstract Blue and Tan Ocean Print Wall Art on Canvas, 17"" x 20""",B073P13JKT.jpg,"a photo of a Amazon Brand - Stone & Beam Modern Abstract Blue and Tan Ocean Print Wall Art on Canvas, 17"" x 20""",1,0,3946_img|2683_img|1506_img|252_img|962_img|4302_img|545_img|246_img|4541_img|2035_img|1504_img|1696_img|1263_img|204_img|2693_img|4983_img|508_img|4730_img|1903_img|2436_img
3949,KITCHEN,AmazonBasics,Plastic+Metal,AmazonBasics Electric Rice Cooker 1.8 L (700 W) Grey,B082FLZC9T.jpg,a photo of a AmazonBasics Electric Rice Cooker 1.8 L (700 W) Grey,1,1,5071_img|3949_img|325_img|1882_img|175_img|739_img|2872_img|1047_img|1936_img|5480_img|2484_img|1430_img|5437_img|5545_img|4265_img|4390_img|926_img|27_img|1406_img|381_img
3960,CHAIR,UMI,Faux Leather,UMI. Essentials Gaming High Back Office Desk Racing Reclining Computer Swivel Chair (Blue),B07MNCQNGF.jpg,a photo of a UMI. Essentials Gaming High Back Office Desk Racing Reclining Computer Swivel Chair (Blue),1,0,3960_img|1256_img|1707_img|153_img|4116_img|4294_img|4968_img|3426_img|4298_img|1461_img|2575_img|210_img|4453_img|1690_img|4657_img|658_img|33_img|2126_img|4572_img|2112_img
3964,CELLULAR_PHONE_CASE,Amazon Brand - Solimo,Plastic,Amazon Brand - Solimo Designer Black Pattern Alphabet-A 3D Printed Hard Back Case Mobile Cover for Vivo V9 / Vivo V9 Pro,B07XY5MFVW.jpg,a photo of a Amazon Brand - Solimo Designer Black Pattern Alphabet-A 3D Printed Hard Back Case Mobile Cover for Vivo V9 / Vivo V9 Pro,1,0,3964_img|1370_img|4013_img|1844_img|274_img|4335_img|2659_img|4286_img|4584_img|5561_img|5130_img|1915_img|4893_img|2010_img|4141_img|1092_img|2564_img|1688_img|5091_img|1564_img
3965,RUG,Stone & Beam,stone,"Amazon Brand - Stone & Beam Old World Area Rug, 5' 3"" x 7' 3"", Blue and Orange",B075ZGBRBH.jpg,"a photo of a Amazon Brand - Stone & Beam Old World Area Rug, 5' 3"" x 7' 3"", Blue and Orange",1,0,3965_img|1804_img|855_img|1361_img|5362_img|3199_img|872_img|1838_img|1734_img|3526_img|2412_img|261_img|5400_img|5015_img|5172_img|870_img|2031_img|4430_img|1554_img|3895_img
3968,HOME_FURNITURE_AND_DECOR,Stone & Beam,pewter,"Amazon Brand - Stone & Beam Katama Slipcover King Headboard, 83""W, Fresh Pewter",B07B4Z9Q24.jpg,"a photo of a Amazon Brand - Stone & Beam Katama Slipcover King Headboard, 83""W, Fresh Pewter",1,0,3968_img|4765_img|618_img|5495_img|5321_img|4390_img|2526_img|1406_img|5483_img|2333_img|2796_img|4768_img|2103_img|5313_img|3738_img|420_img|2733_img|1936_img|189_img|4275_img
3976,SOFA,Rivet,velvet,Amazon Brand - Rivet Eva Mid-Century Modern Tufted Velvet Seating Collection,B0792GS7N9.jpg,a photo of a Amazon Brand - Rivet Eva Mid-Century Modern Tufted Velvet Seating Collection,1,0,3976_img|3230_img|3244_img|3224_img|5133_img|688_img|2355_img|1493_img|3060_img|687_img|2284_img|3738_img|1486_img|4253_img|5332_img|866_img|4200_img|1577_img|4311_img|3825_img
3977,CHAIR,Stone & Beam,stone,"Amazon Brand - Stone & Beam Dalton Living-Room Chair, 41.5""W, Charcoal",B07HZ72LZ9.jpg,"a photo of a Amazon Brand - Stone & Beam Dalton Living-Room Chair, 41.5""W, Charcoal",1,0,3977_img|1511_img|2103_img|495_img|2733_img|5052_img|141_img|2416_img|5356_img|5315_img|2526_img|1204_img|1964_img|4840_img|5241_img|256_img|1156_img|1732_img|2808_img|4916_img
3979,KITCHEN,Amazon Brand - Solimo,Plastic,"(Renewed) Amazon Brand - Solimo Snack Container Set, Set of 4, Multicolor",B07XDJN7J8.jpg,"a photo of a (Renewed) Amazon Brand - Solimo Snack Container Set, Set of 4, Multicolor",1,5,2167_img|5014_img|5532_img|3723_img|2462_img|3979_img|4040_img|3856_img|5560_img|2605_img|2842_img|1644_img|1694_img|1064_img|139_img|841_img|898_img|385_img|1110_img|5285_img
3990,SHOES,Klepe,Mesh,Klepe Men's Grey Flyknit with Memory Foam Running Shoes-10 UK (44 EU) (11 US) (A00/GRY),B07XGTJMLR.jpg,a photo of a Klepe Men's Grey Flyknit with Memory Foam Running Shoes-10 UK (44 EU) (11 US) (A00/GRY),1,1,3394_img|3990_img|440_img|299_img|3217_img|1580_img|1583_img|2846_img|2295_img|675_img|5314_img|1631_img|3075_img|2956_img|5321_img|1701_img|5483_img|2127_img|4264_img|950_img
3994,FINENECKLACEBRACELETANKLET,Amazon Collection,Metal,"Sterling Silver Filigree Cat Pendant Necklace, 18""",B01GHWPJAK.jpg,"a photo of a Sterling Silver Filigree Cat Pendant Necklace, 18""",1,5,4050_img|2441_img|5078_img|5499_img|1508_img|3994_img|4951_img|4268_img|2454_img|2043_img|1459_img|5472_img|2509_img|5174_img|4728_img|700_img|985_img|734_img|2572_img|5354_img
4000,WALL_ART,Rivet,Paper,"Amazon Brand - Rivet Black and White Blueprint of London Underground, Black Frame, 45"" x 30""",B073P13J3C.jpg,"a photo of a Amazon Brand - Rivet Black and White Blueprint of London Underground, Black Frame, 45"" x 30""",1,1,1380_img|4000_img|4225_img|4144_img|4465_img|678_img|4286_img|4999_img|1231_img|3240_img|1263_img|3222_img|2650_img|4541_img|2562_img|2982_img|2423_img|3399_img|5289_img|2609_img
4001,HOME_BED_AND_BATH,AmazonBasics,100% Cotone,"AmazonBasics Gemustertes Bettwascheset, 100 % Baumwolle, grunes Karomuster, 135x200 cm, 1 Kissenbezug (50x80cm)",B00R459R8K.jpg,"a photo of a AmazonBasics Gemustertes Bettwascheset, 100 % Baumwolle, grunes Karomuster, 135x200 cm, 1 Kissenbezug (50x80cm)",1,14,4244_img|1568_img|1928_img|2143_img|4420_img|1967_img|2700_img|2812_img|5411_img|744_img|1600_img|1444_img|225_img|1765_img|4001_img|4800_img|1610_img|4961_img|2769_img|3855_img
4013,CELLULAR_PHONE_CASE,Amazon Brand - Solimo,Canvas,Amazon Brand - Solimo Designer Horizontal Arrow Texture 3D Printed Hard Back Case Mobile Cover for Micromax Canvas Juice 3Plus Q394,B07TF1BKPP.jpg,a photo of a Amazon Brand - Solimo Designer Horizontal Arrow Texture 3D Printed Hard Back Case Mobile Cover for Micromax Canvas Juice 3Plus Q394,1,0,4013_img|1844_img|4584_img|274_img|1512_img|5561_img|5230_img|5262_img|2659_img|1370_img|2564_img|4441_img|1468_img|4634_img|3964_img|1590_img|2671_img|3189_img|2451_img|1010_img
4024,FINERING,Amazon Collection,metal,"Amazon CollectionPlatinum-Plated Sterling Silver Swarovski Zirconia Asscher Cut Antique Ring Set, Size 5",B014WC30X0.jpg,"a photo of a Amazon CollectionPlatinum-Plated Sterling Silver Swarovski Zirconia Asscher Cut Antique Ring Set, Size 5",1,1,1490_img|4024_img|1292_img|4486_img|2711_img|5573_img|1253_img|1746_img|4395_img|3127_img|949_img|4819_img|1098_img|4243_img|435_img|5394_img|3919_img|5131_img|2054_img|4945_img
4025,CELLULAR_PHONE_CASE,Amazon Brand - Solimo,Silicone,Amazon Brand - Solimo Designer Flying Butterflies UV Printed Soft Back Case Mobile Cover for Redmi Note 6 Pro,B08541W369.jpg,a photo of a Amazon Brand - Solimo Designer Flying Butterflies UV Printed Soft Back Case Mobile Cover for Redmi Note 6 Pro,1,0,4025_img|235_img|4792_img|764_img|5446_img|5339_img|3095_img|1640_img|4537_img|1660_img|2454_img|248_img|2403_img|1399_img|252_img|2973_img|734_img|1101_img|4404_img|2509_img
4038,SHOES,Amazon Brand - Symbol,Synthetic,Amazon Brand - Symbol Men's Brown Formal Slip-On Shoes/India (45 EU)(AZ-KY-68B),B075Z16525.jpg,a photo of a Amazon Brand - Symbol Men's Brown Formal Slip-On Shoes/India (45 EU)(AZ-KY-68B),1,6,4218_img|2040_img|2642_img|2754_img|2721_img|443_img|4038_img|3505_img|5313_img|5172_img|1483_img|1224_img|2620_img|256_img|1003_img|3461_img|826_img|3910_img|5229_img|2900_img
4039,HOME,Pinzon by Amazon,Algodon,Pinzon Juego de Funda de edredon de Set,B01KLN3ZTS.jpg,a photo of a Pinzon Juego de Funda de edredon de Set,1,2,1663_img|4965_img|4039_img|189_img|1444_img|5411_img|5352_img|924_img|5454_img|4961_img|696_img|225_img|4151_img|2152_img|1765_img|1551_img|2700_img|243_img|320_img|4667_img
4040,KITCHEN,Amazon Brand - Solimo,Plastic,"(Renewed) AmazonBrand - Solimo Plastic Lunch Box Set, 290 ml, Set of 3, Blue",B082FZYT9V.jpg,"a photo of a (Renewed) AmazonBrand - Solimo Plastic Lunch Box Set, 290 ml, Set of 3, Blue",1,0,4040_img|3723_img|5532_img|2167_img|5014_img|1694_img|5560_img|5147_img|2021_img|3979_img|5253_img|4526_img|860_img|3856_img|385_img|4369_img|5442_img|324_img|898_img|1644_img
4046,CHAIR,Stone & Beam,Brass,"Amazon Brand - Stone & Beam Dining Chair, 39""H, Slate, Set of 2, King",B07QCQ1H1V.jpg,"a photo of a Amazon Brand - Stone & Beam Dining Chair, 39""H, Slate, Set of 2, King",1,1,2899_img|4046_img|150_img|1758_img|3075_img|4297_img|1479_img|4523_img|4586_img|495_img|950_img|4367_img|5241_img|895_img|5356_img|1660_img|1677_img|5192_img|1204_img|2103_img
4048,TABLE,Strathwood by Amazon.com,Aluminum/ Steel,Strathwood Barnes Ceramic and Aluminum Rectangular Dining Table,B00GAXLD0M.jpg,a photo of a Strathwood Barnes Ceramic and Aluminum Rectangular Dining Table,1,0,4048_img|633_img|5192_img|2874_img|1479_img|5053_img|3774_img|2081_img|2826_img|1577_img|1389_img|2602_img|2655_img|5013_img|4222_img|4172_img|298_img|1325_img|3818_img|2475_img
4050,FINENECKLACEBRACELETANKLET,Amazon Collection,metal,"925 Sterling Silver and AAA Cubic Zirconia Infinity Friends Necklace, 18""",B00MPLA6AG.jpg,"a photo of a 925 Sterling Silver and AAA Cubic Zirconia Infinity Friends Necklace, 18""",1,0,4050_img|5174_img|700_img|1944_img|4728_img|4101_img|5562_img|4268_img|2454_img|1564_img|765_img|2466_img|5499_img|3994_img|463_img|2439_img|4470_img|2043_img|1551_img|5434_img
4067,SOFA,Amazon Brand - Solimo,Fabric,Amazon Brand - Solimo Newport Fabric 1 Seater Sofa (Brown),B07RJFG9Q2.jpg,a photo of a Amazon Brand - Solimo Newport Fabric 1 Seater Sofa (Brown),1,1,4870_img|4067_img|227_img|2443_img|709_img|940_img|3013_img|1451_img|748_img|2497_img|1375_img|1619_img|4696_img|4830_img|251_img|5278_img|5152_img|1542_img|1915_img|1074_img
4069,WALL_ART,Stone & Beam,canvas,"Amazon Brand - Stone & Beam Modern Red & Pink Floral Print Wall Art on Canvas, 16"" x 20""",B073NZTB87.jpg,"a photo of a Amazon Brand - Stone & Beam Modern Red & Pink Floral Print Wall Art on Canvas, 16"" x 20""",1,0,4069_img|2595_img|5425_img|204_img|2026_img|4827_img|1609_img|1774_img|2769_img|590_img|4884_img|1696_img|2686_img|1232_img|2009_img|1928_img|178_img|1765_img|5330_img|211_img
4072,SHOES,Klepe,Fabric,Klepe Men's Navy/RED Chunky/Platform Sneakers-9 UK (43 EU) (10 US) (KP901/NVYRED),B07WTP2XG8.jpg,a photo of a Klepe Men's Navy/RED Chunky/Platform Sneakers-9 UK (43 EU) (10 US) (KP901/NVYRED),1,3,4565_img|737_img|5220_img|4072_img|724_img|335_img|5125_img|2127_img|5314_img|4389_img|2260_img|2798_img|655_img|4890_img|1148_img|178_img|5475_img|4419_img|1694_img|5339_img
4081,HOME_FURNITURE_AND_DECOR,Vida Designs,wood,"Amazon Brand - Movian Hulio High Gloss 3 Drawer Dressing Table, Black, 79 x 93 x 38 cm",B079Z9DJSY.jpg,"a photo of a Amazon Brand - Movian Hulio High Gloss 3 Drawer Dressing Table, Black, 79 x 93 x 38 cm",1,1,532_img|4081_img|5092_img|4100_img|1573_img|251_img|5094_img|230_img|5205_img|555_img|1915_img|1074_img|5451_img|5253_img|1015_img|3818_img|5424_img|1369_img|5152_img|2842_img
4085,FINEEARRING,Amazon Collection,metal,10k Yellow Gold Round Checkerboard Cut Blue Topaz Stud Earrings (8mm),B00JNC6TRO.jpg,a photo of a 10k Yellow Gold Round Checkerboard Cut Blue Topaz Stud Earrings (8mm),1,0,4085_img|302_img|1158_img|4573_img|4572_img|4145_img|4967_img|1781_img|2742_img|5077_img|3942_img|272_img|1453_img|4169_img|638_img|4819_img|800_img|2414_img|3723_img|536_img
4095,RUG,Stone & Beam,wool,"Amazon Brand - Stone & Beam Tassled Criss-Cross Wool Area Rug, 5 x 8 Foot, Blue and White",B0735VB37Z.jpg,"a photo of a Amazon Brand - Stone & Beam Tassled Criss-Cross Wool Area Rug, 5 x 8 Foot, Blue and White",1,0,4095_img|2619_img|2596_img|930_img|2159_img|2318_img|4702_img|751_img|2147_img|1919_img|1814_img|1322_img|3593_img|4549_img|1702_img|2031_img|3830_img|332_img|1761_img|5406_img
4100,KITCHEN,AmazonBasics,Plastic+Metal,AmazonBasics 5.5 Litre 1700 Watt Air Fryer with Touchscreen,B0842CVYNS.jpg,a photo of a AmazonBasics 5.5 Litre 1700 Watt Air Fryer with Touchscreen,1,0,4100_img|3949_img|5071_img|381_img|4872_img|1527_img|5315_img|5437_img|1980_img|3977_img|4187_img|600_img|712_img|2575_img|4837_img|2587_img|2872_img|5052_img|1605_img|871_img
4101,FINENECKLACEBRACELETANKLET,Amazon Collection,Metal,"Sterling Silver Italian 1.75 mm Diamond Cut Box Chain Necklace, 18""",B005DJAIR8.jpg,"a photo of a Sterling Silver Italian 1.75 mm Diamond Cut Box Chain Necklace, 18""",1,1,1944_img|4101_img|5174_img|765_img|463_img|700_img|4470_img|839_img|4728_img|4282_img|1603_img|5434_img|2555_img|1685_img|5303_img|4050_img|3307_img|1628_img|3249_img|5562_img
4116,CHAIR,AmazonBasics,Silber,"AmazonBasics Leder-Chefsessel mit hoher Ruckenlehne, hochklappbare Armlehnen und Lendenwirbelstutze Chefsessel Hohe Ruckseite cremefarben",B07VC46SK2.jpg,"a photo of a AmazonBasics Leder-Chefsessel mit hoher Ruckenlehne, hochklappbare Armlehnen und Lendenwirbelstutze Chefsessel Hohe Ruckseite cremefarben",0,-1,1050_img|2515_img|4298_img|566_img|1325_img|5172_img|4172_img|658_img|2883_img|2272_img|1461_img|5013_img|3877_img|190_img|2874_img|210_img|5053_img|33_img|873_img|2211_img
4124,SHOES,The Fix,Leather,"Amazon Brand - The Fix Women's Garza Whipstitch Platform Dress Sandal, Dark Brown/Orange Sun, 6 B US",B01MZFKYO8.jpg,"a photo of a Amazon Brand - The Fix Women's Garza Whipstitch Platform Dress Sandal, Dark Brown/Orange Sun, 6 B US",1,0,4124_img|5584_img|1625_img|242_img|5457_img|2040_img|2615_img|4223_img|2412_img|2961_img|2816_img|5349_img|1042_img|4504_img|1050_img|543_img|5281_img|826_img|4269_img|4395_img
4134,HOME,AmazonBasics,Steel,"(Renewed) AmazonBasics Adjustable Wall Bracket, Set of 2, Nickel",B07L3TZJNT.jpg,"a photo of a (Renewed) AmazonBasics Adjustable Wall Bracket, Set of 2, Nickel",1,9,5440_img|5452_img|150_img|1432_img|5292_img|2006_img|4046_img|711_img|2681_img|4134_img|536_img|660_img|1758_img|378_img|2432_img|1644_img|4297_img|3477_img|2899_img|4191_img
4139,HOME,Pinzon by Amazon,Cotton,Pike Street 300-Thread Count Windowpane Cotton Overfilled Pillowtop Queen Mattress Pad,B002HEXKF4.jpg,a photo of a Pike Street 300-Thread Count Windowpane Cotton Overfilled Pillowtop Queen Mattress Pad,1,0,4139_img|202_img|4039_img|1764_img|1663_img|3102_img|704_img|321_img|1562_img|696_img|2152_img|2786_img|5455_img|4339_img|189_img|2635_img|4522_img|4965_img|158_img|1612_img
4141,CELLULAR_PHONE_CASE,Amazon Brand - Solimo,Plastic,Amazon Brand - Solimo Designer Peacock Design 3D Printed Hard Back Case Mobile Cover for Lava Pixel V1,B07WXBLJDG.jpg,a photo of a Amazon Brand - Solimo Designer Peacock Design 3D Printed Hard Back Case Mobile Cover for Lava Pixel V1,1,1,764_img|4141_img|4584_img|215_img|4621_img|4025_img|5318_img|4404_img|5499_img|5408_img|235_img|4283_img|798_img|242_img|3046_img|1580_img|2410_img|1833_img|4988_img|2671_img
4144,WALL_ART,Stone & Beam,paper,"Amazon Brand - Stone & Beam Modern Dark Blue Print, Billiard Rack Patent Wall Art, in Black Frame, 12"" x 14""",B073P1HYM7.jpg,"a photo of a Amazon Brand - Stone & Beam Modern Dark Blue Print, Billiard Rack Patent Wall Art, in Black Frame, 12"" x 14""",1,0,4144_img|678_img|4225_img|4000_img|4983_img|4344_img|3222_img|4541_img|1380_img|3287_img|1263_img|5289_img|592_img|5092_img|4465_img|677_img|1231_img|1814_img|1639_img|2650_img
4145,FINERING,Amazon Collection,No aplica,"Amazon CollectionPlata de Ley Chapado en oro amarillo ovalado azul Topaz y cristales de Swarovski Zirconia Anillo de acabado texturizado, tamaAo 6",B0747ZNW1P.jpg,"a photo of a Amazon CollectionPlata de Ley Chapado en oro amarillo ovalado azul Topaz y cristales de Swarovski Zirconia Anillo de acabado texturizado, tamaAo 6",1,3,1781_img|5336_img|4819_img|4145_img|3180_img|272_img|2054_img|4395_img|2615_img|4223_img|3598_img|2419_img|4670_img|4572_img|1098_img|2136_img|855_img|924_img|4488_img|2112_img
4151,HOME_BED_AND_BATH,AmazonBasics,others,"AmazonBasics Faux Angora Fringed Blanket - Beige, 130 x 170 cm",B07DW86SNB.jpg,"a photo of a AmazonBasics Faux Angora Fringed Blanket - Beige, 130 x 170 cm",1,0,4151_img|2143_img|189_img|1487_img|1549_img|1610_img|5455_img|4319_img|5252_img|4504_img|5322_img|1677_img|698_img|1761_img|2984_img|692_img|246_img|1457_img|3906_img|4302_img
4166,HOME_FURNITURE_AND_DECOR,Stone & Beam,Polypropylene; Wood frame,"Amazon Brand - Stone & Beam Hoffman Down-Filled Performance Fabric Sofa Couch, 97""W, Ecru",B0728NVXWL.jpg,"a photo of a Amazon Brand - Stone & Beam Hoffman Down-Filled Performance Fabric Sofa Couch, 97""W, Ecru",1,3,2530_img|4432_img|514_img|4166_img|5226_img|2333_img|618_img|1410_img|494_img|5495_img|294_img|4830_img|4185_img|3053_img|1375_img|1563_img|4866_img|5483_img|2416_img|1915_img
4169,FINEEARRING,Amazon Collection,No aplica,Plata de ley oval Garnet Dangle Earrings,B06XFYW8FB.jpg,a photo of a Plata de ley oval Garnet Dangle Earrings,0,-1,638_img|4924_img|3059_img|5519_img|5041_img|5378_img|5354_img|5172_img|590_img|502_img|2377_img|2041_img|2414_img|302_img|1158_img|4573_img|2354_img|560_img|800_img|2742_img
4172,TABLE,Alkove,Eiche,Alkove Hayes Solid Wood Table with A-shaped Metal Legs,B07KV3HBMR.jpg,a photo of a Alkove Hayes Solid Wood Table with A-shaped Metal Legs,1,1,886_img|4172_img|191_img|1653_img|5192_img|3630_img|630_img|1064_img|2591_img|2874_img|4447_img|2565_img|3734_img|1577_img|5185_img|5401_img|648_img|4222_img|3788_img|4048_img
4173,HOME_FURNITURE_AND_DECOR,Movian,Wood,Movian GW-Oslo Filing Cabinet 4053,B0851ZLNKM.jpg,a photo of a Movian GW-Oslo Filing Cabinet 4053,1,2,5205_img|555_img|4173_img|3893_img|1030_img|5092_img|2571_img|1937_img|1578_img|1437_img|2842_img|3175_img|1430_img|5094_img|179_img|1382_img|1949_img|5126_img|3937_img|2423_img
4178,SOFA,Rivet,Wood,"Amazon Brand - Rivet Andrews Contemporary Loveseat Sofa with Removable Cushions, 67""W, Wathet Blue",B07P8STB84.jpg,"a photo of a Amazon Brand - Rivet Andrews Contemporary Loveseat Sofa with Removable Cushions, 67""W, Wathet Blue",1,1,2012_img|4178_img|4185_img|1034_img|4308_img|2448_img|3053_img|3013_img|231_img|1539_img|2416_img|1493_img|3041_img|4339_img|5253_img|1702_img|924_img|4840_img|1410_img|3855_img
4180,RUG,Amazon Basics,Polypropylene,"Amazon Basics - 6'X9' Solid Color Shag Rug, Grey",B07TZMRR9Z.jpg,"a photo of a Amazon Basics - 6'X9' Solid Color Shag Rug, Grey",1,3,1634_img|4854_img|2398_img|4180_img|2959_img|3885_img|2598_img|5362_img|4217_img|1554_img|1361_img|5510_img|2528_img|4555_img|1015_img|2159_img|2147_img|1322_img|5070_img|1639_img
4185,SOFA,Stone & Beam,stone,"Amazon Brand - Stone & Beam Kristin Loveseat, 76""W, Indigo",B07HZ57QKK.jpg,"a photo of a Amazon Brand - Stone & Beam Kristin Loveseat, 76""W, Indigo",1,0,4185_img|3053_img|4178_img|4840_img|1915_img|2416_img|2183_img|2012_img|2733_img|2448_img|2530_img|4432_img|1188_img|514_img|4166_img|1493_img|4308_img|3977_img|4993_img|2031_img
4187,KITCHEN,Amazon Brand - Solimo,Thermoplastic,Amazon Brand - Solimo 1500 W Immersion Water Heater Rod (ISI Certified),B07VT9KDPH.jpg,a photo of a Amazon Brand - Solimo 1500 W Immersion Water Heater Rod (ISI Certified),1,16,4958_img|5266_img|2681_img|659_img|429_img|4488_img|1620_img|2451_img|3487_img|3477_img|4212_img|1800_img|926_img|3102_img|1219_img|3399_img|4187_img|162_img|5082_img|704_img
4191,FINEEARRING,Amazon Essentials,Metal,Amazon Essentials Rose Gold Plated Sterling Silver Polished Ball Stud Earrings (6mm),B01F1QEWTM.jpg,a photo of a Amazon Essentials Rose Gold Plated Sterling Silver Polished Ball Stud Earrings (6mm),1,2,3731_img|4857_img|4191_img|3839_img|378_img|4967_img|4865_img|5443_img|336_img|275_img|253_img|635_img|3685_img|2992_img|5077_img|2463_img|576_img|385_img|1003_img|1643_img
4193,FINENECKLACEBRACELETANKLET,Amazon Collection,metal,"ellie byrd 10k Gold Two Tone Initial ""N"" Disc Necklace, 18""",B01LYKN1X8.jpg,"a photo of a ellie byrd 10k Gold Two Tone Initial ""N"" Disc Necklace, 18""",1,0,4193_img|1905_img|4979_img|1589_img|1564_img|2550_img|2466_img|4658_img|1603_img|3307_img|4382_img|1628_img|839_img|2555_img|635_img|765_img|2529_img|2439_img|133_img|4842_img
4199,HOME,UMI,100% Seide,"UMI 22 Momme Seidenkissenbezug 80x80cm 1 Stuck, Seide Kissenbezug fur Haar und Haut Gold, Beidseitig 100% Seide",B08F9HRFDG.jpg,"a photo of a UMI 22 Momme Seidenkissenbezug 80x80cm 1 Stuck, Seide Kissenbezug fur Haar und Haut Gold, Beidseitig 100% Seide",1,0,4199_img|2143_img|3906_img|4993_img|3266_img|3843_img|1698_img|1549_img|1792_img|4151_img|4829_img|5433_img|1386_img|3037_img|962_img|4302_img|4253_img|3260_img|1568_img|698_img
4200,CHAIR,Rivet,Leather,"Amazon Brand - Rivet Bayard Contemporary Leather Couch with Curved Back and Armrests, 76""W, Grey",B082QD9LQM.jpg,"a photo of a Amazon Brand - Rivet Bayard Contemporary Leather Couch with Curved Back and Armrests, 76""W, Grey",1,0,4200_img|1156_img|201_img|5278_img|1301_img|3224_img|4830_img|5383_img|2443_img|1542_img|1451_img|709_img|4866_img|3060_img|1204_img|3910_img|147_img|2296_img|2448_img|1732_img
4203,KITCHEN,AmazonBasics,Others,"(Renewed) AmazonBasics 20-Piece Stainless Steel Flatware Silverware Set with Square Edge, Service for 4",B08BPD49CJ.jpg,"a photo of a (Renewed) AmazonBasics 20-Piece Stainless Steel Flatware Silverware Set with Square Edge, Service for 4",1,0,4203_img|2551_img|5470_img|5235_img|2028_img|247_img|5285_img|312_img|4436_img|4780_img|1766_img|2081_img|2347_img|191_img|2475_img|35_img|2602_img|54_img|5053_img|5147_img
4206,CHAIR,Right2Home,Faux Leather,"Amazon Brand - Ravenna Home Rolled Arm Nailhead Accent Chair, 35""W",B07FGH49CQ.jpg,"a photo of a Amazon Brand - Ravenna Home Rolled Arm Nailhead Accent Chair, 35""W",1,4,1964_img|141_img|190_img|4980_img|4206_img|2737_img|5133_img|5390_img|5356_img|1563_img|688_img|495_img|1389_img|1732_img|2103_img|298_img|3437_img|3288_img|2808_img|3354_img
4212,HOME,AmazonBasics,bronze,"AmazonBasics 1"" Curtain Rod with Cap Finials, 36"" to 72"" and AmazonBasics 1"" Curtain Clip Ring, Set of 7, Espresso (Dark Bronze)",B07584DGZV.jpg,"a photo of a AmazonBasics 1"" Curtain Rod with Cap Finials, 36"" to 72"" and AmazonBasics 1"" Curtain Clip Ring, Set of 7, Espresso (Dark Bronze)",1,0,4212_img|659_img|4588_img|429_img|2681_img|1641_img|799_img|5200_img|1342_img|5306_img|4474_img|2834_img|4857_img|3477_img|5540_img|2527_img|5082_img|1639_img|2694_img|1620_img
4217,RUG,Stone & Beam,wool,"Amazon Brand - Stone & Beam Contemporary Speckle Wool Rug, 8' x 10'6"", Copper",B072C5WNZP.jpg,"a photo of a Amazon Brand - Stone & Beam Contemporary Speckle Wool Rug, 8' x 10'6"", Copper",1,2,5510_img|1122_img|4217_img|2690_img|1361_img|2528_img|4857_img|5096_img|261_img|3895_img|540_img|5148_img|5427_img|5362_img|635_img|4191_img|2984_img|2959_img|1702_img|3731_img
4218,SHOES,Amazon Brand - Symbol,Synthetic,Amazon Brand - Symbol Men's Dark Tan Synthetic Formal Shoes - 10 UK (AZ-KY-93C),B07B6G4KP2.jpg,a photo of a Amazon Brand - Symbol Men's Dark Tan Synthetic Formal Shoes - 10 UK (AZ-KY-93C),1,9,443_img|3461_img|3505_img|4632_img|2620_img|1829_img|2754_img|2721_img|4038_img|4218_img|2816_img|5410_img|4453_img|1119_img|5231_img|5281_img|4298_img|3220_img|5463_img|1483_img
4222,TABLE,Strathwood by Amazon.com,teak,Strathwood Basic Elements 30-Inch Folding Table,B0006Q5UTY.jpg,a photo of a Strathwood Basic Elements 30-Inch Folding Table,0,-1,5192_img|2147_img|2713_img|2272_img|886_img|1064_img|3774_img|1325_img|3287_img|4048_img|1821_img|3083_img|2565_img|3288_img|3734_img|2591_img|4800_img|4144_img|648_img|1639_img
4223,FINERING,Amazon Collection,No aplica,"Amazon CollectionYellow Gold Plated Sterling Silver Oval-Shaped Citrine and Swarovski Zirconia with Textured Finish Ring, Size 7",B0747ZRP2F.jpg,"a photo of a Amazon CollectionYellow Gold Plated Sterling Silver Oval-Shaped Citrine and Swarovski Zirconia with Textured Finish Ring, Size 7",1,1,2615_img|4223_img|2419_img|4145_img|2054_img|4395_img|3598_img|1781_img|1934_img|3180_img|4670_img|4819_img|396_img|272_img|2136_img|4829_img|404_img|616_img|1643_img|566_img
4225,WALL_ART,Stone & Beam,Paper,"Amazon Brand - Stone & Beam Modern Silver Print of Toy Starship Patent in Black Wood Frame, 15"" x 21""",B073P1GB49.jpg,"a photo of a Amazon Brand - Stone & Beam Modern Silver Print of Toy Starship Patent in Black Wood Frame, 15"" x 21""",1,0,4225_img|4000_img|4144_img|1380_img|4465_img|3222_img|5289_img|4286_img|1231_img|4541_img|5452_img|677_img|2650_img|678_img|4048_img|4344_img|5092_img|643_img|3189_img|1382_img
4243,FINERING,Amazon Collection,rhinestone;,"Platinum-Plated Sterling Silver Swarovski Zirconia Round Cut Solitaire Ring, 0.25 cttw",B01N6S6UL7.jpg,"a photo of a Platinum-Plated Sterling Silver Swarovski Zirconia Round Cut Solitaire Ring, 0.25 cttw",1,0,4243_img|1253_img|1746_img|5498_img|5206_img|5450_img|435_img|1098_img|3919_img|2433_img|5394_img|4282_img|1464_img|631_img|2678_img|1292_img|1685_img|1756_img|2934_img|2633_img
4244,HOME_BED_AND_BATH,AmazonBasics,100% Baumwolle,AmazonBasics Bold Checks 100% Cotton Duvet Set,B00R45BT68.jpg,a photo of a AmazonBasics Bold Checks 100% Cotton Duvet Set,0,-1,4039_img|1369_img|1600_img|51_img|5326_img|2152_img|2798_img|4961_img|1663_img|2786_img|1004_img|4965_img|696_img|4956_img|189_img|3830_img|924_img|2700_img|3028_img|5352_img
4253,SOFA,Rivet,Leather,Amazon Brand - Rivet Revolve Modern Seating Collection,B075JJCSF1.jpg,a photo of a Amazon Brand - Rivet Revolve Modern Seating Collection,1,11,4836_img|3825_img|1003_img|619_img|4545_img|5170_img|3244_img|2774_img|5383_img|593_img|775_img|4253_img|2296_img|4275_img|1486_img|5258_img|36_img|3230_img|3060_img|5313_img
4263,CELLULAR_PHONE_CASE,Amazon Brand - Solimo,Plastic,Amazon Brand - Solimo Designer Egypt 3D Printed Hard Back Case Mobile Cover for Oppo A9 (2020),B08569NVJW.jpg,a photo of a Amazon Brand - Solimo Designer Egypt 3D Printed Hard Back Case Mobile Cover for Oppo A9 (2020),1,6,5230_img|274_img|4013_img|5561_img|4634_img|1844_img|4263_img|4584_img|4141_img|3964_img|1512_img|2564_img|1370_img|2659_img|4441_img|5262_img|1504_img|4988_img|710_img|2671_img
4264,HOME_BED_AND_BATH,Pinzon by Amazon,Melange Cotton Yarn,"Pinzon Heather Jersey Fitted Sheet, Light Gray Heather, 100 x 200 x 20 cm",B00MHV0FWI.jpg,"a photo of a Pinzon Heather Jersey Fitted Sheet, Light Gray Heather, 100 x 200 x 20 cm",1,0,4264_img|3907_img|604_img|1152_img|890_img|2796_img|3990_img|440_img|3394_img|328_img|5241_img|4390_img|1682_img|5321_img|4762_img|5303_img|1099_img|2846_img|3178_img|4545_img
4265,KITCHEN,Amazon Brand - Solimo,Stainless Steel,"Amazon Brand - Solimo Amazon Brand Stainless Steel Flask, 500ml, Silver",B01BHNJYUK.jpg,"a photo of a Amazon Brand - Solimo Amazon Brand Stainless Steel Flask, 500ml, Silver",1,0,4265_img|871_img|1620_img|1272_img|381_img|1882_img|325_img|5437_img|600_img|429_img|2510_img|3487_img|3477_img|4187_img|378_img|2578_img|3949_img|5071_img|4872_img|3685_img
4268,FINENECKLACEBRACELETANKLET,Amazon Collection,Metal,"Sterling Silver Family Infinity Pendant Necklace, 18""",B009YPDYBO.jpg,"a photo of a Sterling Silver Family Infinity Pendant Necklace, 18""",1,15,4050_img|2439_img|1564_img|2529_img|5562_img|700_img|2466_img|5174_img|635_img|2454_img|1944_img|684_img|5499_img|2572_img|2550_img|4268_img|1589_img|2043_img|4470_img|5378_img
4269,SHOES,The Fix,Suede,"Amazon Brand - The Fix Women's Kelly Knee-High Studded Boot, Black, 8 B US",B072V8VBYY.jpg,"a photo of a Amazon Brand - The Fix Women's Kelly Knee-High Studded Boot, Black, 8 B US",1,0,4269_img|826_img|2642_img|2631_img|3771_img|5133_img|1605_img|4837_img|141_img|2992_img|1732_img|242_img|4200_img|655_img|3230_img|201_img|3976_img|1389_img|724_img|643_img
4271,KITCHEN,AmazonBasics,Acciaio inossidabile,"AmazonBasics - Pentola in acciaio inox da 1,5 litri, con coperchio",B07Y3KFY5Q.jpg,"a photo of a AmazonBasics - Pentola in acciaio inox da 1,5 litri, con coperchio",1,0,4271_img|1882_img|325_img|429_img|1620_img|4265_img|871_img|680_img|378_img|4390_img|2835_img|1272_img|5321_img|3477_img|1644_img|54_img|3949_img|5071_img|4212_img|3110_img
4275,TABLE,Rivet,Engineered Wood,"Amazon Brand - Rivet District Mid-Century Expandable TV Media Console, Walnut and Grey Lacquer",B072ZNBWM7.jpg,"a photo of a Amazon Brand - Rivet District Mid-Century Expandable TV Media Console, Walnut and Grey Lacquer",1,0,4275_img|1585_img|1937_img|1573_img|4907_img|5013_img|1003_img|1277_img|3223_img|1030_img|5053_img|3175_img|5350_img|4173_img|1577_img|3244_img|4200_img|3224_img|1578_img|1479_img
4279,TABLE,Alkove,Oak,"Amazon Brand - Alkove Hayes Hidden Storage Coffee Table, 110 x 60 x 46cm, Wild Oak",B07SK9M651.jpg,"a photo of a Amazon Brand - Alkove Hayes Hidden Storage Coffee Table, 110 x 60 x 46cm, Wild Oak",1,0,4279_img|5401_img|2001_img|4602_img|630_img|3630_img|4447_img|1653_img|4907_img|2653_img|2281_img|886_img|2144_img|572_img|179_img|1074_img|191_img|4172_img|2796_img|5408_img
4282,FINENECKLACEBRACELETANKLET,Amazon Collection,metal,"14k White Gold 7.5mm Round Cubic Zirconia Solitaire Pendant Necklace (1.5 carat, Diamond Equivalent), 18""",B007VK6DR6.jpg,"a photo of a 14k White Gold 7.5mm Round Cubic Zirconia Solitaire Pendant Necklace (1.5 carat, Diamond Equivalent), 18""",1,0,4282_img|1685_img|3249_img|4470_img|35_img|5434_img|566_img|5303_img|5498_img|1253_img|1746_img|1944_img|4101_img|3012_img|3919_img|1603_img|2634_img|5308_img|839_img|5046_img
4283,SHOES,Bourge,Mesh,Bourge Men's Vega-8 Olive Running Shoes-12 UK (46 EU) (13 US) (Vega-8-12),B08CKTRBBH.jpg,a photo of a Bourge Men's Vega-8 Olive Running Shoes-12 UK (46 EU) (13 US) (Vega-8-12),1,0,4283_img|1580_img|1148_img|2956_img|1571_img|2127_img|5475_img|1583_img|98_img|1180_img|5143_img|3394_img|299_img|3217_img|2295_img|3990_img|4861_img|4699_img|4072_img|1631_img
4286,WALL_ART,Stone & Beam,Paper,"Amazon Brand - Stone & Beam Modern Black and White Exhale Word Art in Black Frame, 14"" x 14""",B073P1N3GJ.jpg,"a photo of a Amazon Brand - Stone & Beam Modern Black and White Exhale Word Art in Black Frame, 14"" x 14""",1,0,4286_img|643_img|1231_img|4465_img|1915_img|2650_img|4225_img|3222_img|4403_img|4000_img|1188_img|3313_img|4541_img|1156_img|1380_img|1359_img|1693_img|4144_img|3977_img|1605_img
4294,HOME_FURNITURE_AND_DECOR,Amazon Basics,Cuero,AmazonBasics - Silla (renovada),B07QM9SF5D.jpg,a photo of a AmazonBasics - Silla (renovada),1,9,2713_img|2575_img|2272_img|5315_img|686_img|3960_img|4793_img|5052_img|2126_img|4294_img|1325_img|2874_img|3734_img|1707_img|4837_img|3426_img|1256_img|1964_img|210_img|2565_img
4297,CHAIR,Stone & Beam,Wood,"Stone & Beam Hughes Casual Wood Dining Room Kitchen Chairs, Beige, Set of 2",B07B79SZV1.jpg,"a photo of a Stone & Beam Hughes Casual Wood Dining Room Kitchen Chairs, Beige, Set of 2",1,0,4297_img|4046_img|150_img|5185_img|1758_img|4586_img|2890_img|2899_img|5366_img|2591_img|536_img|1224_img|3354_img|4523_img|5390_img|2565_img|1677_img|4315_img|5538_img|5555_img
4298,CHAIR,Stone & Beam,Wood,"Amazon Brand - Stone & Beam Alicia Contemporary Wood Office Desk Chair, 32""H, Brown",B07B7DMPSJ.jpg,"a photo of a Amazon Brand - Stone & Beam Alicia Contemporary Wood Office Desk Chair, 32""H, Brown",1,1,5258_img|4298_img|1204_img|2515_img|256_img|4453_img|658_img|4253_img|179_img|1461_img|1121_img|3910_img|1224_img|33_img|3426_img|4968_img|1792_img|190_img|5366_img|1677_img
4300,HOME_FURNITURE_AND_DECOR,Amazon Brand - Solimo,Plastic,"Amazon Brand - Solimo 12-inch Wall Clock - Desginer (Silent Movement, Black Frame), SC-1006",B08GKXWX31.jpg,"a photo of a Amazon Brand - Solimo 12-inch Wall Clock - Desginer (Silent Movement, Black Frame), SC-1006",1,1,1783_img|4300_img|5180_img|4393_img|752_img|79_img|5441_img|4651_img|1917_img|4480_img|621_img|2224_img|200_img|4225_img|1915_img|926_img|2448_img|253_img|2872_img|4286_img
4302,WALL_ART,Rivet,Metal,"Amazon Brand - Rivet Abstract Gold and White Flecks on Canvas Wall Art, 40"" x 40""",B075HRFFTG.jpg,"a photo of a Amazon Brand - Rivet Abstract Gold and White Flecks on Canvas Wall Art, 40"" x 40""",1,1,962_img|4302_img|246_img|545_img|952_img|2035_img|1359_img|5330_img|3946_img|2609_img|5391_img|1438_img|204_img|3696_img|1329_img|431_img|2650_img|4151_img|1562_img|4253_img
4308,SOFA,Amazon Brand - Solimo,Fabric,solimo Sofa Cum Bed Luxe,B086B5P473.jpg,a photo of a solimo Sofa Cum Bed Luxe,1,0,4308_img|3102_img|321_img|704_img|202_img|4870_img|3013_img|4139_img|2786_img|1915_img|5278_img|1764_img|1663_img|828_img|227_img|1821_img|5161_img|4185_img|3774_img|4956_img
4311,RUG,Rivet,steel,"Amazon Brand - Rivet Steel Slanted Lines Wool Modern Area Rug, 8 x 10 Foot",B0735VHVBS.jpg,"a photo of a Amazon Brand - Rivet Steel Slanted Lines Wool Modern Area Rug, 8 x 10 Foot",1,3,5464_img|317_img|1691_img|4311_img|2528_img|5096_img|2451_img|5194_img|5070_img|4217_img|2619_img|2992_img|1585_img|4275_img|1003_img|1322_img|261_img|1919_img|4013_img|2159_img
4315,FINEEARRING,Amazon Essentials,Metal,18k Yellow Gold Plated Sterling Silver Square Princess Cut Cubic Zirconia Stud Earrings (0.7 cttw),B00BIGAWP8.jpg,a photo of a 18k Yellow Gold Plated Sterling Silver Square Princess Cut Cubic Zirconia Stud Earrings (0.7 cttw),1,0,4315_img|2519_img|536_img|5131_img|2006_img|5394_img|2973_img|5292_img|1292_img|1453_img|631_img|3919_img|2742_img|248_img|1660_img|5498_img|1349_img|3476_img|4085_img|1129_img
4319,RUG,Stone & Beam,wool,"Amazon Brand - Stone & Beam Lottie Traditional Wool Area Rug, 4 x 6 Foot, Beige",B0735VSNY8.jpg,"a photo of a Amazon Brand - Stone & Beam Lottie Traditional Wool Area Rug, 4 x 6 Foot, Beige",1,2,2984_img|5322_img|4319_img|2598_img|1284_img|2576_img|1122_img|2063_img|5510_img|1734_img|4933_img|4609_img|3895_img|2690_img|211_img|677_img|2031_img|186_img|4916_img|217_img
4334,CELLULAR_PHONE_CASE,Amazon Brand - Solimo,Silicon,Amazon Brand - Solimo Designer Teddy Bear UV Printed Soft Back Case Mobile Cover for Lava Z61,B0853X2R79.jpg,a photo of a Amazon Brand - Solimo Designer Teddy Bear UV Printed Soft Back Case Mobile Cover for Lava Z61,1,0,4334_img|5339_img|1399_img|754_img|4696_img|2029_img|2398_img|4180_img|1489_img|2790_img|4067_img|2842_img|3313_img|734_img|1619_img|2812_img|3236_img|4854_img|3053_img|4840_img
4335,CELLULAR_PHONE_CASE,Amazon Brand - Solimo,Plastic,Amazon Brand - Solimo Designer Blue Pattern Alphabet-U 3D Printed Hard Back Case Mobile Cover for Motorola Moto E6s / Motorola Moto E6 Plus,B081HMXDWP.jpg,a photo of a Amazon Brand - Solimo Designer Blue Pattern Alphabet-U 3D Printed Hard Back Case Mobile Cover for Motorola Moto E6s / Motorola Moto E6 Plus,1,0,4335_img|1370_img|4893_img|1010_img|4141_img|3964_img|1092_img|2535_img|2021_img|2659_img|2671_img|1116_img|1844_img|1919_img|4013_img|2183_img|930_img|274_img|2564_img|1263_img
4339,HOME_BED_AND_BATH,Amazon Brand - Solimo,Cotton,"Amazon Brand - Solimo Water Resistant Premium Mattress Protector, 78x60 inches - Queen Bed Size, Blue",B07PZVKW1B.jpg,"a photo of a Amazon Brand - Solimo Water Resistant Premium Mattress Protector, 78x60 inches - Queen Bed Size, Blue",1,0,4339_img|202_img|3660_img|4308_img|5253_img|5161_img|924_img|4139_img|3855_img|3013_img|3041_img|1814_img|1034_img|1702_img|2112_img|4185_img|5455_img|2959_img|5442_img|3102_img
4341,HOME_BED_AND_BATH,Pinzon by Amazon,100% cotton,"Pinzon Ultrasoft 180TC Fitted Sheets, Green 135 x 190 x 40 cm",B00MGSH1OW.jpg,"a photo of a Pinzon Ultrasoft 180TC Fitted Sheets, Green 135 x 190 x 40 cm",1,3,5355_img|755_img|2094_img|4341_img|319_img|231_img|4699_img|4001_img|3883_img|4555_img|3626_img|5417_img|3942_img|2756_img|3341_img|2112_img|791_img|3914_img|4283_img|5219_img
4344,HOME,UMI,MDF,"Umi.Essentials Brown Picture Frames, Rustic Style, Set of 2",B07S6FF3VS.jpg,"a photo of a Umi.Essentials Brown Picture Frames, Rustic Style, Set of 2",1,3,625_img|180_img|743_img|4344_img|3856_img|592_img|2694_img|3075_img|1224_img|1949_img|5126_img|4297_img|4212_img|3685_img|536_img|5306_img|5185_img|1110_img|2591_img|5440_img
4346,FINEEARRING,Amazon Collection,metal,18k Yellow Gold Plated Sterling Silver Diamond-Cut 2.5x30 Clicktop Hoop Earrings,B002TOL5YA.jpg,a photo of a 18k Yellow Gold Plated Sterling Silver Diamond-Cut 2.5x30 Clicktop Hoop Earrings,1,0,4346_img|4373_img|1457_img|1543_img|616_img|2589_img|3853_img|1848_img|5418_img|2583_img|2742_img|2957_img|4642_img|3260_img|1097_img|680_img|2325_img|253_img|4842_img|2041_img
4359,SHOES,Amazon Brand - Symbol,Canvas,Amazon Brand - Symbol Men's Beige Canvas Sneakers-8 UK (42 EU) (9 US) (AZ-SY-445),B07WPKTXFX.jpg,a photo of a Amazon Brand - Symbol Men's Beige Canvas Sneakers-8 UK (42 EU) (9 US) (AZ-SY-445),1,1,2956_img|4359_img|4890_img|343_img|2105_img|675_img|681_img|2816_img|5463_img|1571_img|1417_img|786_img|2846_img|2796_img|5322_img|5252_img|4565_img|5454_img|962_img|4302_img
4364,FINERING,Amazon Collection,rhinestone;,"Platinum-Plated Sterling Silver 7-Stone Ring made with Swarovski Zirconia (1/2 cttw), Size 7",B01MS8OENO.jpg,"a photo of a Platinum-Plated Sterling Silver 7-Stone Ring made with Swarovski Zirconia (1/2 cttw), Size 7",1,0,4364_img|4536_img|2633_img|1756_img|2433_img|2934_img|2678_img|853_img|5059_img|435_img|1098_img|396_img|4243_img|2554_img|2142_img|4829_img|3843_img|4463_img|259_img|5521_img
4367,KITCHEN,Amazon Brand - Solimo,Aluminium,Amazon Brand - Solimo Non-Stick 2-Piece Kitchen Set; Flat Tawa (28cm) & Concave Tawa (28cm),B01ABXUNPW.jpg,a photo of a Amazon Brand - Solimo Non-Stick 2-Piece Kitchen Set; Flat Tawa (28cm) & Concave Tawa (28cm),1,0,4367_img|4725_img|1706_img|1226_img|4526_img|729_img|1019_img|1645_img|2883_img|1766_img|2587_img|2899_img|292_img|175_img|150_img|2872_img|895_img|4046_img|4297_img|4523_img
4369,SOFA,AmazonBasics,aluminum,AmazonBasics Aluminum Outdoor L-Shaped Sofa Lounge Set with Cushions and Table - Navy,B07ZTQDCLY.jpg,a photo of a AmazonBasics Aluminum Outdoor L-Shaped Sofa Lounge Set with Cushions and Table - Navy,1,0,4369_img|4308_img|2826_img|2321_img|4040_img|5147_img|1499_img|1493_img|3774_img|3013_img|4702_img|687_img|3874_img|50_img|2183_img|4185_img|2890_img|1874_img|3053_img|3738_img
4373,FINENECKLACEBRACELETANKLET,Amazon Collection,metal,Amazon CollectionYellow-Gold-Plated Sterling Silver Swarovski Zirconia 1/2-Inch Round Hoop Earrings,B00NFSCZJ8.jpg,a photo of a Amazon CollectionYellow-Gold-Plated Sterling Silver Swarovski Zirconia 1/2-Inch Round Hoop Earrings,1,0,4373_img|4346_img|1457_img|2589_img|1543_img|4642_img|3260_img|3843_img|616_img|5418_img|2742_img|4829_img|20_img|708_img|2957_img|396_img|1400_img|2463_img|2325_img|259_img
4382,FINENECKLACEBRACELETANKLET,Amazon Collection,metal,"Collier avec pendentif en damier en or 14 carats (8 mm),Or blanc/orange.",B00UYIHDBC.jpg,"a photo of a Collier avec pendentif en damier en or 14 carats (8 mm),Or blanc/orange.",1,16,566_img|5172_img|5308_img|502_img|5354_img|4572_img|985_img|3012_img|5434_img|4470_img|4282_img|3626_img|1934_img|4453_img|3249_img|2412_img|4382_img|1361_img|4878_img|1050_img
4389,SHOES,Amazon Brand - Symactive,Fabric,Amazon Brand - Symactive Men's Black Running Shoes-7 UK (SYM-SS-025C),B07RQXXG62.jpg,a photo of a Amazon Brand - Symactive Men's Black Running Shoes-7 UK (SYM-SS-025C),1,1,4861_img|4389_img|1693_img|5475_img|1180_img|1631_img|2295_img|98_img|299_img|3217_img|5143_img|4072_img|1583_img|1148_img|3990_img|2260_img|2127_img|1915_img|5125_img|655_img
4390,TABLE,Rivet,Wood,"Amazon Brand - Rivet Geometric Elm Wood Side End Accent Table, 25.59""W, Dark Grey Finish",B07HSCN55V.jpg,"a photo of a Amazon Brand - Rivet Geometric Elm Wood Side End Accent Table, 25.59""W, Dark Grey Finish",1,19,192_img|1479_img|4545_img|1614_img|1720_img|5170_img|475_img|993_img|3788_img|2531_img|950_img|2117_img|3244_img|5192_img|5241_img|4836_img|5313_img|230_img|3194_img|4390_img
4393,HOME_FURNITURE_AND_DECOR,Amazon Brand - Solimo,Plastic,"Amazon Brand - Solimo 12-inch Wall Clock - Desginer (Silent Movement, Black Frame), SC-1012",B08GL3WR3R.jpg,"a photo of a Amazon Brand - Solimo 12-inch Wall Clock - Desginer (Silent Movement, Black Frame), SC-1012",1,3,1783_img|4300_img|5180_img|4393_img|752_img|79_img|5441_img|4651_img|1917_img|4480_img|621_img|2224_img|200_img|4225_img|1915_img|926_img|2448_img|253_img|2872_img|4286_img
4395,FINERING,Amazon Collection,No aplica,"Amazon Collection10k Gold Swarovski Crystal November Birthstone Ring, Size 6",B079JWXH78.jpg,"a photo of a Amazon Collection10k Gold Swarovski Crystal November Birthstone Ring, Size 6",1,0,4395_img|2054_img|2419_img|3598_img|1781_img|4819_img|2615_img|4223_img|4145_img|3180_img|4670_img|396_img|5336_img|2136_img|739_img|272_img|4829_img|3843_img|1232_img|2009_img
4403,WALL_ART,Rivet,Paper,"Amazon Brand - Rivet Life is Beautiful Hanging Plants Print Wall Art in Gray Wood Frame, 16.5"" x 20.5""",B073NZPN2W.jpg,"a photo of a Amazon Brand - Rivet Life is Beautiful Hanging Plants Print Wall Art in Gray Wood Frame, 16.5"" x 20.5""",1,0,4403_img|1231_img|5382_img|578_img|2472_img|592_img|3222_img|643_img|1833_img|2453_img|2595_img|4344_img|2846_img|1640_img|4541_img|440_img|4465_img|2436_img|1571_img|5483_img
4404,FINEEARRING,Amazon Collection,metal,Gold Plated Sterling Silver Angel Wing Drop Earrings,B00B3RE7OO.jpg,a photo of a Gold Plated Sterling Silver Angel Wing Drop Earrings,1,0,4404_img|5519_img|1457_img|4924_img|5041_img|1453_img|2992_img|2041_img|1946_img|4346_img|1543_img|5378_img|5196_img|5353_img|616_img|4373_img|2377_img|217_img|1930_img|3994_img
4409,HOME_BED_AND_BATH,Amazon Brand - Solimo,Polycotton,"Amazon Brand - Solimo Harmony Door Curtain, 7 feet - Set of 1 (Sandy Biege)",B07FQW1GTG.jpg,"a photo of a Amazon Brand - Solimo Harmony Door Curtain, 7 feet - Set of 1 (Sandy Biege)",1,0,4409_img|2501_img|5306_img|162_img|4588_img|4474_img|1949_img|5126_img|1992_img|3223_img|178_img|3187_img|4319_img|1122_img|3301_img|3895_img|4842_img|659_img|2662_img|2984_img
4419,CELLULAR_PHONE_CASE,Amazon Brand - Solimo,Silicon,Amazon Brand - Solimo Designer Red Moon UV Printed Soft Back Case Mobile Cover for Samsung Galaxy A10,B0854CLBRQ.jpg,a photo of a Amazon Brand - Solimo Designer Red Moon UV Printed Soft Back Case Mobile Cover for Samsung Galaxy A10,1,0,4419_img|1609_img|1774_img|4827_img|5308_img|737_img|178_img|1928_img|4537_img|502_img|739_img|5339_img|5161_img|227_img|3301_img|2576_img|5362_img|4565_img|3607_img|1361_img
4420,HOME,Pinzon by Amazon,Sateen,"Pinzon 400-Thread-Count 100% Cotton Sateen Hotel Satin Stitch Euro Sham, Bordeaux",B000RH1H6C.jpg,"a photo of a Pinzon 400-Thread-Count 100% Cotton Sateen Hotel Satin Stitch Euro Sham, Bordeaux",1,0,4420_img|1928_img|1568_img|5411_img|744_img|4199_img|4244_img|3301_img|502_img|1386_img|3037_img|1765_img|5308_img|2812_img|3266_img|2143_img|731_img|1232_img|2009_img|873_img
4430,RUG,Stone & Beam,wool,"Amazon Brand - Stone & Beam Contemporary Ikat Inspired Wool Area Rug, 3' 6"" x 5' 6"", Beige",B0719SX5NS.jpg,"a photo of a Amazon Brand - Stone & Beam Contemporary Ikat Inspired Wool Area Rug, 3' 6"" x 5' 6"", Beige",1,1,3895_img|4430_img|4319_img|3251_img|5400_img|5164_img|3593_img|1122_img|5096_img|38_img|2690_img|5015_img|5322_img|1761_img|872_img|2984_img|2619_img|930_img|539_img|2063_img
4432,SOFA,Stone & Beam,Polyester/Nylon; Wood frame,"Amazon Brand - Stone & Beam Kristin Round Arm Performance Fabric Loveseat Sofa Couch, 88""W, Stone",B072FVHNS7.jpg,"a photo of a Amazon Brand - Stone & Beam Kristin Round Arm Performance Fabric Loveseat Sofa Couch, 88""W, Stone",1,3,5495_img|2530_img|494_img|4432_img|618_img|5483_img|4916_img|2333_img|2733_img|2416_img|3977_img|4768_img|514_img|1406_img|5226_img|5555_img|5304_img|1511_img|5383_img|4067_img
4436,KITCHEN,Amazon Brand - Solimo,Plastic,Amazon Brand - Solimo 15 Piece Dinnerware Set (Line Design),B07HJ7251J.jpg,a photo of a Amazon Brand - Solimo 15 Piece Dinnerware Set (Line Design),1,0,4436_img|312_img|4780_img|5285_img|247_img|5147_img|5235_img|54_img|5560_img|1019_img|4040_img|4526_img|729_img|1766_img|4222_img|860_img|4203_img|1546_img|1047_img|2167_img
4441,CELLULAR_PHONE_CASE,Amazon Brand - Solimo,Silicon,Amazon Brand - Solimo Designer Dark Multicolor Blocks UV Printed Soft Back Case Mobile Cover for Vivo Y15,B08549QH8J.jpg,a photo of a Amazon Brand - Solimo Designer Dark Multicolor Blocks UV Printed Soft Back Case Mobile Cover for Vivo Y15,1,0,4441_img|215_img|1050_img|873_img|2211_img|274_img|4013_img|2671_img|3240_img|4956_img|2318_img|5262_img|197_img|188_img|1844_img|1919_img|1512_img|1212_img|5230_img|2077_img
4447,TABLE,Rivet,Wood,"Amazon Brand - Rivet Boundary Modern Reclaimed Fir Wood Dining Kitchen Table, 66""L, Honey Brown",B07B7BJK89.jpg,"a photo of a Amazon Brand - Rivet Boundary Modern Reclaimed Fir Wood Dining Kitchen Table, 66""L, Honey Brown",1,2,5013_img|5053_img|4447_img|4172_img|1585_img|5170_img|191_img|1003_img|1577_img|3223_img|4297_img|3825_img|3165_img|2117_img|1479_img|4545_img|192_img|3788_img|147_img|886_img
4453,CHAIR,Stone & Beam,Cuero falso,"Stone & Beam Silla giratoria de mediados de siglo, 25.2 pulgadas de ancho, marron (renovada)",B085DFVQHX.jpg,"a photo of a Stone & Beam Silla giratoria de mediados de siglo, 25.2 pulgadas de ancho, marron (renovada)",0,-1,3075_img|4212_img|3194_img|659_img|4390_img|743_img|256_img|3977_img|1936_img|4588_img|2103_img|1677_img|5350_img|5306_img|677_img|2117_img|4344_img|2295_img|4980_img|5356_img
4463,FINEEARRING,Amazon Essentials,metal,Amazon Essentials Platinum Plated Sterling Silver Round Cut Cubic Zirconia Stud Earrings (6.5mm),B0028K3L74.jpg,a photo of a Amazon Essentials Platinum Plated Sterling Silver Round Cut Cubic Zirconia Stud Earrings (6.5mm),1,0,4463_img|2432_img|1464_img|292_img|60_img|1593_img|275_img|1349_img|2573_img|2678_img|3476_img|2463_img|5443_img|997_img|660_img|4364_img|2934_img|895_img|2633_img|1098_img
4465,WALL_ART,Rivet,Paper,"Amazon Brand - Rivet Black and White Desert Railroad Tracks Photography Wall Art Print, Black frame, 22"" x 18""",B073P1LM2L.jpg,"a photo of a Amazon Brand - Rivet Black and White Desert Railroad Tracks Photography Wall Art Print, Black frame, 22"" x 18""",1,0,4465_img|4541_img|4000_img|508_img|4730_img|1231_img|4144_img|1380_img|4048_img|5413_img|5053_img|5289_img|939_img|5027_img|643_img|4225_img|4673_img|1143_img|3222_img|4344_img
4470,FINENECKLACEBRACELETANKLET,Amazon Collection,Metal,"14k White Gold Bezel Set Solitaire Adjustable Pendant Necklace (1/10cttw, K-L Color, I2-I3 Clarity), 16"" + 2"" Extender",B01GUYFETG.jpg,"a photo of a 14k White Gold Bezel Set Solitaire Adjustable Pendant Necklace (1/10cttw, K-L Color, I2-I3 Clarity), 16"" + 2"" Extender",1,1,5562_img|4470_img|2634_img|4282_img|5494_img|2741_img|3249_img|1685_img|1603_img|4101_img|1944_img|133_img|1999_img|4728_img|2529_img|5434_img|2043_img|985_img|1532_img|4268_img
4474,HOME_BED_AND_BATH,Amazon Brand - Solimo,Polyester,"Amazon Brand - Solimo Thimbleberry Window Curtain, 5 feet - Set of 1 (Cocoa Brown)",B07FRBC3JB.jpg,"a photo of a Amazon Brand - Solimo Thimbleberry Window Curtain, 5 feet - Set of 1 (Cocoa Brown)",1,0,4474_img|5306_img|4588_img|4409_img|162_img|4212_img|1342_img|1800_img|744_img|799_img|5200_img|3301_img|4667_img|3223_img|4482_img|1949_img|5126_img|5352_img|659_img|2501_img
4480,HOME_FURNITURE_AND_DECOR,Amazon Brand - Solimo,Plastic,"Amazon Brand - Solimo 12-inch Wall Clock - Desginer (Silent Movement, Black Frame), SC-1076",B08GL17CJC.jpg,"a photo of a Amazon Brand - Solimo 12-inch Wall Clock - Desginer (Silent Movement, Black Frame), SC-1076",1,9,1783_img|4300_img|5180_img|4393_img|752_img|79_img|5441_img|4651_img|1917_img|4480_img|621_img|200_img|2224_img|1915_img|4225_img|2448_img|926_img|253_img|2872_img|4286_img
4482,HOME,UMI,Textura,UMI. by Amazon - Cortinas Termicas Aislantes Frio y Calor para Dormitorio Matrimonio Salon Hotel Casa Exterior con Ojales 2 Paneles 168 x 229 cm Negro,B07HSQKVXG.jpg,a photo of a UMI. by Amazon - Cortinas Termicas Aislantes Frio y Calor para Dormitorio Matrimonio Salon Hotel Casa Exterior con Ojales 2 Paneles 168 x 229 cm Negro,1,2,799_img|5200_img|4482_img|1342_img|5352_img|1639_img|2835_img|1800_img|2478_img|5133_img|162_img|1887_img|320_img|1015_img|744_img|1143_img|1992_img|4588_img|4667_img|3976_img
4486,FINERING,Amazon Collection,metal,"Sterling Silver and 14k Yellow Gold Emerald Cut Created Emerald and Diamond Accent Art Deco-Style Ring, Size 7",B008BSPN46.jpg,"a photo of a Sterling Silver and 14k Yellow Gold Emerald Cut Created Emerald and Diamond Accent Art Deco-Style Ring, Size 7",1,0,4486_img|4001_img|4670_img|3942_img|3127_img|4819_img|3626_img|1781_img|272_img|3914_img|772_img|5131_img|243_img|4699_img|2416_img|2957_img|231_img|242_img|2615_img|4223_img
4488,KITCHEN,Amazon Brand - Solimo,Plastic,Amazon Brand - Solimo 1000-Watt Dry Iron (White and Turquoise),B0721K4S3J.jpg,a photo of a Amazon Brand - Solimo 1000-Watt Dry Iron (White and Turquoise),1,0,4488_img|4958_img|3399_img|5219_img|5266_img|3102_img|319_img|321_img|3883_img|704_img|5071_img|202_img|2112_img|926_img|3949_img|2756_img|3341_img|4339_img|1937_img|2681_img
4504,SHOES,Flavia,Polyurethane,Flavia Women's Gold Fashion Slippers-7 UK (39 EU) (8 US) (FL/203/GLD),B07XRYM9C2.jpg,a photo of a Flavia Women's Gold Fashion Slippers-7 UK (39 EU) (8 US) (FL/203/GLD),1,0,4504_img|5457_img|5463_img|2961_img|5584_img|4842_img|4124_img|681_img|543_img|1625_img|2816_img|4151_img|616_img|242_img|2589_img|4346_img|3260_img|243_img|4373_img|1042_img
4510,SOFA,Movian,polyester,"Ett marke fran Amazon - Movian Lina - 2,5-sits soffa, 82 x 184 x 82 cm (L x B x H) 2,5-sits soffa 82 x 184 x 82 cm (L x B x H) Blassrosa, svart traben",B07VMLDRB7.jpg,"a photo of a Ett marke fran Amazon - Movian Lina - 2,5-sits soffa, 82 x 184 x 82 cm (L x B x H) 2,5-sits soffa 82 x 184 x 82 cm (L x B x H) Blassrosa, svart traben",1,0,4510_img|782_img|1034_img|227_img|2448_img|2404_img|3060_img|169_img|1451_img|5072_img|4830_img|5433_img|2012_img|3013_img|231_img|789_img|4200_img|1375_img|3815_img|4870_img
4522,HOME,UMI,Chenille,"UMI Chenille Microfiber Bath Rug Floor mat for Spa Vanity Shower Super Soft Machine Washable for Bathroom/Kitchen Water Absorbent Anti-Skid Bedroom Area Rugs (21"" x 34"", White and Navy)",B08FDVHZ5Q.jpg,"a photo of a UMI Chenille Microfiber Bath Rug Floor mat for Spa Vanity Shower Super Soft Machine Washable for Bathroom/Kitchen Water Absorbent Anti-Skid Bedroom Area Rugs (21"" x 34"", White and Navy)",0,-1,1549_img|4915_img|5462_img|2425_img|1610_img|3509_img|5570_img|828_img|841_img|1487_img|4993_img|1538_img|2021_img|5361_img|1539_img|3187_img|332_img|1527_img|647_img|1506_img
4523,CHAIR,Movian,plastic,"Amazon Brand - Movian Arendsee Set of 2 Dining Chairs, 55 x 48.5 x 85 cm, Grey",B07QTD914H.jpg,"a photo of a Amazon Brand - Movian Arendsee Set of 2 Dining Chairs, 55 x 48.5 x 85 cm, Grey",1,0,4523_img|2899_img|150_img|1758_img|4046_img|5064_img|648_img|4586_img|593_img|2515_img|5072_img|1204_img|4657_img|5440_img|5258_img|5241_img|1224_img|2704_img|5283_img|2404_img
4526,KITCHEN,AmazonBasics,Cast Iron,"AmazonBasics Pre-Seasoned Cast Iron 5-Piece Kitchen Cookware Set, Pots and Pans (Renewed)",B07VYS44D3.jpg,"a photo of a AmazonBasics Pre-Seasoned Cast Iron 5-Piece Kitchen Cookware Set, Pots and Pans (Renewed)",1,0,4526_img|1019_img|729_img|1766_img|860_img|2028_img|1226_img|4367_img|1706_img|5235_img|247_img|4040_img|4725_img|987_img|2321_img|4203_img|312_img|1645_img|2872_img|4436_img
4536,FINERING,Amazon Collection,Metal,"Platinum-Plated Sterling Silver Round-Cut 5-Stone Ring made with Swarovski Zirconia (1.25 cttw), Size 7",B00FXWATW4.jpg,"a photo of a Platinum-Plated Sterling Silver Round-Cut 5-Stone Ring made with Swarovski Zirconia (1.25 cttw), Size 7",1,1,2633_img|4536_img|4364_img|2678_img|2934_img|1756_img|2433_img|853_img|5059_img|2554_img|396_img|435_img|4243_img|1098_img|4829_img|3843_img|2142_img|4463_img|259_img|5521_img
4537,CELLULAR_PHONE_CASE,Amazon Brand - Solimo,Silicon,Amazon Brand - Solimo Designer Dark Night View UV Printed Soft Back Case Mobile Cover for Comio P1 4G,B0853X16VB.jpg,a photo of a Amazon Brand - Solimo Designer Dark Night View UV Printed Soft Back Case Mobile Cover for Comio P1 4G,1,0,4537_img|3607_img|4419_img|5339_img|609_img|1504_img|3189_img|235_img|5561_img|1468_img|4263_img|1101_img|5230_img|546_img|1913_img|4668_img|5025_img|5461_img|4988_img|910_img
4541,WALL_ART,Rivet,Paper,"Amazon Brand - Rivet Under The Pier Black and White Photo Wall Art in Silver Frame, 15"" x 13""",B073NZWZ5F.jpg,"a photo of a Amazon Brand - Rivet Under The Pier Black and White Photo Wall Art in Silver Frame, 15"" x 13""",1,0,4541_img|4465_img|4344_img|1231_img|678_img|5350_img|4403_img|4144_img|1949_img|5126_img|1359_img|592_img|3222_img|3075_img|2655_img|3946_img|4000_img|2650_img|4286_img|743_img
4545,TABLE,Stone & Beam,wood,"Amazon Brand - Stone & Beam Creston Modern Expandable Wood Dining Kitchen Table, Round, 72""W, Oak",B07B78G4Q8.jpg,"a photo of a Amazon Brand - Stone & Beam Creston Modern Expandable Wood Dining Kitchen Table, Round, 72""W, Oak",1,4,5053_img|5013_img|4447_img|5170_img|4545_img|191_img|4172_img|2774_img|3825_img|2117_img|3788_img|4222_img|36_img|1226_img|1479_img|175_img|1577_img|1003_img|1706_img|4725_img
4549,HOME_FURNITURE_AND_DECOR,Stone & Beam,wool,"Amazon Brand - Stone & Beam Floral Wool Area Rug, 8 x 10 Foot, Blue",B07B4SMR82.jpg,"a photo of a Amazon Brand - Stone & Beam Floral Wool Area Rug, 8 x 10 Foot, Blue",1,4,2031_img|5400_img|930_img|1734_img|4549_img|4430_img|1814_img|1284_img|2063_img|258_img|1804_img|3593_img|2959_img|1539_img|2598_img|1702_img|2159_img|4933_img|855_img|5322_img
4555,RUG,Stone & Beam,polyester,"Amazon Brand - Stone & Beam Polyester Rug, 5' x 8', Light Green, Dark Green, White",B07HSHKL7Z.jpg,"a photo of a Amazon Brand - Stone & Beam Polyester Rug, 5' x 8', Light Green, Dark Green, White",1,0,4555_img|791_img|258_img|1554_img|2598_img|1734_img|2398_img|3526_img|2959_img|294_img|4001_img|1634_img|4854_img|560_img|4180_img|3626_img|4699_img|231_img|3885_img|1502_img
4565,SHOES,Amazon Brand - Symbol,Polyester,Amazon Brand - Symbol Men's Red Sneakers-11 (AZ-YS-198 B),B07BDZ8TXZ.jpg,a photo of a Amazon Brand - Symbol Men's Red Sneakers-11 (AZ-YS-198 B),1,1,737_img|4565_img|5475_img|5308_img|4419_img|4890_img|1928_img|199_img|2798_img|502_img|2075_img|1417_img|343_img|2105_img|739_img|178_img|1117_img|227_img|1232_img|2009_img
4572,FINENECKLACEBRACELETANKLET,Amazon Collection,Metal,"14k White Gold Cushion Checkerboard Cut London Blue Topaz Pendant Necklace (8mm), 18""",B00UYIHBZA.jpg,"a photo of a 14k White Gold Cushion Checkerboard Cut London Blue Topaz Pendant Necklace (8mm), 18""",1,0,4572_img|4282_img|3012_img|566_img|5303_img|985_img|1685_img|5172_img|3626_img|5046_img|1263_img|2741_img|5434_img|4983_img|3249_img|4470_img|4993_img|2555_img|5253_img|35_img
4573,FINEEARRING,Amazon Collection,Metal,10k White Gold Round Checkerboard Cut Aquamarine Leverback Earrings (6mm),B01GPY6R1U.jpg,a photo of a 10k White Gold Round Checkerboard Cut Aquamarine Leverback Earrings (6mm),1,2,302_img|1158_img|4573_img|1502_img|1930_img|4169_img|2742_img|560_img|800_img|638_img|2414_img|1453_img|3059_img|2377_img|4572_img|5519_img|895_img|1848_img|1946_img|1660_img
4583,SOFA,Rivet,Velvet,"Amazon Brand - Rivet Uptown Mid-Century Tufted Customizable Daybed Sofa, 78""W, Rain &amp; Black",B075X4PRPS.jpg,"a photo of a Amazon Brand - Rivet Uptown Mid-Century Tufted Customizable Daybed Sofa, 78""W, Rain &amp; Black",1,6,3738_img|1493_img|687_img|5133_img|3976_img|4200_img|4583_img|169_img|321_img|704_img|1143_img|3060_img|3230_img|4866_img|4048_img|3102_img|5278_img|1874_img|3244_img|50_img
4584,CELLULAR_PHONE_CASE,Amazon Brand - Solimo,Plastic,Amazon Brand - Solimo Designer Wooden Semi Circle Texture 3D Printed Hard Back Case Mobile Cover for Samsung Galaxy A51,B08569WV7R.jpg,a photo of a Amazon Brand - Solimo Designer Wooden Semi Circle Texture 3D Printed Hard Back Case Mobile Cover for Samsung Galaxy A51,0,-1,3165_img|4263_img|5230_img|5025_img|3825_img|5408_img|2774_img|3607_img|3788_img|1504_img|910_img|4988_img|619_img|1913_img|609_img|2144_img|192_img|993_img|5170_img|2117_img
4586,CHAIR,AmazonBasics,Plastic,"AmazonBasics Armless Slot-Back Dining Chair - Set of 2, White, Premium Plastic",B0856G51ZG.jpg,"a photo of a AmazonBasics Armless Slot-Back Dining Chair - Set of 2, White, Premium Plastic",1,0,4586_img|2890_img|834_img|1758_img|2471_img|5185_img|2126_img|4046_img|2565_img|150_img|4523_img|3893_img|2591_img|4116_img|5440_img|2899_img|696_img|4297_img|686_img|4134_img
4588,HOME_BED_AND_BATH,Amazon Brand - Solimo,polyresin,"Amazon Brand - Solimo Riviera Door Curtain, 7 feet - Set of 2 (Chocolate Brown)",B07FLY8ZR1.jpg,"a photo of a Amazon Brand - Solimo Riviera Door Curtain, 7 feet - Set of 2 (Chocolate Brown)",1,0,4588_img|5306_img|4474_img|1015_img|4212_img|4409_img|1342_img|3301_img|178_img|4667_img|1949_img|5126_img|162_img|659_img|1224_img|3223_img|748_img|2501_img|1639_img|5278_img
4602,TABLE,Alkove,Buche,Amazon brand - Alkove - Hayes - Tomas coffee table made of solid wood with pull-out pull-out beech heartwood,B07K7M4YMV.jpg,a photo of a Amazon brand - Alkove - Hayes - Tomas coffee table made of solid wood with pull-out pull-out beech heartwood,1,1,4279_img|4602_img|630_img|5401_img|2001_img|3630_img|886_img|2144_img|5408_img|2281_img|191_img|1653_img|3734_img|4447_img|514_img|3877_img|5185_img|1064_img|3165_img|2565_img
4609,RUG,Stone & Beam,wool,"Amazon Brand - Stone & Beam Casual Geometric Wool Area Rug, 7' 6"" x 5', Gold",B07B4ZLJ7D.jpg,"a photo of a Amazon Brand - Stone & Beam Casual Geometric Wool Area Rug, 7' 6"" x 5', Gold",1,0,4609_img|1761_img|751_img|1329_img|5131_img|2690_img|4311_img|5256_img|3895_img|698_img|1628_img|3307_img|5394_img|1004_img|1292_img|4504_img|4319_img|5464_img|2984_img|2596_img
4621,WALL_ART,Rivet,paper,"Amazon Brand - Rivet Spanned Red, Green and Gold Feathers in Dark Gray Frame Wall Art, 32"" x 42""",B073P17RSQ.jpg,"a photo of a Amazon Brand - Rivet Spanned Red, Green and Gold Feathers in Dark Gray Frame Wall Art, 32"" x 42""",1,0,4621_img|5318_img|1833_img|764_img|2595_img|204_img|4403_img|4069_img|873_img|2211_img|197_img|1696_img|2026_img|2472_img|2436_img|533_img|578_img|3240_img|252_img|1580_img
4632,SHOES,Amazon Brand - Symbol,Leather,Amazon Brand - Symbol Men's Beige Leather Formal Shoes - 9 UK (AZ-OM-232B),B079TJH95K.jpg,a photo of a Amazon Brand - Symbol Men's Beige Leather Formal Shoes - 9 UK (AZ-OM-232B),1,4,2620_img|3461_img|443_img|4038_img|4632_img|2721_img|5463_img|1829_img|1483_img|2816_img|5252_img|1548_img|5390_img|3505_img|4504_img|5538_img|1417_img|1761_img|4359_img|4218_img
4634,CELLULAR_PHONE_CASE,Amazon Brand - Solimo,Plastic,Amazon Brand - Solimo Designer Iron Impression 3D Printed Hard Back Case Mobile Cover for OnePlus 7T Pro,B0853X2F23.jpg,a photo of a Amazon Brand - Solimo Designer Iron Impression 3D Printed Hard Back Case Mobile Cover for OnePlus 7T Pro,1,7,4013_img|1844_img|5230_img|1370_img|1512_img|4584_img|3964_img|4634_img|2451_img|274_img|5561_img|2535_img|2659_img|1479_img|5194_img|4588_img|4335_img|5170_img|4212_img|3165_img
4642,FINEEARRING,Amazon Collection,Metal,"14k Rose Gold Plated 925 Sterling Silver Round Prong-Set AAA Cubic Zirconia Hoop Earrings (.9"" Diameter) (1 cttw)",B01980UC8M.jpg,"a photo of a 14k Rose Gold Plated 925 Sterling Silver Round Prong-Set AAA Cubic Zirconia Hoop Earrings (.9"" Diameter) (1 cttw)",1,0,4642_img|253_img|3853_img|1495_img|1543_img|543_img|293_img|5007_img|4373_img|1848_img|2041_img|275_img|2325_img|20_img|708_img|2583_img|4346_img|5443_img|4857_img|385_img
4651,HOME_FURNITURE_AND_DECOR,Amazon Brand - Solimo,Plastic,"Amazon Brand - Solimo 12-inch Wall Clock -Sensation (Silent Movement, Black Frame)",B08GKZZ7H1.jpg,"a photo of a Amazon Brand - Solimo 12-inch Wall Clock -Sensation (Silent Movement, Black Frame)",1,7,1783_img|5180_img|4300_img|79_img|4393_img|752_img|5441_img|4651_img|1917_img|4480_img|621_img|200_img|2224_img|1915_img|4225_img|2448_img|2872_img|475_img|4286_img|4782_img
4657,CHAIR,UMI,Panno,UMI. Essentials Sedia da Ufficio Sedia da Scrivania Sedia Ergonomica (Grigio),B07LC6HGS1.jpg,a photo of a UMI. Essentials Sedia da Ufficio Sedia da Scrivania Sedia Ergonomica (Grigio),1,12,1707_img|4294_img|1461_img|5258_img|2103_img|658_img|5052_img|210_img|1256_img|3426_img|4968_img|5321_img|4657_img|153_img|686_img|1511_img|440_img|1701_img|3394_img|5064_img
4658,FINENECKLACEBRACELETANKLET,Amazon Collection,metal,"Amazon Collection14k Yellow Gold-Filled Letter""H"" Charm Pendant Necklace, 18""",B016RNUGVQ.jpg,"a photo of a Amazon Collection14k Yellow Gold-Filled Letter""H"" Charm Pendant Necklace, 18""",1,0,4658_img|4979_img|2466_img|3307_img|1564_img|2550_img|1589_img|839_img|2555_img|1628_img|4193_img|635_img|1603_img|1905_img|1106_img|4382_img|384_img|1129_img|4944_img|5036_img
4667,HOME_BED_AND_BATH,AmazonBasics,Tela,"AmazonBasics - Cortinas opacas con aislamiento termico y alzapanos, 1 unidad, 135 x 244 cm, Verde",B072BPD4N3.jpg,"a photo of a AmazonBasics - Cortinas opacas con aislamiento termico y alzapanos, 1 unidad, 135 x 244 cm, Verde",1,0,4667_img|5352_img|4001_img|4800_img|4588_img|4409_img|1342_img|755_img|2094_img|4341_img|5355_img|799_img|5200_img|162_img|4699_img|1967_img|560_img|1639_img|1800_img|4474_img
4668,CELLULAR_PHONE_CASE,Amazon Brand - Solimo,Silicone,Amazon Brand - Solimo Designer Daddy's Girl and Mummy World UV Printed Soft Back Case Mobile Cover for Micromax Bharat 2 Plus,B0853X224B.jpg,a photo of a Amazon Brand - Solimo Designer Daddy's Girl and Mummy World UV Printed Soft Back Case Mobile Cover for Micromax Bharat 2 Plus,1,0,4668_img|5339_img|1399_img|910_img|734_img|2659_img|4334_img|390_img|5086_img|5185_img|1010_img|546_img|1101_img|1590_img|1508_img|4537_img|710_img|4951_img|4191_img|1116_img
4670,FINERING,Amazon Collection,Not Applicable,"Platinum Plated Sterling Silver Freshwater Pearl with Frosty Mint Swarovski Zirconia Accents Ring, Size 6",B0756HCG6K.jpg,"a photo of a Platinum Plated Sterling Silver Freshwater Pearl with Frosty Mint Swarovski Zirconia Accents Ring, Size 6",1,0,4670_img|272_img|1643_img|1667_img|1781_img|3754_img|4145_img|3180_img|4967_img|2377_img|2741_img|5336_img|3626_img|4819_img|4878_img|4488_img|4983_img|4572_img|1934_img|1132_img
4673,WALL_ART,Stone & Beam,wood,"Amazon Brand - Stone & Beam Modern Black and White Print Wall Art of Forest Snow, Grey Frame, 12"" x 12""",B073P6L98B.jpg,"a photo of a Amazon Brand - Stone & Beam Modern Black and White Print Wall Art of Forest Snow, Grey Frame, 12"" x 12""",1,0,4673_img|2453_img|939_img|5027_img|1231_img|2693_img|2472_img|4465_img|643_img|4403_img|4541_img|248_img|3222_img|578_img|1359_img|2436_img|5292_img|5413_img|4945_img|2930_img
4696,SOFA,Ravenna Home,Wood,"Amazon Brand - Ravenna Home Maplewood Reclining Console Loveseat, 81""W, Leather, Amber",B07QHYF1PP.jpg,"a photo of a Amazon Brand - Ravenna Home Maplewood Reclining Console Loveseat, 81""W, Leather, Amber",1,3,709_img|1619_img|748_img|4696_img|2443_img|1301_img|940_img|1121_img|1542_img|5278_img|3910_img|4178_img|4166_img|4185_img|147_img|1188_img|1451_img|1698_img|1375_img|5195_img
4699,SHOES,Amazon Brand - Symbol,Polyester,Amazon Brand - Symbol Men's Green Sneakers-10 (AZ-YS-198 C),B07BDY8ZBD.jpg,a photo of a Amazon Brand - Symbol Men's Green Sneakers-10 (AZ-YS-198 C),1,0,4699_img|1571_img|786_img|4283_img|1580_img|4001_img|560_img|3626_img|1502_img|4555_img|3942_img|242_img|2846_img|1833_img|2956_img|4359_img|231_img|4565_img|675_img|791_img
4702,RUG,Stone & Beam,Polypropylene,"Stone & Beam Sophia Contemporary Area Rug, 7' 6"" x 9' 6"", Grey",B07HSM8NKP.jpg,"a photo of a Stone & Beam Sophia Contemporary Area Rug, 7' 6"" x 9' 6"", Grey",0,-1,2598_img|1634_img|5070_img|2528_img|2959_img|3885_img|5510_img|1734_img|2576_img|4217_img|2984_img|4854_img|5096_img|3178_img|1322_img|1554_img|2398_img|5194_img|1122_img|1284_img
4710,FINERING,Amazon Collection,metal,"Platinum-Plated Sterling Silver All-Around Band Ring set with Round Swarovski Zirconia (1 cttw), Size 5",B014WC3AHQ.jpg,"a photo of a Platinum-Plated Sterling Silver All-Around Band Ring set with Round Swarovski Zirconia (1 cttw), Size 5",1,0,4710_img|1868_img|5132_img|2142_img|3127_img|259_img|5521_img|853_img|5059_img|2957_img|5418_img|1073_img|1400_img|1621_img|1551_img|1232_img|2009_img|435_img|3915_img|4364_img
4725,KITCHEN,Amazon Brand - Solimo,Aluminium,"Amazon Brand - Solimo Non Stick Frypan (24 cm, 2 coat, 2mm thickness)",B07P7W8NK1.jpg,"a photo of a Amazon Brand - Solimo Non Stick Frypan (24 cm, 2 coat, 2mm thickness)",1,0,4725_img|1706_img|1226_img|1645_img|2587_img|2883_img|1980_img|2872_img|4367_img|175_img|325_img|729_img|712_img|3232_img|5071_img|3949_img|4526_img|4271_img|1019_img|191_img
4728,FINENECKLACEBRACELETANKLET,Amazon Essentials,metal,"Amazon Essentials Sterling Silver Singapore Bead Chain Station Necklace, 24""",B00200K8Q4.jpg,"a photo of a Amazon Essentials Sterling Silver Singapore Bead Chain Station Necklace, 24""",1,2,4101_img|1944_img|4728_img|5174_img|463_img|765_img|700_img|4470_img|5562_img|5434_img|4282_img|4050_img|1685_img|2634_img|2043_img|1073_img|2325_img|1400_img|1532_img|1603_img
4730,WALL_ART,Rivet,Cotton,"Amazon Brand - Rivet Arizona Desert Sand Horizon Photo with Wood Hanger, 16"" x 20""",B073P77B6B.jpg,"a photo of a Amazon Brand - Rivet Arizona Desert Sand Horizon Photo with Wood Hanger, 16"" x 20""",1,1,508_img|4730_img|2693_img|4263_img|4465_img|2683_img|939_img|5027_img|609_img|592_img|2930_img|3946_img|2555_img|3165_img|2516_img|3063_img|246_img|3307_img|1949_img|5126_img
4762,HOME_BED_AND_BATH,Pinzon by Amazon,cotton,"Pinzon 500-Thread-Count Pima Cotton Sateen Bed Sheet Set -King, Canvas",B00CL5TH9C.jpg,"a photo of a Pinzon 500-Thread-Count Pima Cotton Sateen Bed Sheet Set -King, Canvas",1,0,4762_img|328_img|5454_img|3094_img|1444_img|5045_img|189_img|5195_img|1099_img|2812_img|2700_img|1682_img|1277_img|51_img|4151_img|711_img|2796_img|536_img|3075_img|3175_img
4765,HOME_FURNITURE_AND_DECOR,Stone & Beam,"Polyster/linen blend fabric, plywood frame","Amazon Brand - Stone & Beam Katama Slipcover Queen Headboard, 66""W, Lagoon",B07B4ZFC76.jpg,"a photo of a Amazon Brand - Stone & Beam Katama Slipcover Queen Headboard, 66""W, Lagoon",1,0,4765_img|3968_img|189_img|4583_img|618_img|5495_img|2333_img|3738_img|4432_img|2796_img|5195_img|2530_img|687_img|1277_img|2416_img|3094_img|4390_img|1406_img|5454_img|2681_img
4768,SOFA,Movian,Tela,"Amazon Brand - Movian Stavis - Sofa cama, 74 x 146 x 87 cm (largo x ancho x alto), gris claro",B07VMLF9CB.jpg,"a photo of a Amazon Brand - Movian Stavis - Sofa cama, 74 x 146 x 87 cm (largo x ancho x alto), gris claro",1,3,2404_img|4830_img|5072_img|4768_img|4955_img|5383_img|782_img|169_img|5483_img|494_img|2704_img|5283_img|4510_img|3028_img|5241_img|2296_img|2497_img|2797_img|1034_img|1156_img
4780,KITCHEN,AmazonBasics,Others,"(Renewed) AmazonBasics 18-Piece Dinnerware Set - Warm Beams, Service for 6",B08335DW9J.jpg,"a photo of a (Renewed) AmazonBasics 18-Piece Dinnerware Set - Warm Beams, Service for 6",1,2,4436_img|312_img|4780_img|247_img|5285_img|5235_img|5147_img|54_img|5560_img|1019_img|4040_img|4526_img|1546_img|860_img|729_img|1766_img|4203_img|1694_img|4222_img|435_img
4782,HOME,UMI,Polyester,"UMI Merryfeel Microfiber Duvet Cover Set,Lightweight and Soft Bedding Set (8 Sizes,12 Colours)(200x200+2x80x80cm,Black)",B07PTPXHZ2.jpg,"a photo of a UMI Merryfeel Microfiber Duvet Cover Set,Lightweight and Soft Bedding Set (8 Sizes,12 Colours)(200x200+2x80x80cm,Black)",1,0,4782_img|5442_img|3815_img|3028_img|3216_img|2704_img|5283_img|2700_img|139_img|2859_img|201_img|5152_img|2812_img|1132_img|987_img|1915_img|4526_img|2798_img|2758_img|1342_img
4792,FINEEARRING,Amazon Collection,metal,Sterling Silver Genuine African Amethyst Butterfly Stud Earrings,B000MFF89G.jpg,a photo of a Sterling Silver Genuine African Amethyst Butterfly Stud Earrings,1,0,4792_img|1378_img|3059_img|4025_img|264_img|5041_img|2354_img|2414_img|2454_img|2973_img|5292_img|4404_img|588_img|2403_img|604_img|1152_img|4924_img|2758_img|2006_img|3839_img
4793,CHAIR,Strathwood by Amazon.com,Steel,"Strathwood Basics Anti-Gravity Adjustable Recliner Chair, Lime Fizz",B000W8VD2E.jpg,"a photo of a Strathwood Basics Anti-Gravity Adjustable Recliner Chair, Lime Fizz",1,0,4793_img|3914_img|1690_img|2713_img|4916_img|5315_img|404_img|1511_img|2126_img|4206_img|2540_img|5555_img|5361_img|5052_img|1964_img|686_img|834_img|2565_img|5433_img|4116_img
4800,HOME_BED_AND_BATH,AmazonBasics,100 % coton,"AmazonBasics Everyday 100% Cotton Duvet Set, Dark Green 200 x 200 cm & 2 Pillowcases 80 x 80 cm",B00UZ6MBZG.jpg,"a photo of a AmazonBasics Everyday 100% Cotton Duvet Set, Dark Green 200 x 200 cm & 2 Pillowcases 80 x 80 cm",1,0,4800_img|4001_img|4782_img|2700_img|2812_img|1444_img|1600_img|2704_img|5283_img|4555_img|560_img|5442_img|3855_img|231_img|4667_img|1967_img|5454_img|4762_img|1369_img|3942_img
4812,WALL_ART,Stone & Beam,Paper,"Amazon Brand - Stone & Beam Modern Vibrant Horse Photo, Rustic Brown Frame, 18"" x 22""",B075YLQTGZ.jpg,"a photo of a Amazon Brand - Stone & Beam Modern Vibrant Horse Photo, Rustic Brown Frame, 18"" x 22""",1,1,579_img|4812_img|184_img|5222_img|5318_img|197_img|5078_img|256_img|3313_img|4344_img|3910_img|1121_img|4980_img|4541_img|186_img|3194_img|2642_img|578_img|1949_img|5126_img
4819,FINERING,Amazon Collection,Unknown Material,Amazon Collection Amazon Collection rabunottoringu Sterling Silver K Yellow Gold Diamond Swiss Blue Topaz,B0043RTPIO.jpg,a photo of a Amazon Collection Amazon Collection rabunottoringu Sterling Silver K Yellow Gold Diamond Swiss Blue Topaz,1,3,1781_img|4572_img|4145_img|4819_img|272_img|5336_img|985_img|3960_img|2112_img|4085_img|1999_img|4382_img|2615_img|4223_img|3180_img|4967_img|3249_img|566_img|1702_img|4670_img
4827,CELLULAR_PHONE_CASE,Amazon Brand - Solimo,Silicon,Amazon Brand - Solimo Designer Red Roses UV Printed Soft Back Case Mobile Cover for Lyf C459,B0854651ZY.jpg,a photo of a Amazon Brand - Solimo Designer Red Roses UV Printed Soft Back Case Mobile Cover for Lyf C459,1,0,4827_img|1774_img|1609_img|4419_img|1640_img|2557_img|2595_img|178_img|5339_img|2769_img|590_img|2600_img|4069_img|5308_img|227_img|5446_img|737_img|5161_img|2576_img|3301_img
4829,FINERING,Amazon Collection,No aplica,"Amazon CollectionYellow Gold Plated Sterling Silver Swarovski Zirconia Round 3-Stone Ring, Size 8",B01N265OF8.jpg,"a photo of a Amazon CollectionYellow Gold Plated Sterling Silver Swarovski Zirconia Round 3-Stone Ring, Size 8",1,0,4829_img|3843_img|396_img|2554_img|2419_img|5418_img|2615_img|4223_img|2957_img|2633_img|404_img|5433_img|2589_img|4395_img|4145_img|4819_img|20_img|708_img|2136_img|3260_img
4830,SOFA,Rivet,Leather,"Amazon Brand - Rivet Kaden Mid-Century Modern Adjustable Headrest Loveseat Sofa, 61.8""W, Light Grey",B07B4D8F4R.jpg,"a photo of a Amazon Brand - Rivet Kaden Mid-Century Modern Adjustable Headrest Loveseat Sofa, 61.8""W, Light Grey",1,11,2296_img|5383_img|5241_img|5483_img|2796_img|494_img|4275_img|5252_img|2333_img|1047_img|4545_img|4830_img|2797_img|420_img|1397_img|593_img|4768_img|5538_img|618_img|325_img
4836,TABLE,Movian,Glas,"Amazon Brand Movian Gauja Coffee Table, 80 x 80 x 40 cm (L x W x H), Brown",B07QPZLFCB.jpg,"a photo of a Amazon Brand Movian Gauja Coffee Table, 80 x 80 x 40 cm (L x W x H), Brown",1,10,4907_img|1074_img|2281_img|1720_img|4602_img|1573_img|5401_img|1003_img|603_img|1856_img|4836_img|179_img|2001_img|3818_img|633_img|2653_img|3788_img|1585_img|5313_img|2117_img
4837,HOME_FURNITURE_AND_DECOR,Movian,Faux Leather,"Marque Amazon - Movian Galga - Chaise d'appoint, 90 x 105 x 98 cm (longueur x largeur x hauteur), Finition cuir refendu, Noir",B07VSV47FQ.jpg,"a photo of a Marque Amazon - Movian Galga - Chaise d'appoint, 90 x 105 x 98 cm (longueur x largeur x hauteur), Finition cuir refendu, Noir",1,0,4837_img|5049_img|5313_img|4510_img|5064_img|4200_img|140_img|1204_img|2526_img|1156_img|5433_img|532_img|648_img|1691_img|2448_img|593_img|1856_img|5072_img|169_img|1573_img
4840,CHAIR,Stone & Beam,Textile,"Amazon Brand - Stone & Beam Carrigan Casual Living-Room Chair, 45""W, Navy",B07HYYCT75.jpg,"a photo of a Amazon Brand - Stone & Beam Carrigan Casual Living-Room Chair, 45""W, Navy",1,0,4840_img|141_img|4178_img|1964_img|3053_img|5315_img|1690_img|2416_img|3354_img|495_img|140_img|2031_img|4993_img|2183_img|1511_img|4185_img|5356_img|3437_img|5314_img|5052_img
4842,FINENECKLACEBRACELETANKLET,Amazon Collection,Metal,"Sterling Silver Yellow Gold Flashed Cross Catch with""Faith Hope Love"" Bangle Bracelet, 2.5""",B00OZMFN9M.jpg,"a photo of a Sterling Silver Yellow Gold Flashed Cross Catch with""Faith Hope Love"" Bangle Bracelet, 2.5""",1,0,4842_img|5540_img|2527_img|5391_img|4504_img|243_img|2957_img|680_img|5418_img|3307_img|545_img|962_img|4302_img|246_img|2589_img|404_img|384_img|1129_img|4944_img|5036_img
4854,RUG,Amazon Basics,Polypropylene,"Amazon Basics - 4'X6' Solid Color Shag Rug, Grey",B07TZMWH7X.jpg,"a photo of a Amazon Basics - 4'X6' Solid Color Shag Rug, Grey",1,1,1634_img|4854_img|2398_img|4180_img|2959_img|3885_img|5362_img|2598_img|1554_img|1361_img|4217_img|5510_img|4555_img|2528_img|1322_img|1015_img|2159_img|2147_img|5070_img|2031_img
4857,FINEEARRING,Amazon Collection,Metall,"Amazon Collection: Ladies 925 Sterling Silver, rose",B01F1QEWPG.jpg,"a photo of a Amazon Collection: Ladies 925 Sterling Silver, rose",1,2,3731_img|4191_img|4857_img|2992_img|635_img|2439_img|336_img|3839_img|588_img|576_img|2605_img|253_img|543_img|385_img|2631_img|3771_img|5440_img|378_img|5430_img|728_img
4861,SHOES,Amazon Brand - Symbol,Knit,Amazon Brand - Symbol Men's Black 1 Textile Sneakers-6 UK (40 EU) (7 US) (AZ-GI-501B),B07S1LYW6K.jpg,a photo of a Amazon Brand - Symbol Men's Black 1 Textile Sneakers-6 UK (40 EU) (7 US) (AZ-GI-501B),1,3,1631_img|1693_img|655_img|4861_img|1180_img|786_img|4389_img|299_img|3217_img|2295_img|1583_img|3990_img|4890_img|675_img|724_img|1548_img|3394_img|4359_img|4565_img|5475_img
4865,HOME_BED_AND_BATH,AmazonBasics,Acrylic,"AmazonBasics Clear Acrylic Ball Finial with 1"" Curtain Rod - 36-72"", Black",B07MCYHXJ6.jpg,"a photo of a AmazonBasics Clear Acrylic Ball Finial with 1"" Curtain Rod - 36-72"", Black",1,1,429_img|4865_img|799_img|5200_img|5352_img|1342_img|4482_img|1800_img|659_img|4212_img|320_img|1389_img|3266_img|162_img|1639_img|1614_img|1620_img|2745_img|1887_img|5133_img
4866,SOFA,Stone & Beam,Wood,"Amazon Brand - Stone & Beam Westcott Contemporary 93"" Sofa, Fabric, 93""W, Charcoal",B07HZ1LZTT.jpg,"a photo of a Amazon Brand - Stone & Beam Westcott Contemporary 93"" Sofa, Fabric, 93""W, Charcoal",1,0,4866_img|1915_img|294_img|1188_img|1156_img|2448_img|1410_img|4185_img|4830_img|5278_img|987_img|5383_img|2333_img|2733_img|618_img|201_img|4200_img|4432_img|5495_img|1015_img
4870,SOFA,Amazon Brand - Solimo,Wood,Amazon Brand - Solimo Eric Fabric 3 seater Sofa (Light Grey),B07WN4JHMP.jpg,a photo of a Amazon Brand - Solimo Eric Fabric 3 seater Sofa (Light Grey),1,0,4870_img|2497_img|1375_img|782_img|4830_img|3013_img|4166_img|2530_img|4067_img|494_img|2404_img|1451_img|4955_img|3893_img|5226_img|514_img|789_img|139_img|5072_img|4432_img
4872,KITCHEN,Amazon Brand - Solimo,Plastic,Amazon Brand - Solimo Maxima 750-Watt Mixer Grinder with 3 Stainless Steel Jars,B0721K4444.jpg,a photo of a Amazon Brand - Solimo Maxima 750-Watt Mixer Grinder with 3 Stainless Steel Jars,1,1,5437_img|4872_img|381_img|4265_img|1620_img|3487_img|4187_img|871_img|600_img|1430_img|2510_img|4958_img|5452_img|4100_img|5071_img|3949_img|1766_img|3477_img|1644_img|2834_img
4878,FINENECKLACEBRACELETANKLET,Amazon Collection,metal,"Amazon Collection10K Yellow Gold Swarovski Elements Emerald Crystal with 14K Gold Filled Chain Slide Ball Pendant Necklace, 18""",B017BQUVQ8.jpg,"a photo of a Amazon Collection10K Yellow Gold Swarovski Elements Emerald Crystal with 14K Gold Filled Chain Slide Ball Pendant Necklace, 18""",1,0,4878_img|2741_img|3626_img|1934_img|3046_img|3012_img|1502_img|1532_img|560_img|2634_img|985_img|1603_img|566_img|5434_img|1999_img|133_img|4382_img|5308_img|800_img|4572_img
4884,WALL_ART,Rivet,wood,"Amazon Brand - Rivet 9-Piece Pastel Floral Art Mural on Wood, 48"" x 48""",B073P5V2KP.jpg,"a photo of a Amazon Brand - Rivet 9-Piece Pastel Floral Art Mural on Wood, 48"" x 48""",1,0,4884_img|2026_img|4069_img|5425_img|5330_img|1903_img|821_img|5347_img|1352_img|2595_img|2769_img|188_img|5503_img|3930_img|3199_img|2551_img|2600_img|1562_img|5470_img|3240_img
4890,SHOES,Amazon Brand - Symbol,Canvas,Amazon Brand - Symbol Men's Whitey Stripe Sneakers-10 UK/India (44 EU)(AZ-SH-05A),B074DX8DRN.jpg,a photo of a Amazon Brand - Symbol Men's Whitey Stripe Sneakers-10 UK/India (44 EU)(AZ-SH-05A),1,0,4890_img|4359_img|343_img|2105_img|1417_img|675_img|1583_img|1397_img|786_img|2846_img|5463_img|2816_img|4565_img|1548_img|2956_img|1887_img|3830_img|1838_img|1571_img|5132_img
4893,CELLULAR_PHONE_CASE,Amazon Brand - Solimo,Plastic,Amazon Brand - Solimo Designer Button Jeans Alphabet-G 3D Printed Hard Back Case Mobile Cover for Samsung Galaxy J3 Pro,B0853XFLSS.jpg,a photo of a Amazon Brand - Solimo Designer Button Jeans Alphabet-G 3D Printed Hard Back Case Mobile Cover for Samsung Galaxy J3 Pro,1,1,1092_img|4893_img|4335_img|1370_img|5130_img|1905_img|3964_img|4979_img|4193_img|1564_img|1010_img|4141_img|1116_img|4634_img|2659_img|4658_img|2535_img|4286_img|1844_img|2529_img
4907,TABLE,Ravenna Home,wood,"Amazon Brand - Ravenna Home Heights Wood Lift Top Storage Coffee Table, 43.3""W, Dark Oak",B07DBDWL5H.jpg,"a photo of a Amazon Brand - Ravenna Home Heights Wood Lift Top Storage Coffee Table, 43.3""W, Dark Oak",1,1,603_img|4907_img|1074_img|2117_img|2281_img|1720_img|5545_img|5451_img|3818_img|1573_img|1936_img|5350_img|1277_img|1406_img|4081_img|5401_img|1479_img|3937_img|4279_img|2526_img
4915,HOME,Dreamfoam Bedding,Memory foam,Ultimate Dreams King 2 inch Thick 4 Pound Density Gel Memory Foam Topper. Made in The USA,B00B4I22CG.jpg,a photo of a Ultimate Dreams King 2 inch Thick 4 Pound Density Gel Memory Foam Topper. Made in The USA,1,0,4915_img|828_img|202_img|4339_img|5219_img|2959_img|1527_img|368_img|3949_img|1764_img|2950_img|4139_img|2672_img|1506_img|3660_img|712_img|4865_img|5071_img|3399_img|5462_img
4916,CHAIR,Stone & Beam,stone,"Amazon Brand - Stone & Beam Edmunds Traditional Recliner, 30""W, Green",B07B4CZQDS.jpg,"a photo of a Amazon Brand - Stone & Beam Edmunds Traditional Recliner, 30""W, Green",1,1,1511_img|4916_img|2416_img|3977_img|5052_img|495_img|2733_img|3914_img|2103_img|4840_img|5315_img|4793_img|1690_img|4555_img|4001_img|231_img|494_img|2540_img|560_img|5356_img
4924,FINEEARRING,Amazon Collection,metal,Sterling Silver Linear Swirl French Wire Earrings,B005N0NI1K.jpg,a photo of a Sterling Silver Linear Swirl French Wire Earrings,1,0,4924_img|5378_img|2992_img|5440_img|5519_img|5196_img|1848_img|2325_img|4050_img|2041_img|1660_img|4404_img|150_img|1930_img|1557_img|700_img|2583_img|1551_img|5464_img|5292_img
4933,RUG,Rivet,Polypropylene,"Amazon Brand - Rivet Old World Vintage Persian Area Rug, 5' 3"" x 7' 3"", Grey and Pink",B075Z9CXYZ.jpg,"a photo of a Amazon Brand - Rivet Old World Vintage Persian Area Rug, 5' 3"" x 7' 3"", Grey and Pink",1,0,4933_img|211_img|2686_img|870_img|5370_img|5387_img|2576_img|2063_img|3199_img|4430_img|1284_img|2690_img|1804_img|3593_img|2031_img|200_img|3526_img|1734_img|855_img|2598_img
4944,FINEEARRING,Amazon Collection,Not Applicable,"AGS Certified 14k Yellow Gold Round-Cut Diamond Stud Earrings (1/2cttw, K-L Color, I1-I2 Clarity)",B075XVTW1J.jpg,"a photo of a AGS Certified 14k Yellow Gold Round-Cut Diamond Stud Earrings (1/2cttw, K-L Color, I1-I2 Clarity)",1,2,384_img|1129_img|4944_img|5036_img|711_img|1432_img|536_img|1349_img|2681_img|3307_img|2573_img|3477_img|4315_img|3476_img|2555_img|839_img|4085_img|5452_img|962_img|4302_img
4945,FINERING,Amazon Collection,metal,"Platinum-Plated Sterling Silver Princess-Cut 3-Stone Ring made with Swarovski Zirconia (3 cttw), Size 5",B014WC3EMW.jpg,"a photo of a Platinum-Plated Sterling Silver Princess-Cut 3-Stone Ring made with Swarovski Zirconia (3 cttw), Size 5",1,3,248_img|3095_img|787_img|4945_img|5573_img|2711_img|631_img|5206_img|5450_img|772_img|3919_img|2973_img|243_img|5007_img|1660_img|5498_img|293_img|5394_img|2006_img|5131_img
4951,CELLULAR_PHONE_CASE,Amazon Brand - Solimo,Silicon,Amazon Brand - Solimo Designer Sleepy Kitten UV Printed Soft Back Case Mobile Cover for Oppo A83,B08569MRTM.jpg,a photo of a Amazon Brand - Solimo Designer Sleepy Kitten UV Printed Soft Back Case Mobile Cover for Oppo A83,1,0,4951_img|1508_img|2509_img|5472_img|1399_img|734_img|2441_img|754_img|390_img|3236_img|5339_img|203_img|4334_img|1101_img|2029_img|546_img|1628_img|4537_img|4668_img|1913_img
4955,SOFA,Rivet,Wood,"Amazon Brand - Rivet Emerly Modern Sofa Chaise, 96""W, Steel Grey",B07P5LM5CQ.jpg,"a photo of a Amazon Brand - Rivet Emerly Modern Sofa Chaise, 96""W, Steel Grey",1,10,1874_img|169_img|50_img|2874_img|3738_img|2333_img|4830_img|618_img|321_img|294_img|4955_img|3102_img|704_img|4956_img|789_img|2826_img|5483_img|3504_img|4866_img|1585_img
4956,SOFA,Alkove,Tissu,"Marque Amazon - Alkove Elvas - Module de meridienne pour canape modulaire avec espace de rangement et coussin additionnel, 145 x 100 cm, Motif a pois",B07SHYWNQB.jpg,"a photo of a Marque Amazon - Alkove Elvas - Module de meridienne pour canape modulaire avec espace de rangement et coussin additionnel, 145 x 100 cm, Motif a pois",1,0,4956_img|2152_img|225_img|1568_img|4961_img|1765_img|1212_img|5399_img|5411_img|618_img|3914_img|1050_img|2540_img|1563_img|2737_img|4244_img|4420_img|4039_img|888_img|1764_img
4958,KITCHEN,Amazon Brand - Solimo,Plastic,Amazon Brand - Solimo 2000-Watt Room Heater (White),B07H8289CB.jpg,a photo of a Amazon Brand - Solimo 2000-Watt Room Heater (White),1,0,4958_img|5071_img|3102_img|926_img|5266_img|3949_img|1430_img|202_img|704_img|1397_img|4488_img|2681_img|739_img|1937_img|3399_img|321_img|3883_img|2578_img|5252_img|2333_img
4961,HOME_BED_AND_BATH,Pinzon by Amazon,100% cotton,"Pinzon Ultrasoft 180TC Duvet Cover, Light Brown",B00MGSBBNO.jpg,"a photo of a Pinzon Ultrasoft 180TC Duvet Cover, Light Brown",0,-1,5195_img|189_img|5454_img|2143_img|3094_img|5455_img|5442_img|3216_img|2812_img|4965_img|3028_img|4151_img|2704_img|5283_img|1663_img|4039_img|4782_img|1698_img|4696_img|3968_img
4965,HOME_BED_AND_BATH,Pinzon by Amazon,pamuk,"Pinzon Ultrasoft 300 yatak takm perkal pamuktan, mavi - Sky Blue, pamuk, Beyaz, 200 x 200 cm & 1 Kissenbezug (80 x 80 cm)",B00EQ5FC1C.jpg,"a photo of a Pinzon Ultrasoft 300 yatak takm perkal pamuktan, mavi - Sky Blue, pamuk, Beyaz, 200 x 200 cm & 1 Kissenbezug (80 x 80 cm)",1,3,3041_img|696_img|3855_img|4965_img|924_img|5411_img|2112_img|1034_img|4339_img|5045_img|319_img|1663_img|1375_img|930_img|1451_img|3660_img|3930_img|1764_img|4961_img|2540_img
4967,FINEEARRING,Amazon Essentials,METALLO,"Amazon Essentials - Orecchini a perno in argento Sterling con pietra portafortuna a taglio rotondo ,Infradito colorati estivi, con finte perline",B01HD7XC0W.jpg,"a photo of a Amazon Essentials - Orecchini a perno in argento Sterling con pietra portafortuna a taglio rotondo ,Infradito colorati estivi, con finte perline",1,14,2354_img|5378_img|590_img|4924_img|3059_img|2992_img|502_img|588_img|2377_img|2439_img|5519_img|2041_img|199_img|1378_img|4967_img|2454_img|4792_img|2043_img|5354_img|3839_img
4968,CHAIR,AmazonBasics,Microfiber,"AmazonBasics Classic Office Desk Computer Chair - Adjustable, Swiveling, Microfiber - Light Gray (Renewed)",B07VQCKDM4.jpg,"a photo of a AmazonBasics Classic Office Desk Computer Chair - Adjustable, Swiveling, Microfiber - Light Gray (Renewed)",1,0,4968_img|658_img|1461_img|4116_img|153_img|4294_img|210_img|1707_img|3426_img|5258_img|3960_img|1256_img|33_img|4657_img|4298_img|1613_img|1204_img|2515_img|4453_img|477_img
4979,FINENECKLACEBRACELETANKLET,Amazon Collection,Fine-other-material,"Amazon CollectionEllie Byrd 10k Yellow Gold Two Tone""One and Only You"" Initial""I"" Dainty Necklace, 18""",B01LZJQMEB.jpg,"a photo of a Amazon CollectionEllie Byrd 10k Yellow Gold Two Tone""One and Only You"" Initial""I"" Dainty Necklace, 18""",1,1,2466_img|4979_img|1589_img|1564_img|2550_img|4658_img|1905_img|1603_img|4193_img|3307_img|1628_img|4382_img|839_img|635_img|2555_img|765_img|1106_img|4842_img|2439_img|4050_img
4980,CHAIR,Stone & Beam,Leather,"Amazon Brand - Stone & Beam Traditional Nailhead Button Tufted Leather Recliner Chair, 33.4""W, Brown Leather",B07B84H7G8.jpg,"a photo of a Amazon Brand - Stone & Beam Traditional Nailhead Button Tufted Leather Recliner Chair, 33.4""W, Brown Leather",1,0,4980_img|256_img|190_img|1121_img|3910_img|1964_img|1677_img|5356_img|3354_img|1301_img|1732_img|748_img|5052_img|3437_img|2737_img|3194_img|2103_img|2272_img|950_img|5133_img
4983,WALL_ART,Stone & Beam,Paper,"Amazon Brand - Stone & Beam Modern Abstract Turquoise and Tan Print Wall Art in Silver Colored Frame, 22"" x 26""",B073P1JNCB.jpg,"a photo of a Amazon Brand - Stone & Beam Modern Abstract Turquoise and Tan Print Wall Art in Silver Colored Frame, 22"" x 26""",1,0,4983_img|188_img|1263_img|533_img|3696_img|592_img|197_img|2609_img|4403_img|678_img|4344_img|1903_img|246_img|962_img|4302_img|578_img|3946_img|2035_img|508_img|4730_img
4988,CELLULAR_PHONE_CASE,Amazon Brand - Solimo,Plastic,Amazon Brand - Solimo Designer Pattern Designs 3D Printed Hard Back Case Mobile Cover for Samsung Galaxy M31,B08511HSSC.jpg,a photo of a Amazon Brand - Solimo Designer Pattern Designs 3D Printed Hard Back Case Mobile Cover for Samsung Galaxy M31,1,14,274_img|5561_img|1844_img|2659_img|4584_img|4013_img|4141_img|2010_img|1590_img|2564_img|5446_img|3964_img|4634_img|1370_img|4988_img|4441_img|1116_img|5230_img|215_img|2671_img
4993,HOME,UMI,100% Seide,"UMI Seide Kissenbezug 65x65cm aus 100% Maulbeerseide 25 Momme Kissenhulle fur Haar und Haut Marineblau, Reiverschluss, Doppelseitiger Seide",B08F9G1QFT.jpg,"a photo of a UMI Seide Kissenbezug 65x65cm aus 100% Maulbeerseide 25 Momme Kissenhulle fur Haar und Haut Marineblau, Reiverschluss, Doppelseitiger Seide",1,0,4993_img|3266_img|4199_img|4572_img|2143_img|1386_img|3037_img|924_img|1568_img|4983_img|1652_img|1539_img|4420_img|3041_img|2535_img|5411_img|332_img|225_img|3855_img|2284_img
4999,WALL_ART,Rivet,canvas,"Amazon Brand - Rivet Seattle Sun Flare in Black and White Canvas Print of Seattle, 30"" x 10""",B073P19TFJ.jpg,"a photo of a Amazon Brand - Rivet Seattle Sun Flare in Black and White Canvas Print of Seattle, 30"" x 10""",1,0,4999_img|1380_img|1438_img|4000_img|1359_img|1352_img|5347_img|4541_img|939_img|5027_img|2562_img|5118_img|4465_img|3240_img|1682_img|1562_img|711_img|2471_img|2081_img|4225_img
5007,FINERING,Amazon Collection,Non applicable.,"Bague en argent sterling plaque platine ou or avec 5 pierres de zircone Swarovski,Argent plaque or rose,Size 6",B073584791.jpg,"a photo of a Bague en argent sterling plaque platine ou or avec 5 pierres de zircone Swarovski,Argent plaque or rose,Size 6",1,4,1495_img|2554_img|396_img|728_img|5007_img|2136_img|20_img|708_img|5443_img|576_img|275_img|293_img|4857_img|253_img|3598_img|543_img|1003_img|853_img|2433_img|5430_img
5011,KITCHEN,Amazon Brand - Solimo,Silicone,"(Renewed) Amazon Brand - Solimo Silicone Baking Glove Set, 2-Pieces, Orange",B07Z5BV41Y.jpg,"a photo of a (Renewed) Amazon Brand - Solimo Silicone Baking Glove Set, 2-Pieces, Orange",1,0,5011_img|1219_img|1838_img|834_img|163_img|2167_img|2412_img|2694_img|1507_img|2615_img|4223_img|2126_img|385_img|3979_img|2565_img|898_img|3839_img|1641_img|1050_img|1527_img
5013,TABLE,Rivet,Oak,"Amazon Brand - Rivet Mid-Century Modern Oak Dining Table, 63""L, Walnut Finish",B075YMXWZC.jpg,"a photo of a Amazon Brand - Rivet Mid-Century Modern Oak Dining Table, 63""L, Walnut Finish",1,0,5013_img|5053_img|1577_img|5170_img|1585_img|4447_img|1479_img|3194_img|192_img|1003_img|1720_img|2117_img|603_img|4907_img|4588_img|3223_img|5192_img|147_img|179_img|3788_img
5014,HOME,Amazon Brand - Solimo,Fabric,"Amazon Brand - Solimo Fabric Storage Box with Lid, Medium, Set of 3, Multicolor",B081FHCMXX.jpg,"a photo of a Amazon Brand - Solimo Fabric Storage Box with Lid, Medium, Set of 3, Multicolor",1,0,5014_img|3723_img|5532_img|2462_img|3856_img|2605_img|2167_img|5560_img|1644_img|3979_img|841_img|4040_img|5253_img|1030_img|385_img|1694_img|1064_img|1437_img|27_img|139_img
5015,RUG,Rivet,Cotton,"Amazon Brand - Rivet Handtufted Diamond-Patterned Cotton and Wool Rug Runner, 2'6"" x 8', Cream with Orange and Blue",B07QFB1JJB.jpg,"a photo of a Amazon Brand - Rivet Handtufted Diamond-Patterned Cotton and Wool Rug Runner, 2'6"" x 8', Cream with Orange and Blue",1,0,5015_img|872_img|855_img|1838_img|3965_img|2412_img|1050_img|2451_img|539_img|827_img|1804_img|3199_img|1577_img|3224_img|5370_img|5387_img|321_img|5013_img|873_img|2211_img
5025,CELLULAR_PHONE_CASE,Amazon Brand - Solimo,Silicone,Amazon Brand - Solimo Designer Head Phone UV Printed Soft Back Case Mobile Cover for Mi Redmi 8A,B0854FR3ZD.jpg,a photo of a Amazon Brand - Solimo Designer Head Phone UV Printed Soft Back Case Mobile Cover for Mi Redmi 8A,1,1,1913_img|5025_img|3607_img|910_img|1116_img|1101_img|546_img|4537_img|1010_img|5461_img|1504_img|609_img|390_img|4668_img|2377_img|3165_img|2410_img|1620_img|2659_img|4263_img
5027,WALL_ART,Rivet,canvas,Amazon Brand - Rivet Mid Century Modern Abstract Mountain Landscape Wall Art Decor on Canvas - 30 x 60 Inches,B075HXJ6P4.jpg,a photo of a Amazon Brand - Rivet Mid Century Modern Abstract Mountain Landscape Wall Art Decor on Canvas - 30 x 60 Inches,1,1,939_img|5027_img|2693_img|2930_img|2683_img|4673_img|508_img|4730_img|2453_img|609_img|4999_img|252_img|4263_img|3946_img|1506_img|204_img|1438_img|1696_img|1263_img|188_img
5036,FINEEARRING,Amazon Collection,Not applicable,"AGS Certified 14k Yellow Gold Round-Cut Diamond Stud Earrings (2cttw, K-L Color, I1-I2 Clarity)",B075XTHRH1.jpg,"a photo of a AGS Certified 14k Yellow Gold Round-Cut Diamond Stud Earrings (2cttw, K-L Color, I1-I2 Clarity)",1,3,384_img|1129_img|4944_img|5036_img|711_img|1432_img|536_img|1349_img|2681_img|3307_img|2573_img|3477_img|3476_img|4315_img|2555_img|4085_img|839_img|5452_img|962_img|4302_img
5041,FINEEARRING,Amazon Collection,synthetic-resin,Sterling Silver Purple Pressed Flower Circle Drop Earrings,B00M0O47XK.jpg,a photo of a Sterling Silver Purple Pressed Flower Circle Drop Earrings,1,1,1378_img|5041_img|3059_img|4792_img|4244_img|2403_img|264_img|5519_img|4924_img|2414_img|590_img|2041_img|2454_img|5378_img|2377_img|985_img|588_img|1946_img|5446_img|895_img
5045,HOME,Pinzon by Amazon.com,Cotton,Pinzon 300 Thread Count Sateen Sheet Set,B07CDQWPWF.jpg,a photo of a Pinzon 300 Thread Count Sateen Sheet Set,1,12,4762_img|5454_img|328_img|5195_img|4151_img|3094_img|189_img|1444_img|1099_img|1682_img|5417_img|2812_img|5045_img|2700_img|540_img|5148_img|5427_img|4965_img|536_img|3839_img
5046,FINENECKLACEBRACELETANKLET,Amazon Collection,metal,"Sterling Silver Stationed Mini State Iowa Pendant Necklace, 16""+2"" Extender",B00N1PDJ5E.jpg,"a photo of a Sterling Silver Stationed Mini State Iowa Pendant Necklace, 16""+2"" Extender",1,1,5303_img|5046_img|35_img|2555_img|839_img|3307_img|1628_img|3477_img|3919_img|2572_img|1944_img|5498_img|2711_img|1685_img|1459_img|5206_img|5450_img|2454_img|5078_img|5434_img
5049,HOME_FURNITURE_AND_DECOR,Movian,Faux Leather,"Amazon Brand - Movian Galga - Poggiapiedi, 53 x 53 x 42 cm (Lu x La x A), pelle nera/crosta",B07VRWM773.jpg,"a photo of a Amazon Brand - Movian Galga - Poggiapiedi, 53 x 53 x 42 cm (Lu x La x A), pelle nera/crosta",1,1,5313_img|5049_img|2526_img|4837_img|532_img|1074_img|4100_img|27_img|3083_img|1720_img|1573_img|2281_img|5399_img|1936_img|1406_img|4275_img|230_img|1030_img|5321_img|3856_img
5052,CHAIR,Ravenna Home,"Hardwood frame, microfiber upholstery","Amazon Brand - Ravenna Home Pull Recliner with 360 Rotating Swivel Glider, Living Room Chair, 39""W, Dark Grey",B07P5LNMMJ.jpg,"a photo of a Amazon Brand - Ravenna Home Pull Recliner with 360 Rotating Swivel Glider, Living Room Chair, 39""W, Dark Grey",1,1,3977_img|5052_img|2103_img|1511_img|5315_img|686_img|2733_img|256_img|495_img|4768_img|4916_img|2575_img|5356_img|4837_img|1634_img|4657_img|4067_img|4840_img|4294_img|5495_img
5053,TABLE,Rivet,Walnut,"Amazon Brand - Rivet Federal Mid-Century Modern Medium Wood Dining Table, 60-82""L, Brown",B07B86VTX4.jpg,"a photo of a Amazon Brand - Rivet Federal Mid-Century Modern Medium Wood Dining Table, 60-82""L, Brown",1,1,5013_img|5053_img|5170_img|1577_img|1479_img|192_img|1585_img|1003_img|1720_img|2117_img|4447_img|3194_img|4545_img|5192_img|3788_img|4172_img|3223_img|5350_img|4588_img|993_img
5059,FINERING,Amazon Collection,metal,"Platinum-Plated Sterling Silver Round 3-Stone Ring made with Swarovski Zirconia (2 cttw), Size 9",B012SZYXQQ.jpg,"a photo of a Platinum-Plated Sterling Silver Round 3-Stone Ring made with Swarovski Zirconia (2 cttw), Size 9",1,8,2633_img|1756_img|4536_img|4364_img|2433_img|2934_img|2678_img|853_img|5059_img|2554_img|396_img|1098_img|4243_img|435_img|4829_img|2142_img|3843_img|4463_img|1532_img|4878_img
5064,CHAIR,Movian,Oak,Movian Wendy Dining Chair,B08G1YWN8L.jpg,a photo of a Movian Wendy Dining Chair,1,0,5064_img|886_img|4586_img|191_img|2126_img|190_img|4172_img|477_img|1613_img|2713_img|2874_img|140_img|4793_img|2575_img|648_img|1325_img|834_img|593_img|633_img|1690_img
5065,SHOES,Amazon Brand - Symbol,Synthetic,Amazon Brand - Symbol Men's Navy Sandals-9 (AZ-KY-339B),B079PTBMS1.jpg,a photo of a Amazon Brand - Symbol Men's Navy Sandals-9 (AZ-KY-339B),1,0,5065_img|1042_img|595_img|5349_img|2260_img|3053_img|5584_img|4185_img|5281_img|5314_img|5143_img|4840_img|4702_img|5220_img|2021_img|2127_img|4072_img|1148_img|4308_img|4178_img
5070,RUG,Rivet,"47% Polypropelene, 29% Polyester, 17% Jute, 7% Cotton","Amazon Brand - Rivet Distressed Medallion Area Rug, 8 x 11 Foot, Steel",B0732DDNKH.jpg,"a photo of a Amazon Brand - Rivet Distressed Medallion Area Rug, 8 x 11 Foot, Steel",1,0,5070_img|2528_img|1322_img|1122_img|2959_img|2598_img|239_img|3885_img|1702_img|5194_img|1691_img|2031_img|1734_img|5170_img|2576_img|870_img|5400_img|1479_img|3178_img|4217_img
5071,KITCHEN,AmazonBasics,Plastic+Metal,AmazonBasics Electric Rice Cooker 1 L (500 W) Grey,B082FLN1JJ.jpg,a photo of a AmazonBasics Electric Rice Cooker 1 L (500 W) Grey,1,0,5071_img|3949_img|325_img|1882_img|175_img|739_img|2872_img|1047_img|5480_img|1936_img|2484_img|1430_img|5437_img|4265_img|5545_img|926_img|4390_img|27_img|381_img|1406_img
5072,SOFA,Movian,Polyester,"Marque Amazon - Movian Buran - Fauteuil, 77 x 92 x 86 cm, Gris",B075NRBB8V.jpg,"a photo of a Marque Amazon - Movian Buran - Fauteuil, 77 x 92 x 86 cm, Gris",1,0,5072_img|5064_img|4768_img|4837_img|5241_img|2404_img|2797_img|593_img|1204_img|686_img|5258_img|2540_img|1511_img|4510_img|648_img|2103_img|5313_img|5399_img|477_img|153_img
5076,HOME_FURNITURE_AND_DECOR,Amazon Brand - Solimo,PVC Vinyl,"Amazon Brand - Solimo Wall Sticker for Living Room (Flower Delivery, Ideal Size on Wall, 148 cm x 96.5 cm)",B073RLTHN3.jpg,"a photo of a Amazon Brand - Solimo Wall Sticker for Living Room (Flower Delivery, Ideal Size on Wall, 148 cm x 96.5 cm)",1,1,3930_img|5076_img|1489_img|1350_img|5425_img|2595_img|2769_img|2600_img|4069_img|696_img|1640_img|1378_img|1774_img|3893_img|2423_img|1765_img|4827_img|5330_img|1609_img|1375_img
5077,FINEEARRING,Amazon Collection,sterling-silver,Amazon CollectionSterling Silver Cushion Checkerboard Cut Smoky Quartz Studs (8mm),B00UYGOHHC.jpg,a photo of a Amazon CollectionSterling Silver Cushion Checkerboard Cut Smoky Quartz Studs (8mm),1,0,5077_img|2758_img|5313_img|3856_img|2414_img|3839_img|2526_img|378_img|1224_img|5172_img|3942_img|5049_img|5321_img|3685_img|4311_img|1143_img|2354_img|275_img|2859_img|1464_img
5078,FINENECKLACEBRACELETANKLET,Amazon Collection,Glas,"Silverplaterad kristallbla enhorning hange halsband, 18 tum, colore: Pastel Rainbow Unicorn, cod. 24679601",B072WW8FPZ.jpg,"a photo of a Silverplaterad kristallbla enhorning hange halsband, 18 tum, colore: Pastel Rainbow Unicorn, cod. 24679601",1,0,5078_img|588_img|1459_img|3059_img|2377_img|2454_img|264_img|873_img|2211_img|5499_img|985_img|5172_img|215_img|4924_img|2992_img|2835_img|197_img|502_img|4967_img|4271_img
5082,KITCHEN,Pinzon by Amazon,Alloy,Pinzon Matte Chrome-Plated Corkscrew and Foil Cutter Set,B001DXZHVA.jpg,a photo of a Pinzon Matte Chrome-Plated Corkscrew and Foil Cutter Set,1,10,1641_img|4212_img|2681_img|3477_img|659_img|2834_img|2694_img|4134_img|2028_img|3487_img|5082_img|5452_img|5266_img|1620_img|1219_img|898_img|2451_img|1325_img|4924_img|3075_img
5086,CELLULAR_PHONE_CASE,Amazon Brand - Solimo,Silicone,Amazon Brand - Solimo Designer Couples Standing in Rain UV Printed Soft Back Case Mobile Cover for Huawei Honor 5c,B0857L11DB.jpg,a photo of a Amazon Brand - Solimo Designer Couples Standing in Rain UV Printed Soft Back Case Mobile Cover for Huawei Honor 5c,1,0,5086_img|368_img|910_img|2950_img|4668_img|5440_img|2659_img|4191_img|660_img|292_img|3731_img|3685_img|60_img|1122_img|385_img|2463_img|710_img|1010_img|4046_img|3476_img
5091,CELLULAR_PHONE_CASE,Amazon Brand - Solimo,Plastic,Amazon Brand - Solimo Designer Punisher Skull 3D Printed Hard Back Case Mobile Cover for Asus Zenfone Max Pro M1 ZB601KL,B0853WTC4Y.jpg,a photo of a Amazon Brand - Solimo Designer Punisher Skull 3D Printed Hard Back Case Mobile Cover for Asus Zenfone Max Pro M1 ZB601KL,1,1,5221_img|5091_img|1688_img|5561_img|2029_img|4634_img|4419_img|274_img|1116_img|5461_img|3964_img|2557_img|2600_img|2010_img|4537_img|390_img|1370_img|1844_img|1640_img|871_img
5092,HOME_FURNITURE_AND_DECOR,Amazon Brand - Solimo,Plastic,"Amazon Brand - Solimo 2-Door Foldable Wardrobe, 6 Racks, Black",B07QWLD2ML.jpg,"a photo of a Amazon Brand - Solimo 2-Door Foldable Wardrobe, 6 Racks, Black",1,0,5092_img|5094_img|1639_img|555_img|1949_img|5126_img|3877_img|4667_img|1342_img|4588_img|1015_img|3287_img|1382_img|799_img|5200_img|1110_img|2842_img|2321_img|1800_img|4081_img
5094,TABLE,Movian,Holzwerkstoff,Movian Martin Bookshelf,B07QVRTT6J.jpg,a photo of a Movian Martin Bookshelf,1,1,5092_img|5094_img|1382_img|2842_img|555_img|3893_img|3877_img|3287_img|5205_img|1489_img|3630_img|1110_img|1350_img|1578_img|630_img|1821_img|1949_img|5126_img|2423_img|2126_img
5096,RUG,Rivet,polyester,"Amazon Brand - Rivet Contemporary Runner Rug, 2' 10"" x 7' 10"", Taupe and Grey",B07HSHKHHB.jpg,"a photo of a Amazon Brand - Rivet Contemporary Runner Rug, 2' 10"" x 7' 10"", Taupe and Grey",1,0,5096_img|2528_img|1691_img|5510_img|5070_img|1122_img|317_img|5194_img|4311_img|5464_img|4217_img|2690_img|540_img|5148_img|5427_img|1003_img|4275_img|1322_img|1761_img|3223_img
5118,WALL_ART,Stone & Beam,Wood,"Amazon Brand - Stone & Beam Modern 9-Piece Mural of Golden Gate Bridge Wall Art on Wood, 60"" x 60""",B073P5MPW3.jpg,"a photo of a Amazon Brand - Stone & Beam Modern 9-Piece Mural of Golden Gate Bridge Wall Art on Wood, 60"" x 60""",1,0,5118_img|5347_img|1352_img|1110_img|4144_img|1949_img|5126_img|743_img|4344_img|197_img|163_img|939_img|5027_img|2026_img|744_img|3287_img|3240_img|2842_img|1382_img|2126_img
5125,SHOES,Klepe,Mesh,Klepe Men's Navy Flyknit with Memory Foam Running Shoes-8 UK (40 EU) (7 US) (KP0361/NVY),B07X1R6L1N.jpg,a photo of a Klepe Men's Navy Flyknit with Memory Foam Running Shoes-8 UK (40 EU) (7 US) (KP0361/NVY),1,2,5314_img|2260_img|5125_img|299_img|3217_img|1148_img|4072_img|2295_img|5143_img|2127_img|98_img|440_img|4389_img|3990_img|1580_img|1693_img|1180_img|4861_img|3394_img|335_img
5126,WALL_ART,Rivet,Cotton,"Amazon Brand - Rivet Wooden Door to an Old City Photo Print with Oak Hanger, 18"" x 24""",B073P5Y9SH.jpg,"a photo of a Amazon Brand - Rivet Wooden Door to an Old City Photo Print with Oak Hanger, 18"" x 24""",1,1,1949_img|5126_img|4344_img|4409_img|197_img|4541_img|3877_img|162_img|4588_img|659_img|3175_img|2501_img|2696_img|592_img|3187_img|5306_img|3165_img|3223_img|555_img|678_img
5130,CELLULAR_PHONE_CASE,Amazon Brand - Solimo,Plastic,Amazon Brand - Solimo Designer Heart Pattern Alphabet-C 3D Printed Hard Back Case Mobile Cover for Apple iPhone 6s,B081HMQ6QL.jpg,a photo of a Amazon Brand - Solimo Designer Heart Pattern Alphabet-C 3D Printed Hard Back Case Mobile Cover for Apple iPhone 6s,1,0,5130_img|2564_img|1106_img|2659_img|1092_img|1370_img|5446_img|3964_img|1957_img|1699_img|5229_img|4893_img|4141_img|1117_img|4335_img|5561_img|5388_img|215_img|576_img|1590_img
5131,FINERING,Amazon Collection,Not applicable,"Amazon CollectionPlatinum Plated Sterling Silver Swarovski Zirconia Emerald Cut Solitaire Ring, Yellow gold,Size 6",B01MZDW8UF.jpg,"a photo of a Amazon CollectionPlatinum Plated Sterling Silver Swarovski Zirconia Emerald Cut Solitaire Ring, Yellow gold,Size 6",1,5,4486_img|3942_img|5394_img|3626_img|4001_img|5131_img|4555_img|3914_img|2615_img|4223_img|1292_img|231_img|272_img|1781_img|1253_img|1746_img|791_img|4793_img|4670_img|404_img
5132,FINERING,Amazon Collection,Metal,"Amazon CollectionSterling Silver Diamond 3 Row Band Ring (1/2 cttw), Size 8",B00G9T0U7Y.jpg,"a photo of a Amazon CollectionSterling Silver Diamond 3 Row Band Ring (1/2 cttw), Size 8",1,0,5132_img|1868_img|3127_img|4710_img|1551_img|1557_img|1957_img|3915_img|2957_img|5418_img|5540_img|2527_img|1667_img|2578_img|2142_img|243_img|1621_img|680_img|1073_img|2009_img
5133,CHAIR,Ravenna Home,Polyester,"Amazon Brand - Ravenna Home Classic Tufted Chaise Lounge, 58.3"" Length, Slate Grey",B07M7MMPWY.jpg,"a photo of a Amazon Brand - Ravenna Home Classic Tufted Chaise Lounge, 58.3"" Length, Slate Grey",1,2,1563_img|1964_img|5133_img|4980_img|5356_img|2737_img|4956_img|2272_img|225_img|618_img|2333_img|3738_img|888_img|5419_img|4048_img|950_img|169_img|2103_img|2874_img|688_img
5143,SHOES,Amazon Brand - Symactive,Textile,Amazon Brand - Symactive Men's Navy Walking Shoes-10 UK (44 EU) (11 US) (SYM-SS-035B),B07S4KRCTR.jpg,a photo of a Amazon Brand - Symactive Men's Navy Walking Shoes-10 UK (44 EU) (11 US) (SYM-SS-035B),1,4,4072_img|2260_img|5125_img|2127_img|5143_img|1148_img|98_img|5314_img|724_img|335_img|5220_img|4389_img|1693_img|299_img|3217_img|2031_img|4702_img|5475_img|4861_img|1631_img
5147,KITCHEN,Amazon Brand - Solimo,Plastic,Amazon Brand - Solimo 16 Piece Porcelain Dinnerware Set (Blue Floral),B07P82MMQ6.jpg,a photo of a Amazon Brand - Solimo 16 Piece Porcelain Dinnerware Set (Blue Floral),1,0,5147_img|4436_img|312_img|4780_img|5285_img|247_img|4040_img|5235_img|5560_img|2183_img|54_img|930_img|5045_img|985_img|4549_img|1903_img|4369_img|2484_img|1047_img|4222_img
5148,HOME_BED_AND_BATH,Pinzon by Amazon,Poliester,"Pinzon by Amazon - Sabana bajera ajustable (microfibra, 200 x 200 x 20 cm), color beige",B00M92KF7U.jpg,"a photo of a Pinzon by Amazon - Sabana bajera ajustable (microfibra, 200 x 200 x 20 cm), color beige",1,1,540_img|5148_img|5427_img|4151_img|5417_img|2143_img|158_img|1125_img|1612_img|3906_img|1698_img|1761_img|681_img|5219_img|3883_img|1792_img|5463_img|962_img|4302_img|5256_img
5152,TABLE,Amazon Brand - Solimo,Engineered Wood,Amazon Brand - Solimo Slim Engineered Wood Corner Table (Acacia Dark Finish),B07RWD36Q6.jpg,a photo of a Amazon Brand - Solimo Slim Engineered Wood Corner Table (Acacia Dark Finish),1,0,5152_img|251_img|4081_img|3874_img|2281_img|179_img|940_img|3818_img|5362_img|2959_img|1720_img|993_img|1074_img|3083_img|1856_img|4180_img|4217_img|2398_img|3885_img|3288_img
5161,HOME_BED_AND_BATH,Amazon Brand - Solimo,Cotton,"Amazon Brand - Solimo Water Resistant Cotton Mattress Protector 75""x72"" - King Size, Maroon",B07PWFKBXJ.jpg,"a photo of a Amazon Brand - Solimo Water Resistant Cotton Mattress Protector 75""x72"" - King Size, Maroon",1,0,5161_img|227_img|739_img|2812_img|731_img|1928_img|1074_img|202_img|4339_img|2443_img|940_img|502_img|2798_img|1619_img|5362_img|898_img|748_img|4907_img|709_img|712_img
5164,RUG,Rivet,wool,"Amazon Brand - Rivet Wool Runner Rug, 2' 6"" x 8', Grey, White",B07HSL8XCH.jpg,"a photo of a Amazon Brand - Rivet Wool Runner Rug, 2' 6"" x 8', Grey, White",1,8,2451_img|539_img|5194_img|2081_img|827_img|5370_img|5387_img|870_img|5164_img|239_img|1322_img|2602_img|3915_img|2475_img|5070_img|2528_img|791_img|5219_img|5053_img|5096_img
5170,TABLE,Rivet,wood,"Amazon Brand - Rivet Mid-Century Round Wood Dining Table, 42""W, Chestnut",B075YV7SKC.jpg,"a photo of a Amazon Brand - Rivet Mid-Century Round Wood Dining Table, 42""W, Chestnut",1,0,5170_img|192_img|5013_img|993_img|2117_img|3788_img|5053_img|3825_img|2774_img|1003_img|1720_img|4545_img|4836_img|1577_img|619_img|475_img|4222_img|36_img|1479_img|4172_img
5172,FINENECKLACEBRACELETANKLET,Amazon Collection,sterling-silver,Amazon CollectionSterling Silver Cushion Checkerboard Cut Garnet Pendant Necklace (8mm),B00UYGOG00.jpg,a photo of a Amazon CollectionSterling Silver Cushion Checkerboard Cut Garnet Pendant Necklace (8mm),1,0,5172_img|5354_img|566_img|502_img|5308_img|1117_img|638_img|873_img|2211_img|5229_img|4470_img|3012_img|4420_img|5303_img|1928_img|1050_img|4572_img|3626_img|199_img|2454_img
5174,FINENECKLACEBRACELETANKLET,Amazon Collection,Metal,"Men's Sterling Silver Italian 4.60mm Solid Figaro Link-Chain Necklace, 24""",B005DJCANI.jpg,"a photo of a Men's Sterling Silver Italian 4.60mm Solid Figaro Link-Chain Necklace, 24""",1,1,700_img|5174_img|1551_img|4050_img|1944_img|2321_img|5378_img|765_img|1073_img|4101_img|1564_img|50_img|987_img|4924_img|3915_img|635_img|2466_img|5094_img|839_img|2451_img
5175,SOFA,Rivet,Polyester,"Amazon Brand - Rivet Edgewest Low Back Modern Left U-Sectional, 117""W, Charcoal Grey",B07B4G47XW.jpg,"a photo of a Amazon Brand - Rivet Edgewest Low Back Modern Left U-Sectional, 117""W, Charcoal Grey",1,0,5175_img|987_img|1499_img|2321_img|3815_img|50_img|201_img|1019_img|2859_img|729_img|4482_img|1143_img|4526_img|5170_img|4955_img|163_img|4866_img|169_img|294_img|5133_img
5180,HOME_FURNITURE_AND_DECOR,Amazon Brand - Solimo,Plastic,"Amazon Brand - Solimo 12-inch Wall Clock - Desginer (Silent Movement, Black Frame), SC-1027",B08GL16RDS.jpg,"a photo of a Amazon Brand - Solimo 12-inch Wall Clock - Desginer (Silent Movement, Black Frame), SC-1027",1,2,1783_img|4300_img|5180_img|4393_img|752_img|79_img|5441_img|4651_img|1917_img|4480_img|621_img|2224_img|200_img|4225_img|1915_img|2448_img|926_img|253_img|2872_img|4286_img
5185,CHAIR,Alkove,Chene sauvage,"Marque Amazon - Alkove - Hayes - Set de 2 fauteuils classiques en bois avec siege tapisse, Chene sauvage",B07K84GT56.jpg,"a photo of a Marque Amazon - Alkove - Hayes - Set de 2 fauteuils classiques en bois avec siege tapisse, Chene sauvage",1,0,5185_img|1064_img|2591_img|4523_img|648_img|1224_img|4297_img|2565_img|2890_img|150_img|180_img|2694_img|2515_img|834_img|4586_img|2713_img|1653_img|2126_img|886_img|3856_img
5192,TABLE,Movian,Madera,"Marca Amazon - Movian Mesa auxiliar / Extremo del sofa / Mobile mesita de noche de madera MDF y metal - C-Shape Side Table SDT-L - Marron y negro, 45 x 25,4 x 63,7 cm",B07TT2G9YT.jpg,"a photo of a Marca Amazon - Movian Mesa auxiliar / Extremo del sofa / Mobile mesita de noche de madera MDF y metal - C-Shape Side Table SDT-L - Marron y negro, 45 x 25,4 x 63,7 cm",0,-1,993_img|192_img|475_img|1720_img|5152_img|3788_img|2281_img|4836_img|251_img|1605_img|3083_img|2531_img|2117_img|1856_img|3194_img|1224_img|5170_img|532_img|1003_img|5049_img
5194,RUG,Rivet,wool,"Amazon Brand - Rivet Motion Modern Patterned Wool Runner Rug, 2' 3"" x 7' 6"", Heathered Grey",B075ZCXWDC.jpg,"a photo of a Amazon Brand - Rivet Motion Modern Patterned Wool Runner Rug, 2' 3"" x 7' 6"", Heathered Grey",1,0,5194_img|2451_img|317_img|539_img|5070_img|5464_img|4522_img|4311_img|1479_img|1143_img|3251_img|1204_img|3990_img|2528_img|5170_img|169_img|5053_img|2159_img|890_img|3885_img
5195,HOME,Pinzon by Amazon.com,Flannel,"Pinzon 160-Gram Solid Flannel King Duvet Cover, Camel",B0013TXDE2.jpg,"a photo of a Pinzon 160-Gram Solid Flannel King Duvet Cover, Camel",1,0,5195_img|189_img|2812_img|5455_img|4151_img|5454_img|3094_img|2143_img|4696_img|3968_img|4762_img|328_img|5442_img|3839_img|217_img|5326_img|1663_img|4782_img|4765_img|924_img
5196,FINEEARRING,Amazon Collection,Metal,Sterling Silver Filigree Oval Hoop Earrings,B00S5VKNGM.jpg,a photo of a Sterling Silver Filigree Oval Hoop Earrings,1,0,5196_img|2041_img|5378_img|1457_img|2325_img|4924_img|5519_img|3994_img|2583_img|1848_img|5341_img|1621_img|4404_img|1543_img|1946_img|2010_img|2484_img|4346_img|2377_img|1551_img
5200,HOME,UMI,Stoff,UMI by Amazon Vorhange Verdunkelung Osengardinen mit Schaumbeschichtung 245x140 cm Dunkelgrau 2er set,B07L1PVK1C.jpg,a photo of a UMI by Amazon Vorhange Verdunkelung Osengardinen mit Schaumbeschichtung 245x140 cm Dunkelgrau 2er set,1,4,744_img|2478_img|320_img|799_img|5200_img|2662_img|5352_img|1887_img|3216_img|1992_img|2700_img|4667_img|3187_img|2835_img|3028_img|4961_img|139_img|4482_img|696_img|4039_img
5205,HOME_FURNITURE_AND_DECOR,Movian,Wood,Movian GW-Adana Chest of Drawers 3581,B085217ZCH.jpg,a photo of a Movian GW-Adana Chest of Drawers 3581,1,4,3175_img|1030_img|2796_img|1277_img|5205_img|4173_img|1937_img|1578_img|5545_img|555_img|5424_img|1074_img|1936_img|1573_img|1437_img|4275_img|3937_img|1430_img|2571_img|2001_img
5206,FINERING,Amazon Collection,Strasssteine;,"Damen-Ring Sterling-Silber 925 platiniert oder vergoldet Swarovski-Kristall Prinzessschliff,Platiniertes Silber,Size 8",B01N23N619.jpg,"a photo of a Damen-Ring Sterling-Silber 925 platiniert oder vergoldet Swarovski-Kristall Prinzessschliff,Platiniertes Silber,Size 8",1,3,4945_img|3095_img|787_img|5206_img|5450_img|3919_img|3127_img|5573_img|631_img|248_img|2711_img|5498_img|1253_img|1746_img|853_img|1490_img|4024_img|5394_img|4243_img|5007_img
5219,HOME_BED_AND_BATH,Pinzon by Amazon,Poliester,"Pinzon by Amazon Spannbetttuch, Mikrofaser, Elfenbein, 135 x 190 x 38 cm",B00M92MXOS.jpg,"a photo of a Pinzon by Amazon Spannbetttuch, Mikrofaser, Elfenbein, 135 x 190 x 38 cm",1,0,5219_img|2756_img|3341_img|319_img|3883_img|5417_img|2672_img|158_img|1125_img|1612_img|755_img|2094_img|4341_img|5355_img|2112_img|5427_img|540_img|5148_img|1682_img|1099_img
5220,SHOES,Amazon Brand - Symbol,PU,Amazon Brand - Symbol Men's Navy Synthetic Sneakers-8 UK/India (42 EU) (AZ-YS-192 A),B079145Y2R.jpg,a photo of a Amazon Brand - Symbol Men's Navy Synthetic Sneakers-8 UK/India (42 EU) (AZ-YS-192 A),1,0,5220_img|724_img|335_img|4072_img|5125_img|2260_img|4565_img|655_img|2127_img|5314_img|1148_img|5143_img|4890_img|737_img|681_img|4040_img|2631_img|3771_img|5442_img|4178_img
5221,CELLULAR_PHONE_CASE,Amazon Brand - Solimo,Silicone,Amazon Brand - Solimo Designer Punisher Skull UV Printed Soft Back Case Mobile Cover for HTC Wildfire X,B0854BVRPM.jpg,a photo of a Amazon Brand - Solimo Designer Punisher Skull UV Printed Soft Back Case Mobile Cover for HTC Wildfire X,1,1,1688_img|5221_img|5091_img|5561_img|2029_img|4634_img|4419_img|1116_img|274_img|2557_img|5461_img|3964_img|2600_img|390_img|2010_img|1844_img|1370_img|4537_img|1640_img|871_img
5222,WALL_ART,Rivet,canvas,"Amazon Brand - Rivet Black and White Canvas Wall Art Print of Male Deer, 24"" x 16""",B073P1LPNL.jpg,"a photo of a Amazon Brand - Rivet Black and White Canvas Wall Art Print of Male Deer, 24"" x 16""",1,0,5222_img|184_img|579_img|4812_img|754_img|2453_img|5366_img|4253_img|5064_img|1792_img|2436_img|5339_img|2693_img|5258_img|593_img|698_img|4621_img|58_img|1204_img|4283_img
5226,SOFA,Ravenna Home,polyester upholstery,"Amazon Brand - Ravenna Home Randall Rolled Arm Sofa, 83""W, Cream",B07DBD9W9X.jpg,"a photo of a Amazon Brand - Ravenna Home Randall Rolled Arm Sofa, 83""W, Cream",1,2,4166_img|4432_img|5226_img|2530_img|4185_img|514_img|2333_img|202_img|1375_img|1915_img|1397_img|4178_img|3399_img|3053_img|2475_img|2347_img|1410_img|5570_img|3102_img|5219_img
5229,FINENECKLACEBRACELETANKLET,Amazon Collection,metal,"10k Yellow Gold Heart Garnet and Diamond Pendant Necklace, 18""",B00S64D6BC.jpg,"a photo of a 10k Yellow Gold Heart Garnet and Diamond Pendant Necklace, 18""",1,0,5229_img|1117_img|1106_img|502_img|1699_img|5354_img|5172_img|4268_img|566_img|5308_img|2466_img|2054_img|5353_img|2550_img|2454_img|1589_img|638_img|1628_img|2812_img|5339_img
5230,CELLULAR_PHONE_CASE,Amazon Brand - Solimo,Plastic,Amazon Brand - Solimo Designer Marble Pices 3D Printed Hard Back Case Mobile Cover for Samsung Galaxy M21,B08511RJ38.jpg,a photo of a Amazon Brand - Solimo Designer Marble Pices 3D Printed Hard Back Case Mobile Cover for Samsung Galaxy M21,1,0,5230_img|4634_img|4263_img|274_img|5561_img|4013_img|3165_img|1844_img|2671_img|2535_img|4441_img|4545_img|4584_img|2564_img|1512_img|4988_img|609_img|5070_img|4141_img|2930_img
5231,SHOES,Amazon Brand - Symbol,Synthetic,Amazon Brand - Symbol Men's Black Synthetic Formal Shoes - 9 UK (AZ-KY-84A),B075Z54188.jpg,a photo of a Amazon Brand - Symbol Men's Black Synthetic Formal Shoes - 9 UK (AZ-KY-84A),1,0,5231_img|5410_img|1119_img|3220_img|1548_img|4632_img|2900_img|1483_img|1829_img|3505_img|1915_img|2575_img|2620_img|1605_img|1389_img|4038_img|4657_img|1693_img|2448_img|2808_img
5235,KITCHEN,AmazonBasics,Unknown Material,"AmazonBasics 18-Piece Dinnerware Set, Service for 6 and Rubbermaid No-Slip Silverware Organizer Cutlery Tray, Large, Black, 1.9 x 11.9 x 15.1 Bundle",B01MEEBCHA.jpg,"a photo of a AmazonBasics 18-Piece Dinnerware Set, Service for 6 and Rubbermaid No-Slip Silverware Organizer Cutlery Tray, Large, Black, 1.9 x 11.9 x 15.1 Bundle",1,5,860_img|1019_img|4780_img|247_img|4526_img|5235_img|729_img|4436_img|1546_img|312_img|3220_img|5147_img|1980_img|1694_img|4100_img|1605_img|5285_img|5231_img|1389_img|1119_img
5241,CHAIR,Rivet,"Polyester fabric, sturdy hardwood frame and solid beech wood legs","Amazon Brand - Rivet Revolve Modern Upholstered Armchair with Tapered Legs, 33""W, Grey Weave",B071J7Q6KD.jpg,"a photo of a Amazon Brand - Rivet Revolve Modern Upholstered Armchair with Tapered Legs, 33""W, Grey Weave",1,1,2797_img|5241_img|1204_img|688_img|950_img|5072_img|593_img|5258_img|5383_img|3244_img|2296_img|1732_img|658_img|5366_img|5064_img|5483_img|5070_img|1047_img|4253_img|5538_img
5252,CHAIR,Stone & Beam,Polyester,"Amazon Brand - Stone & Beam Lyon Upholstered Chair-and-a-Half, 55""W, Linen",B0831Y1G6Y.jpg,"a photo of a Amazon Brand - Stone & Beam Lyon Upholstered Chair-and-a-Half, 55""W, Linen",1,1,5555_img|5252_img|4916_img|1677_img|4206_img|3354_img|5538_img|5390_img|514_img|5366_img|1792_img|1698_img|5322_img|3437_img|1511_img|5480_img|4166_img|5356_img|2530_img|495_img
5253,HOME,Amazon Brand - Solimo,Fabric,"Amazon Brand - Solimo Fabric Storage Box, Large, Medical Blue",B081FHGZRV.jpg,"a photo of a Amazon Brand - Solimo Fabric Storage Box, Large, Medical Blue",1,0,5253_img|3723_img|5532_img|3660_img|4339_img|27_img|5014_img|2021_img|5399_img|4100_img|924_img|1694_img|3949_img|5071_img|828_img|3041_img|3083_img|5049_img|2183_img|2810_img
5256,RUG,Rivet,sisal,"Amazon Brand - Rivet Woven Bordered Sisal Area Rug, 8 x 10 Foot, Ivory",B072LY342X.jpg,"a photo of a Amazon Brand - Rivet Woven Bordered Sisal Area Rug, 8 x 10 Foot, Ivory",1,0,5256_img|5357_img|1761_img|3178_img|239_img|2690_img|1322_img|5510_img|4609_img|4217_img|5570_img|5464_img|751_img|5096_img|1397_img|539_img|1691_img|5538_img|38_img|246_img
5258,HOME_FURNITURE_AND_DECOR,Rivet,Piel,"Rivet Silla de Oficina giratoria de Piel de Grano Superior, 60,96 cm de Ancho, Color Gris Niebla",B076MZTKK6.jpg,"a photo of a Rivet Silla de Oficina giratoria de Piel de Grano Superior, 60,96 cm de Ancho, Color Gris Niebla",1,0,5258_img|593_img|2835_img|2515_img|1204_img|5194_img|429_img|950_img|658_img|150_img|4311_img|4275_img|1677_img|5313_img|5366_img|5378_img|5064_img|4545_img|5321_img|648_img
5262,CELLULAR_PHONE_CASE,Amazon Brand - Solimo,Silicone,"Amazon Brand - Solimo Mobile Cover for Samsung Galaxy M21 / M30s (Soft & Shockproof Back Case with inbuilt Cushioned Edges), Transparent",B07XYD8ZRL.jpg,"a photo of a Amazon Brand - Solimo Mobile Cover for Samsung Galaxy M21 / M30s (Soft & Shockproof Back Case with inbuilt Cushioned Edges), Transparent",1,1,1512_img|5262_img|1844_img|5230_img|1010_img|4013_img|2535_img|4634_img|1527_img|1468_img|710_img|2671_img|4263_img|368_img|828_img|2950_img|871_img|3189_img|2144_img|3399_img
5266,KITCHEN,AmazonBasics,Unknown Material,"AmazonBasics Grattugia per scorza di agrumi, con ampia superficie in acciaio inox e manico morbido, colore grigio e verde",B07W35MDYY.jpg,"a photo of a AmazonBasics Grattugia per scorza di agrumi, con ampia superficie in acciaio inox e manico morbido, colore grigio e verde",1,9,1580_img|3626_img|4283_img|1502_img|242_img|294_img|5321_img|1511_img|1967_img|5266_img|560_img|4001_img|3012_img|5313_img|3942_img|4878_img|1132_img|997_img|764_img|1571_img
5278,SOFA,Stone & Beam,wood,"Amazon Brand - Stone & Beam Andover Studio Sofa Couch, 78""W, Driftwood Leather",B07B4FW7H5.jpg,"a photo of a Amazon Brand - Stone & Beam Andover Studio Sofa Couch, 78""W, Driftwood Leather",1,0,5278_img|748_img|1301_img|2443_img|709_img|1619_img|1542_img|147_img|3910_img|3224_img|4696_img|1188_img|1121_img|1451_img|866_img|4200_img|603_img|1156_img|940_img|5053_img
5281,SHOES,Centrino,Synthetic,Centrino Men's Tan Fisherman Sandals-10 UK (44 EU) (11 US) (6101-03),B08C3CXXNH.jpg,a photo of a Centrino Men's Tan Fisherman Sandals-10 UK (44 EU) (11 US) (6101-03),1,1,5349_img|5281_img|5584_img|595_img|5065_img|2040_img|1042_img|3734_img|4124_img|2565_img|2713_img|5457_img|2591_img|2272_img|4218_img|1838_img|2961_img|1625_img|261_img|1504_img
5283,HOME_BED_AND_BATH,Pinzon by Amazon,100%_coton,"Pinzon by Amazon Ultrasoft Bettwascheset, Perkal, Grau - Wild Dove, 200x200 cm & 1 Kissenbezug (80 x 80 cm)",B00EQ5G2PC.jpg,"a photo of a Pinzon by Amazon Ultrasoft Bettwascheset, Perkal, Grau - Wild Dove, 200x200 cm & 1 Kissenbezug (80 x 80 cm)",1,1,2704_img|5283_img|3855_img|4782_img|540_img|5148_img|5427_img|2812_img|4965_img|2143_img|890_img|3041_img|1451_img|4837_img|1156_img|1568_img|5313_img|4420_img|1764_img|924_img
5285,KITCHEN,Amazon Brand Solimo,Ceramic,"Amazon Brand - Solimo Dinnerware Set, 18 Pieces",B08BVK156S.jpg,"a photo of a Amazon Brand - Solimo Dinnerware Set, 18 Pieces",1,3,4436_img|312_img|4780_img|5285_img|247_img|5147_img|5235_img|54_img|5560_img|4040_img|1019_img|860_img|1546_img|4526_img|729_img|1694_img|1766_img|2167_img|4222_img|4203_img
5289,WALL_ART,Rivet,Wood,"Amazon Brand - Rivet Modern Gold Pyramid Triangle Print Wall Art, 30"" x 30"", Black Frame",B073P54PYL.jpg,"a photo of a Amazon Brand - Rivet Modern Gold Pyramid Triangle Print Wall Art, 30"" x 30"", Black Frame",1,0,5289_img|1329_img|2516_img|3063_img|4144_img|2650_img|4465_img|592_img|4225_img|1359_img|952_img|5394_img|2693_img|5131_img|58_img|1231_img|188_img|578_img|3249_img|5077_img
5292,FINEEARRING,Amazon Collection,metal,10k White Gold Princess Diamond Stud Earrings (1/5 cttw),B004RE85GG.jpg,a photo of a 10k White Gold Princess Diamond Stud Earrings (1/5 cttw),1,1,2006_img|5292_img|2973_img|1660_img|536_img|2519_img|4315_img|787_img|4945_img|248_img|3095_img|5452_img|631_img|3919_img|1432_img|2354_img|711_img|895_img|5450_img|5206_img
5303,FINENECKLACEBRACELETANKLET,Amazon Collection,Metal,"Sterling Silver Stationed Mini State Connecticut Pendant Necklace, 16""+2"" Extender",B00N1PD5DA.jpg,"a photo of a Sterling Silver Stationed Mini State Connecticut Pendant Necklace, 16""+2"" Extender",1,0,5303_img|5046_img|35_img|2555_img|839_img|3307_img|1628_img|2572_img|4572_img|1685_img|3477_img|3919_img|2711_img|5434_img|1459_img|1944_img|4945_img|5498_img|787_img|5573_img
5304,HOME_FURNITURE_AND_DECOR,Stone & Beam,stone,"Amazon Brand - Stone & Beam Leila Ottoman, 34"" W, Sandstone",B075X543S4.jpg,"a photo of a Amazon Brand - Stone & Beam Leila Ottoman, 34"" W, Sandstone",1,0,5304_img|1406_img|692_img|2183_img|5252_img|5419_img|2531_img|4390_img|1936_img|3354_img|2484_img|5390_img|2526_img|2796_img|1047_img|1677_img|5555_img|2774_img|1212_img|4545_img
5306,HOME_BED_AND_BATH,Amazon Brand - Solimo,Polyester,"Amazon Brand - Solimo Thimbleberry Door Curtain, 7 feet - Set of 2 (Cocoa Brown)",B07FQZMZLX.jpg,"a photo of a Amazon Brand - Solimo Thimbleberry Door Curtain, 7 feet - Set of 2 (Cocoa Brown)",1,1,4588_img|5306_img|4474_img|4409_img|4212_img|1342_img|162_img|659_img|1949_img|5126_img|3223_img|3301_img|1224_img|1015_img|4667_img|2501_img|178_img|5013_img|1800_img|1578_img
5308,FINENECKLACEBRACELETANKLET,Amazon Collection,metal,"Collier avec pendentif boule en cristal Swarovski 10 carats 45,7 cm,Rouge",B017BQUVQI.jpg,"a photo of a Collier avec pendentif boule en cristal Swarovski 10 carats 45,7 cm,Rouge",1,0,5308_img|502_img|5354_img|566_img|985_img|5172_img|2634_img|1117_img|4282_img|4101_img|463_img|1459_img|2054_img|5078_img|4419_img|4878_img|1685_img|4728_img|4470_img|5229_img
5313,HOME_FURNITURE_AND_DECOR,Movian,Fabric,"Marque Amazon - Movian Galga - Repose-pieds en tissu Rio, 53 x 53 x 42 cm (longueur x largeur x hauteur), Anthracite",B07VSTGXZ2.jpg,"a photo of a Marque Amazon - Movian Galga - Repose-pieds en tissu Rio, 53 x 53 x 42 cm (longueur x largeur x hauteur), Anthracite",1,0,5313_img|5049_img|2526_img|5321_img|5399_img|4837_img|4768_img|4275_img|532_img|1204_img|2404_img|1691_img|5241_img|27_img|1406_img|648_img|2704_img|5283_img|5077_img|1720_img
5314,SHOES,Klepe,Mesh,Klepe Men's D.Navy Flyknit with Memory Foam Running Shoes-6 UK (40 EU) (7 US) (A00/NVY),B07XDY16SJ.jpg,a photo of a Klepe Men's D.Navy Flyknit with Memory Foam Running Shoes-6 UK (40 EU) (7 US) (A00/NVY),1,0,5314_img|2260_img|5125_img|299_img|3217_img|4072_img|1148_img|5143_img|2295_img|2127_img|98_img|440_img|4389_img|3990_img|1580_img|1693_img|1180_img|4861_img|3394_img|5220_img
5315,CHAIR,Ravenna Home,Textile,"Amazon Brand - Ravenna Home Swivel Glider Recliner Chair, 35""W, Black",B085FGSHR3.jpg,"a photo of a Amazon Brand - Ravenna Home Swivel Glider Recliner Chair, 35""W, Black",1,0,5315_img|2575_img|4840_img|686_img|5052_img|3977_img|4178_img|3053_img|4837_img|4657_img|2713_img|1964_img|1188_img|1915_img|4793_img|1156_img|2416_img|4294_img|4067_img|2103_img
5318,WALL_ART,Stone & Beam,Paper,"Amazon Brand - Stone & Beam Country Rustic Rooster Print I Wall Art Decor - 19"" x 23"" Frame, Black Barnwood",B075YLXYKF.jpg,"a photo of a Amazon Brand - Stone & Beam Country Rustic Rooster Print I Wall Art Decor - 19"" x 23"" Frame, Black Barnwood",1,0,5318_img|4621_img|579_img|4812_img|764_img|184_img|5499_img|197_img|949_img|5222_img|252_img|4404_img|3222_img|58_img|4541_img|4980_img|677_img|2436_img|5356_img|1946_img
5321,HOME,UMI,cotton-blend,"UMI Brushed Cotton Blended 1 Fitted Sheet Only, Dark Grey, Super King",B07T2DJCQC.jpg,"a photo of a UMI Brushed Cotton Blended 1 Fitted Sheet Only, Dark Grey, Super King",1,0,5321_img|5313_img|890_img|3990_img|378_img|2526_img|5049_img|604_img|1152_img|1143_img|4264_img|440_img|1342_img|336_img|3394_img|2295_img|4390_img|799_img|5200_img|540_img
5322,HOME_FURNITURE_AND_DECOR,Stone & Beam,Lana,Stone & Beam Heidi - Alfombra de lana floral,B07GHTQSH4.jpg,a photo of a Stone & Beam Heidi - Alfombra de lana floral,1,0,5322_img|1765_img|2769_img|4319_img|2984_img|4244_img|677_img|2576_img|2063_img|5451_img|1457_img|5326_img|3251_img|3593_img|2598_img|5400_img|4430_img|1284_img|590_img|5446_img
5326,HOME_BED_AND_BATH,Amazon Brand - Solimo,Microfibre,"Amazon Brand - Solimo 100% Cotton Printed Comforter, Double (Fuzzy Strings, 200GSM)",B07HK9M5QX.jpg,"a photo of a Amazon Brand - Solimo 100% Cotton Printed Comforter, Double (Fuzzy Strings, 200GSM)",1,1,1663_img|5326_img|731_img|4039_img|696_img|1765_img|1764_img|4139_img|924_img|4244_img|2798_img|5411_img|5455_img|4961_img|202_img|4965_img|189_img|1375_img|3216_img|2152_img
5330,WALL_ART,Rivet,Wood,"Amazon Brand - Rivet Side View Black, White and Gold Floral Canvas Print Wall Art Decor, 24"" x 24""",B073P1BVBS.jpg,"a photo of a Amazon Brand - Rivet Side View Black, White and Gold Floral Canvas Print Wall Art Decor, 24"" x 24""",1,0,5330_img|2557_img|246_img|962_img|4302_img|5425_img|4069_img|2609_img|1903_img|952_img|545_img|2650_img|4884_img|2600_img|3696_img|2769_img|5391_img|133_img|660_img|5503_img
5332,SOFA,Rivet,Wood,"Amazon Brand - Rivet Sloane Mid-Century Modern Sofa with Tufted Back, 79.9""W, Yellow",B07P8ST3G9.jpg,"a photo of a Amazon Brand - Rivet Sloane Mid-Century Modern Sofa with Tufted Back, 79.9""W, Yellow",1,0,5332_img|866_img|1486_img|3060_img|3224_img|687_img|2347_img|2296_img|1493_img|2012_img|572_img|1397_img|5433_img|3230_img|3244_img|1937_img|2448_img|404_img|2355_img|3738_img
5336,FINERING,Amazon Collection,metal,Platinum-Plated Sterling Silver Swarovski Zirconia Antique Round-Cut and Created Sapphire Ring size 6,B01IT0PPLG.jpg,a photo of a Platinum-Plated Sterling Silver Swarovski Zirconia Antique Round-Cut and Created Sapphire Ring size 6,1,0,5336_img|1781_img|3180_img|4819_img|4145_img|2054_img|4395_img|3598_img|272_img|1098_img|2368_img|2419_img|2136_img|2615_img|4223_img|4670_img|1539_img|5400_img|4187_img|4308_img
5339,CELLULAR_PHONE_CASE,Amazon Brand - Solimo,Silicon,Amazon Brand - Solimo Designer Dark Night Park UV Printed Soft Back Case Mobile Cover for Itel A25,B0853WJXBK.jpg,a photo of a Amazon Brand - Solimo Designer Dark Night Park UV Printed Soft Back Case Mobile Cover for Itel A25,1,0,5339_img|4419_img|4334_img|4537_img|4827_img|5353_img|1774_img|1609_img|1117_img|2576_img|1399_img|5229_img|737_img|2354_img|211_img|4565_img|2812_img|2798_img|949_img|1699_img
5341,TABLE,UMI,Wood,"UMI. by Amazon Round Nest of Tables, Small White Coffee Side Tables with Wood Top Set of 2 for Living Room",B0861YZY3F.jpg,"a photo of a UMI. by Amazon Round Nest of Tables, Small White Coffee Side Tables with Wood Top Set of 2 for Living Room",1,6,4586_img|4523_img|5185_img|5440_img|834_img|4046_img|5341_img|4297_img|5560_img|1758_img|385_img|5152_img|3083_img|5480_img|1064_img|150_img|625_img|630_img|1613_img|2810_img
5347,WALL_ART,Stone & Beam,wood,"Amazon Brand - Stone & Beam Modern 9-Piece Mural of Balloons and Eiffel Tower Wall Art on Wood, 48"" x 48""",B073P5FM7V.jpg,"a photo of a Amazon Brand - Stone & Beam Modern 9-Piece Mural of Balloons and Eiffel Tower Wall Art on Wood, 48"" x 48""",1,1,1352_img|5347_img|5118_img|5413_img|939_img|5027_img|4144_img|4999_img|648_img|3240_img|4884_img|2436_img|2026_img|1701_img|743_img|3287_img|252_img|2516_img|3063_img|4403_img
5349,SHOES,Centrino,Synthetic,Centrino Men's Chiku Fisherman Sandals-9 UK (43 EU) (10 US) (6111-03),B08C3BS9WH.jpg,a photo of a Centrino Men's Chiku Fisherman Sandals-9 UK (43 EU) (10 US) (6111-03),1,0,5349_img|595_img|5065_img|5281_img|1042_img|5584_img|4124_img|3734_img|1625_img|2565_img|2961_img|2900_img|2040_img|4565_img|2713_img|2272_img|1504_img|4956_img|3437_img|4038_img
5350,TABLE,Stone & Beam,pine,"Amazon Brand - Stone & Beam Roland Metal X-Frame Console Hallway Table, 24"" W, Pine",B075ZCLPS1.jpg,"a photo of a Amazon Brand - Stone & Beam Roland Metal X-Frame Console Hallway Table, 24"" W, Pine",1,0,5350_img|3075_img|2655_img|1479_img|298_img|3288_img|3937_img|1964_img|5192_img|3194_img|300_img|5053_img|4447_img|186_img|1800_img|1277_img|659_img|1389_img|243_img|2808_img
5352,HOME,UMI,Stoff,"Umi.Essentials Blackout Curtains with Foam Coated, 180x140",B07KZVMXHH.jpg,"a photo of a Umi.Essentials Blackout Curtains with Foam Coated, 180x140",1,5,2478_img|744_img|1887_img|320_img|2662_img|5352_img|1992_img|799_img|5200_img|2835_img|162_img|1800_img|3187_img|4482_img|1652_img|4667_img|3301_img|1342_img|2501_img|4409_img
5353,FINEEARRING,Amazon Collection,metall,Sterling silver Swarovski zirkonia hjarta vintage tema dropporhangen,B01IQU0B6S.jpg,a photo of a Sterling silver Swarovski zirkonia hjarta vintage tema dropporhangen,0,-1,949_img|4463_img|1756_img|1490_img|4024_img|1098_img|1532_img|435_img|2432_img|1464_img|4282_img|895_img|4364_img|2433_img|997_img|1593_img|4243_img|5059_img|4486_img|1563_img
5354,FINENECKLACEBRACELETANKLET,Amazon Collection,feinstes Material,"Halskette mit Anhanger""You and Me"", versilbert, Kristall, 45,7 cm,marienkafer",B01LXLGBYY.jpg,"a photo of a Halskette mit Anhanger""You and Me"", versilbert, Kristall, 45,7 cm,marienkafer",0,-1,4050_img|588_img|2439_img|3994_img|4268_img|4271_img|2454_img|1325_img|4728_img|2043_img|5378_img|5434_img|191_img|5562_img|2756_img|3341_img|886_img|3630_img|2572_img|2883_img
5355,HOME_BED_AND_BATH,Pinzon by Amazon,100% cotton,"Pinzon by Amazon 'Everyday' Spannbetttuch, Baumwolle, 180 x 200 x 30 cm - Grun",B00MGSGX6O.jpg,"a photo of a Pinzon by Amazon 'Everyday' Spannbetttuch, Baumwolle, 180 x 200 x 30 cm - Grun",1,0,5355_img|755_img|2094_img|4341_img|319_img|2756_img|3341_img|3883_img|5417_img|5219_img|2112_img|2672_img|5427_img|540_img|5148_img|158_img|1125_img|1612_img|1682_img|1350_img
5356,CHAIR,Stone & Beam,stone,"Amazon Brand - Stone & Beam Cameron Classic Oversized Chair, 32""W, Pewter",B075X4F5NY.jpg,"a photo of a Amazon Brand - Stone & Beam Cameron Classic Oversized Chair, 32""W, Pewter",1,2,2103_img|3977_img|5356_img|1511_img|5052_img|2733_img|256_img|1677_img|495_img|5483_img|4916_img|4768_img|5495_img|2416_img|1964_img|950_img|5241_img|4206_img|2526_img|1406_img
5357,RUG,Rivet,sisal,"Rivet Woven Bordered Sisal Area Rug, 5 x 7 Foot, Charcoal",B071J4VX9H.jpg,"a photo of a Rivet Woven Bordered Sisal Area Rug, 5 x 7 Foot, Charcoal",1,0,5357_img|2528_img|1691_img|2295_img|4217_img|5510_img|1634_img|3990_img|3178_img|4854_img|5464_img|5321_img|299_img|3217_img|2959_img|1631_img|317_img|1342_img|987_img|2859_img
5361,KITCHEN,AmazonBasics,Unknown Material,"AmazonBasics - Lot de 4 sacs d'aspirateur S11 avec traitement anti-odeurs pour Bosch, Siemens",B073HGLVZJ.jpg,"a photo of a AmazonBasics - Lot de 4 sacs d'aspirateur S11 avec traitement anti-odeurs pour Bosch, Siemens",0,-1,2834_img|2694_img|4134_img|648_img|3856_img|4872_img|841_img|1641_img|3477_img|1527_img|3075_img|2605_img|1064_img|1644_img|4212_img|898_img|5375_img|2515_img|1639_img|1110_img
5362,RUG,Stone & Beam,wool,"Amazon Brand - Stone & Beam Contemporary Mode Tone Wool Area Rug, 8 x 10 Foot, Rust",B0732HNJHX.jpg,"a photo of a Amazon Brand - Stone & Beam Contemporary Mode Tone Wool Area Rug, 8 x 10 Foot, Rust",1,1,1361_img|5362_img|4217_img|261_img|5510_img|2576_img|3965_img|4696_img|4180_img|227_img|1619_img|5172_img|940_img|1554_img|1804_img|2959_img|5161_img|2412_img|2398_img|3885_img
5366,CHAIR,Rivet,Wood,"Amazon Brand - Rivet Dunford Modern Kitchen Dining Chair, 33 Inch Height, Ivory",B07HSBJ5D6.jpg,"a photo of a Amazon Brand - Rivet Dunford Modern Kitchen Dining Chair, 33 Inch Height, Ivory",1,1,5538_img|5366_img|593_img|1758_img|140_img|2081_img|1613_img|1732_img|190_img|4586_img|239_img|4116_img|688_img|477_img|5390_img|1047_img|5064_img|5570_img|5256_img|1792_img
5370,RUG,Rivet,Polypropylene,"Amazon Brand - Rivet Old World Vintage Persian Runner Rug, 2' 2"" x 7' 6"", Passion Pink",B079KNLCX4.jpg,"a photo of a Amazon Brand - Rivet Old World Vintage Persian Runner Rug, 2' 2"" x 7' 6"", Passion Pink",1,0,5370_img|5387_img|870_img|211_img|2686_img|4933_img|2576_img|872_img|4430_img|5053_img|827_img|3199_img|855_img|178_img|2063_img|3526_img|3437_img|5451_img|5013_img|603_img
5375,HOME,Amazon Brand - Solimo,Fabric,"Amazon Brand - Solimo 4 Piece Fabric Drawer Dividers, Grey",B07FQDVN4Z.jpg,"a photo of a Amazon Brand - Solimo 4 Piece Fabric Drawer Dividers, Grey",1,2,2462_img|2605_img|5375_img|3856_img|27_img|4955_img|5014_img|5532_img|2497_img|1644_img|4275_img|3723_img|555_img|841_img|532_img|648_img|1064_img|1874_img|4134_img|1110_img
5378,FINEEARRING,Amazon Collection,sterling-silver,Sterling Silver Oxidized Celtic Knot Dangle Earrings,B00GUZ5SY2.jpg,a photo of a Sterling Silver Oxidized Celtic Knot Dangle Earrings,1,0,5378_img|4924_img|5196_img|5519_img|2992_img|4050_img|4404_img|2041_img|5041_img|3994_img|2377_img|5341_img|3059_img|1930_img|2043_img|317_img|2439_img|2325_img|700_img|826_img
5382,WALL_ART,Stone & Beam,Paper,"Amazon Brand - Stone & Beam Modern Green and Pink Tipped Succulent Print Wall Art Decor - 20"" x 20"" Frame, Light Gold",B075YLG173.jpg,"a photo of a Amazon Brand - Stone & Beam Modern Green and Pink Tipped Succulent Print Wall Art Decor - 20"" x 20"" Frame, Light Gold",1,0,5382_img|5503_img|578_img|592_img|1833_img|5425_img|58_img|533_img|3012_img|4983_img|2472_img|4878_img|3222_img|188_img|2769_img|4283_img|4403_img|1231_img|2516_img|3063_img
5383,SOFA,Rivet,Polyester,"Amazon Brand - Rivet Goodwin Modern Loveseat Sofa, 61.8""W, Charcoal Grey",B07HZ7829Y.jpg,"a photo of a Amazon Brand - Rivet Goodwin Modern Loveseat Sofa, 61.8""W, Charcoal Grey",1,4,1915_img|4866_img|4200_img|1156_img|5383_img|2448_img|4830_img|201_img|2526_img|2333_img|1188_img|5278_img|2733_img|5483_img|294_img|3738_img|2012_img|3815_img|2416_img|3060_img
5387,RUG,Rivet,Polypropylene,"Amazon Brand - Rivet Old World Vintage Persian Runner Rug, 1' 10"" x 6', Passion Pink",B079KTVCTR.jpg,"a photo of a Amazon Brand - Rivet Old World Vintage Persian Runner Rug, 1' 10"" x 6', Passion Pink",1,1,5370_img|5387_img|870_img|211_img|2686_img|4933_img|2576_img|872_img|5053_img|4430_img|827_img|178_img|855_img|3199_img|3437_img|2063_img|3526_img|5013_img|115_img|603_img
5388,FINERING,Amazon Collection,Not Applicable,"Platinum-Plated Sterling Silver Swarovski Zirconia Red White Heart All-Around Band Ring, Size 7",B01MTY0Q3P.jpg,"a photo of a Platinum-Plated Sterling Silver Swarovski Zirconia Red White Heart All-Around Band Ring, Size 7",1,3,1699_img|1232_img|2009_img|5388_img|199_img|1957_img|1117_img|2368_img|728_img|4419_img|227_img|2075_img|5229_img|576_img|737_img|2054_img|1928_img|502_img|178_img|3127_img
5390,CHAIR,Stone & Beam,stone,"Amazon Brand - Stone & Beam Laurel Rounded Accent Chair, 29.5""W, Sand",B075X4N3JH.jpg,"a photo of a Amazon Brand - Stone & Beam Laurel Rounded Accent Chair, 29.5""W, Sand",1,8,1677_img|4916_img|3354_img|5555_img|4206_img|5252_img|495_img|5356_img|5390_img|1511_img|2103_img|5366_img|1964_img|1732_img|1936_img|5538_img|256_img|217_img|5241_img|3977_img
5391,TABLE,Ravenna Home,Marbled Grain Laminate On Plywood; Tempered Glass; Gold-Painted Metal Frame,"Amazon Brand - Ravenna Home Parker Storage End Table, 23.6""W, Glass &amp; Gold",B07DBB1NJ1.jpg,"a photo of a Amazon Brand - Ravenna Home Parker Storage End Table, 23.6""W, Glass &amp; Gold",1,6,2531_img|1614_img|2808_img|1605_img|5341_img|3288_img|5391_img|230_img|1389_img|619_img|5424_img|300_img|2484_img|475_img|1047_img|993_img|192_img|298_img|5451_img|3083_img
5394,FINERING,Amazon Collection,Nicht zutreffend,"Damen-Ring Sterling-Silber 925 platiniert oder vergoldet Swarovski-Kristall Prinzessschliff,Gelbgold vergoldetes Silber,Size 8",B01N150V05.jpg,"a photo of a Damen-Ring Sterling-Silber 925 platiniert oder vergoldet Swarovski-Kristall Prinzessschliff,Gelbgold vergoldetes Silber,Size 8",1,2,5131_img|243_img|5394_img|5540_img|2527_img|4842_img|3095_img|772_img|5206_img|5450_img|4945_img|787_img|3919_img|5007_img|1292_img|5418_img|3127_img|631_img|4504_img|4819_img
5399,SOFA,Alkove,tyg,Alkov modular Stol (70 x 93) Turkos,B07SHYWXZ8.jpg,a photo of a Alkov modular Stol (70 x 93) Turkos,1,1,2540_img|5399_img|4956_img|2810_img|2272_img|3914_img|3013_img|1212_img|828_img|169_img|2713_img|5375_img|1821_img|4768_img|3774_img|4793_img|1050_img|3287_img|3818_img|4602_img
5400,RUG,Stone & Beam,stone,"Amazon Brand - Stone & Beam Floral Kaleidoscope Traditional Area Rug, 5'3"" x 7'3"", Blue Multi",B075Z8GYS8.jpg,"a photo of a Amazon Brand - Stone & Beam Floral Kaleidoscope Traditional Area Rug, 5'3"" x 7'3"", Blue Multi",1,2,855_img|1804_img|5400_img|3526_img|4430_img|872_img|1903_img|3965_img|821_img|3199_img|985_img|2769_img|3593_img|2026_img|5326_img|5406_img|677_img|5015_img|590_img|4244_img
5401,TABLE,Alkove,Quercia,"Marchio Amazon - Alkove Hayes - Tavolino da caffe con mensola, 105 x 60 x 43 cm, quercia silvestre",B07SJ75XY6.jpg,"a photo of a Marchio Amazon - Alkove Hayes - Tavolino da caffe con mensola, 105 x 60 x 43 cm, quercia silvestre",1,3,2001_img|4602_img|4279_img|5401_img|630_img|3630_img|4447_img|1653_img|886_img|2653_img|4275_img|1937_img|4907_img|3877_img|5417_img|191_img|179_img|5219_img|1074_img|2281_img
5406,RUG,Ravenna Home,Polyester,"Amazon Brand - Ravenna Home Prospect Rug, 5'W x 7'6""L, Moroccan Lattice Design, Grey and Teal",B07NYSH2S4.jpg,"a photo of a Amazon Brand - Ravenna Home Prospect Rug, 5'W x 7'6""L, Moroccan Lattice Design, Grey and Teal",1,0,5406_img|1814_img|5015_img|855_img|2147_img|2159_img|188_img|888_img|4095_img|2412_img|5400_img|2318_img|3526_img|751_img|3885_img|3593_img|5326_img|1919_img|5503_img|2075_img
5408,KITCHEN,Unknown,bamboo,Bamboo Mezaluna Board with Mezaluna,B000UD8E6E.jpg,a photo of a Bamboo Mezaluna Board with Mezaluna,1,5,2144_img|3877_img|3734_img|1064_img|2696_img|5408_img|2565_img|886_img|2591_img|4602_img|2713_img|2001_img|5185_img|4279_img|630_img|2272_img|3165_img|3630_img|5401_img|828_img
5410,SHOES,Amazon Brand - Symbol,Synthetic,Amazon Brand - Symbol Men's Black Synthetic Formal Shoes - 9 UK (AZ-KY-85A),B075Z3DL3K.jpg,a photo of a Amazon Brand - Symbol Men's Black Synthetic Formal Shoes - 9 UK (AZ-KY-85A),1,1,5231_img|5410_img|1119_img|3220_img|1548_img|4632_img|2900_img|1483_img|1829_img|3505_img|1915_img|2575_img|2620_img|1605_img|1389_img|4038_img|4657_img|1693_img|2448_img|2808_img
5411,HOME,Pinzon by Amazon,Cotton,"Pinzon 400-Thread-Count Hemstitch Egyptian Cotton Pillowcases - Standard, Light Grey (Set of 2)",B009N9W4E4.jpg,"a photo of a Pinzon 400-Thread-Count Hemstitch Egyptian Cotton Pillowcases - Standard, Light Grey (Set of 2)",0,-1,4762_img|890_img|4046_img|5454_img|1758_img|4264_img|1444_img|1568_img|158_img|1125_img|1612_img|2704_img|5283_img|150_img|2899_img|2662_img|328_img|3028_img|950_img|2143_img
5413,WALL_ART,Stone & Beam,Paper,"Amazon Brand - Stone & Beam Modern Blue Umbrellas on Sand Print Wall Art in Black Wood Frame, 32"" x 12""",B073P1F2GP.jpg,"a photo of a Amazon Brand - Stone & Beam Modern Blue Umbrellas on Sand Print Wall Art in Black Wood Frame, 32"" x 12""",1,0,5413_img|4983_img|4225_img|4144_img|4465_img|252_img|1263_img|678_img|4541_img|2683_img|1143_img|5503_img|3946_img|5347_img|1352_img|5289_img|2650_img|3696_img|4403_img|3222_img
5417,HOME_BED_AND_BATH,Pinzon by Amazon,100% cotton,"Pinzon by Amazon 'Everyday' Lenzuolo con angoli, in 100% cotone, Marrone, 150 x 200 x 38 cm",B00MGSJ5IC.jpg,"a photo of a Pinzon by Amazon 'Everyday' Lenzuolo con angoli, in 100% cotone, Marrone, 150 x 200 x 38 cm",1,0,5417_img|540_img|5148_img|5427_img|3883_img|5219_img|2756_img|3341_img|755_img|2094_img|4341_img|5355_img|2672_img|158_img|1125_img|1612_img|319_img|2112_img|4151_img|1099_img
5418,FINERING,Amazon Collection,metal,"Yellow-Gold-Plated Sterling Silver All-Around Band Ring set with Round Swarovski Zirconia (1/2 cttw), Size 7",B01JIWRUXU.jpg,"a photo of a Yellow-Gold-Plated Sterling Silver All-Around Band Ring set with Round Swarovski Zirconia (1/2 cttw), Size 7",1,0,5418_img|2957_img|1868_img|4710_img|3843_img|243_img|5132_img|396_img|4829_img|2589_img|4842_img|2136_img|20_img|708_img|772_img|3127_img|259_img|5521_img|5540_img|4944_img
5419,HOME_FURNITURE_AND_DECOR,Stone & Beam,stone,"Amazon Brand - Stone & Beam Marin Upholstered Ottoman, 29""W, Smoky Teal",B075X4PT58.jpg,"a photo of a Amazon Brand - Stone & Beam Marin Upholstered Ottoman, 29""W, Smoky Teal",1,0,5419_img|2183_img|2526_img|5304_img|1406_img|5399_img|2416_img|2531_img|2733_img|5313_img|225_img|2808_img|1936_img|1212_img|2284_img|4583_img|141_img|5049_img|888_img|5253_img
5424,TABLE,Rivet,wood,"Amazon Brand - Rivet Mid-Century Modern Wood Media TV Console Table, 47""W, Walnut &amp; Black",B07B7J84KR.jpg,"a photo of a Amazon Brand - Rivet Mid-Century Modern Wood Media TV Console Table, 47""W, Walnut &amp; Black",0,-1,1585_img|1573_img|5350_img|3223_img|5094_img|5013_img|5053_img|1578_img|603_img|1577_img|1937_img|1277_img|1479_img|2653_img|3175_img|2081_img|2602_img|1003_img|3738_img|4200_img
5425,WALL_ART,Rivet,wood,"Amazon Brand - Rivet Spring Pink Floral Print in a White Wood Frame Wall Art, 12"" x 12""",B073P5XJHY.jpg,"a photo of a Amazon Brand - Rivet Spring Pink Floral Print in a White Wood Frame Wall Art, 12"" x 12""",1,0,5425_img|4069_img|2769_img|4884_img|5382_img|1765_img|2595_img|5330_img|1640_img|336_img|5446_img|588_img|5430_img|2026_img|3696_img|200_img|2557_img|2454_img|2609_img|543_img
5427,HOME_BED_AND_BATH,Pinzon by Amazon,mikrofiber,"Pinzon by Amazon spannduk, mikrofiber, maupe, 90 x 190 x 30 cm",B00M92N7F2.jpg,"a photo of a Pinzon by Amazon spannduk, mikrofiber, maupe, 90 x 190 x 30 cm",1,1,2672_img|5427_img|540_img|5148_img|5219_img|5417_img|2112_img|3660_img|2756_img|3341_img|755_img|2094_img|4341_img|5355_img|890_img|1967_img|828_img|319_img|5313_img|604_img
5430,SHOES,Flavia,Mesh,Flavia Women's Pink Running Shoes-UK9 (FKT/HD0234/PNK),B0845CBCMV.jpg,a photo of a Flavia Women's Pink Running Shoes-UK9 (FKT/HD0234/PNK),1,0,5430_img|543_img|2631_img|3771_img|2686_img|211_img|588_img|1625_img|5475_img|5370_img|5387_img|731_img|385_img|5457_img|4933_img|98_img|390_img|734_img|728_img|870_img
5433,SOFA,Movian,Legno; Poliuretano,"Marchio Amazon - Movian, divano 2 posti modello Laura, colore giallo",B07J59DMMK.jpg,"a photo of a Marchio Amazon - Movian, divano 2 posti modello Laura, colore giallo",1,0,5433_img|404_img|5332_img|593_img|1034_img|4510_img|782_img|1937_img|2615_img|4223_img|38_img|5072_img|1613_img|572_img|2810_img|1653_img|2571_img|477_img|1437_img|5064_img
5434,FINENECKLACEBRACELETANKLET,Amazon Collection,Unknown Material,Amazon Collection Unknown Color Unknown Material Finenecklacebraceletanklet,B01DDS8Z7U.jpg,a photo of a Amazon Collection Unknown Color Unknown Material Finenecklacebraceletanklet,0,-1,1400_img|1073_img|259_img|5521_img|2589_img|3260_img|1551_img|3915_img|1557_img|2957_img|5418_img|1848_img|2325_img|2142_img|4710_img|4642_img|1868_img|4346_img|199_img|4536_img
5437,KITCHEN,AmazonBasics,ABS,(Renewed) AmazonBasics 500-Watt Mixer Grinder with 3 Jars,B08FRFFQGH.jpg,a photo of a (Renewed) AmazonBasics 500-Watt Mixer Grinder with 3 Jars,1,1,4872_img|5437_img|381_img|3487_img|4187_img|600_img|1620_img|1694_img|2834_img|4100_img|4265_img|1527_img|871_img|1369_img|926_img|3094_img|2167_img|4958_img|5082_img|898_img
5440,FINEEARRING,Amazon Collection,metal,Sterling Silver Open Heart Threader Drop Earrings,B0083ZPE64.jpg,a photo of a Sterling Silver Open Heart Threader Drop Earrings,1,6,4924_img|1930_img|5353_img|5378_img|1660_img|1946_img|5440_img|5229_img|4404_img|4268_img|5292_img|5196_img|1106_img|5519_img|2992_img|2572_img|2006_img|1117_img|1957_img|2446_img
5441,HOME_FURNITURE_AND_DECOR,Amazon Brand - Solimo,Plastic,"Amazon Brand - Solimo 12-inch Wall Clock - Owl Family (Silent Movement, Black Frame)",B08GKYM9GS.jpg,"a photo of a Amazon Brand - Solimo 12-inch Wall Clock - Owl Family (Silent Movement, Black Frame)",1,0,5441_img|2224_img|4651_img|4393_img|1783_img|752_img|4300_img|1917_img|621_img|5180_img|79_img|4480_img|5408_img|200_img|5318_img|949_img|5339_img|764_img|4404_img|5499_img
5442,HOME,UMI,100% polyester,"UMI. Essentials Microfiber Duvet Cover Set,Lightweight and Soft Bedding Set (8 Sizes,12 Colours)(200x200+2x80x80cm,Navy)",B07PQBDBC1.jpg,"a photo of a UMI. Essentials Microfiber Duvet Cover Set,Lightweight and Soft Bedding Set (8 Sizes,12 Colours)(200x200+2x80x80cm,Navy)",1,0,5442_img|4782_img|3216_img|3028_img|1132_img|924_img|3855_img|2798_img|4040_img|1386_img|3037_img|3053_img|625_img|139_img|731_img|1034_img|4993_img|1499_img|4961_img|4308_img
5443,FINEEARRING,Amazon Collection,metal,Amazon CollectionRose-Gold-Plated Sterling Silver Swarovski Zirconia (1cttw) Round Stud Earrings,B00NFSCVCO.jpg,a photo of a Amazon CollectionRose-Gold-Plated Sterling Silver Swarovski Zirconia (1cttw) Round Stud Earrings,1,0,5443_img|275_img|4191_img|1495_img|2573_img|2432_img|4857_img|4463_img|3731_img|1349_img|2463_img|3476_img|2554_img|3839_img|1464_img|292_img|385_img|60_img|5077_img|4967_img
5446,CELLULAR_PHONE_CASE,Amazon Brand - Solimo,Plastic,Amazon Brand - Solimo Designer Butterfly Design 3D Printed Hard Back Case Mobile Cover for Nokia 6 (2018),B081HLVSP6.jpg,a photo of a Amazon Brand - Solimo Designer Butterfly Design 3D Printed Hard Back Case Mobile Cover for Nokia 6 (2018),1,2,4025_img|235_img|5446_img|4584_img|764_img|4792_img|2454_img|5262_img|1590_img|3095_img|1370_img|1844_img|215_img|2659_img|1640_img|4013_img|1512_img|5561_img|2509_img|734_img
5450,FINERING,Amazon Collection,rhinestone;,"Platinum-plated Sterling Silver Princess-Cut Solitaire Ring made with Swarovski Zirconia (1/2 cttw), Size 6",B01MZB15L9.jpg,"a photo of a Platinum-plated Sterling Silver Princess-Cut Solitaire Ring made with Swarovski Zirconia (1/2 cttw), Size 6",1,1,5206_img|5450_img|3919_img|631_img|5498_img|5394_img|1253_img|1746_img|3095_img|5573_img|248_img|4945_img|5131_img|787_img|2006_img|2711_img|5292_img|1292_img|4243_img|2973_img
5451,TABLE,Ravenna Home,Wood,"Amazon Brand - Ravenna Home Classic Coffee Table with Side Cutouts, 42""W, Merlot Wood",B07M7NSYC4.jpg,"a photo of a Amazon Brand - Ravenna Home Classic Coffee Table with Side Cutouts, 42""W, Merlot Wood",1,1,603_img|5451_img|2576_img|3874_img|3288_img|5161_img|633_img|1232_img|2009_img|5370_img|5387_img|4907_img|739_img|227_img|5053_img|4081_img|2812_img|5278_img|2808_img|2183_img
5452,FINEEARRING,Amazon Collection,No aplica,"Amazon CollectionAGS Certified 14k White Gold Round-Cut Diamond Stud Earrings (1/5cttw, K-L Color, I1-I2 Clarity)",B075XW1PW6.jpg,"a photo of a Amazon CollectionAGS Certified 14k White Gold Round-Cut Diamond Stud Earrings (1/5cttw, K-L Color, I1-I2 Clarity)",1,3,1432_img|711_img|1593_img|5452_img|384_img|1129_img|4944_img|5036_img|1464_img|292_img|2006_img|2432_img|4134_img|5292_img|660_img|3127_img|2681_img|5046_img|1099_img|2471_img
5454,HOME,Pinzon by Amazon.com,Egyptian-Cotton,"Pike Street 1220-Thread Count Egyptian Cotton Single-Ply Sateen King Sheet Set, Sage",B003S9W4W2.jpg,"a photo of a Pike Street 1220-Thread Count Egyptian Cotton Single-Ply Sateen King Sheet Set, Sage",1,0,5454_img|4762_img|328_img|1444_img|5045_img|1967_img|3094_img|189_img|2704_img|5283_img|4800_img|5195_img|4151_img|1571_img|786_img|2796_img|2700_img|1580_img|4001_img|890_img
5455,HOME_BED_AND_BATH,Amazon Brand - Solimo,Polyester,"Amazon Brand - Solimo 100% Cotton Comforter, Double (Damask Dreams, 200GSM_Light Blue)",B076BTBZJ5.jpg,"a photo of a Amazon Brand - Solimo 100% Cotton Comforter, Double (Damask Dreams, 200GSM_Light Blue)",1,17,924_img|5326_img|1663_img|3041_img|5406_img|1765_img|5400_img|731_img|4244_img|3855_img|4488_img|1903_img|1764_img|3180_img|4039_img|5411_img|4339_img|5455_img|1781_img|5336_img
5457,SHOES,Flavia,Polyurethane,Flavia Women's Antique Fashion Sandals-9 UK (41 EU) (10 US) (FL/208/ANT),B07XRZ516H.jpg,a photo of a Flavia Women's Antique Fashion Sandals-9 UK (41 EU) (10 US) (FL/208/ANT),1,4,2961_img|1625_img|5584_img|4124_img|5457_img|242_img|5065_img|543_img|1042_img|5349_img|595_img|4504_img|5281_img|5463_img|2737_img|2040_img|4206_img|1964_img|2900_img|5555_img
5461,CELLULAR_PHONE_CASE,Amazon Brand - Solimo,Plastic,Amazon Brand - Solimo Designer Keep Calm and Shop 3D Printed Hard Back Case Mobile Cover for Samsung Galaxy M21,B08511K5Z7.jpg,a photo of a Amazon Brand - Solimo Designer Keep Calm and Shop 3D Printed Hard Back Case Mobile Cover for Samsung Galaxy M21,1,2,5561_img|94_img|5461_img|2659_img|1010_img|1101_img|4634_img|5230_img|1844_img|2509_img|546_img|609_img|4584_img|5472_img|2564_img|4263_img|1116_img|3964_img|1913_img|798_img
5462,HOME,Pinzon by Amazon.com,cotton,"Pinzon Luxury Reversible Cotton Bath Mat, 17-by-24-Inch, Sage",B000T2PG6W.jpg,"a photo of a Pinzon Luxury Reversible Cotton Bath Mat, 17-by-24-Inch, Sage",1,0,5462_img|1610_img|1549_img|3509_img|888_img|2425_img|1967_img|1580_img|1538_img|5361_img|4283_img|647_img|4390_img|1511_img|242_img|2578_img|3394_img|1212_img|225_img|5321_img
5463,SHOES,find.,Leather,"Amazon Brand - find. Men's Jute Sole Soft Leather Loafer, Taupe, US 11",B07J2C82MB.jpg,"a photo of a Amazon Brand - find. Men's Jute Sole Soft Leather Loafer, Taupe, US 11",1,3,2956_img|2040_img|1677_img|5463_img|443_img|675_img|2620_img|3394_img|5584_img|4504_img|2721_img|5281_img|698_img|3354_img|5457_img|5408_img|4218_img|4038_img|2754_img|5252_img
5464,RUG,Rivet,wool,"Rivet Handcrafted Wool-and-Cotton Rug with Undulating Stripes, 8' x 10', Cream and Taupe",B07QB8JQ5H.jpg,"a photo of a Rivet Handcrafted Wool-and-Cotton Rug with Undulating Stripes, 8' x 10', Cream and Taupe",1,0,5464_img|4311_img|5096_img|317_img|5256_img|1761_img|2619_img|1691_img|261_img|38_img|698_img|2690_img|5164_img|3251_img|539_img|2318_img|873_img|2211_img|2451_img|1919_img
5470,KITCHEN,Amazon Brand - Solimo,Stainless Steel,"Amazon Brand - Solimo 6 Piece Stainless Steel Table Spoon Set, Stripes, Silver",B06Y13D6D9.jpg,"a photo of a Amazon Brand - Solimo 6 Piece Stainless Steel Table Spoon Set, Stripes, Silver",1,2,4203_img|2551_img|5470_img|2028_img|1766_img|5235_img|5285_img|247_img|2826_img|312_img|4436_img|2081_img|4172_img|729_img|2347_img|4369_img|54_img|1874_img|1019_img|5053_img
5472,CELLULAR_PHONE_CASE,Amazon Brand - Solimo,Silicone,Amazon Brand - Solimo Designer Meow UV Printed Soft Back Case Mobile Cover for Mi Redmi Note 4,B0856B6WFT.jpg,a photo of a Amazon Brand - Solimo Designer Meow UV Printed Soft Back Case Mobile Cover for Mi Redmi Note 4,1,1,2509_img|5472_img|4951_img|1508_img|1399_img|734_img|2441_img|754_img|390_img|1628_img|3236_img|1101_img|2029_img|203_img|5561_img|546_img|1010_img|1468_img|4668_img|5230_img
5475,SHOES,Bourge,Mesh,Bourge Men's Loire-154 D.Grey and Red Footwear-8 UK (42 EU) (9 US) (Loire-154-08),B07Z896V7Z.jpg,a photo of a Bourge Men's Loire-154 D.Grey and Red Footwear-8 UK (42 EU) (9 US) (Loire-154-08),1,1,737_img|5475_img|1583_img|2846_img|3394_img|440_img|4565_img|2040_img|3990_img|675_img|199_img|2754_img|1631_img|5354_img|4389_img|1696_img|1625_img|873_img|2211_img|2721_img
5480,TABLE,AmazonBasics,Medium-density Fibreboard,AmazonBasics Classic 2-Drawer Wood Nightstand End Table - White Oak,B07PX3D82S.jpg,a photo of a AmazonBasics Classic 2-Drawer Wood Nightstand End Table - White Oak,1,0,5480_img|1430_img|5545_img|300_img|5424_img|230_img|1936_img|298_img|5451_img|1437_img|1277_img|4081_img|2655_img|4206_img|3288_img|2808_img|1605_img|3937_img|1047_img|3094_img
5483,HOME_FURNITURE_AND_DECOR,Stone & Beam,Solid Hardwood/Fabric,"Amazon Brand - Stone & Beam Hoffman Down-Filled Performance Fabric Loveseat Sofa, 79""W, Grey Tweed",B072JG3WSN.jpg,"a photo of a Amazon Brand - Stone & Beam Hoffman Down-Filled Performance Fabric Loveseat Sofa, 79""W, Grey Tweed",1,1,5495_img|5483_img|4768_img|618_img|2333_img|494_img|2733_img|2530_img|4830_img|5383_img|4432_img|2526_img|3977_img|1406_img|2103_img|1563_img|4866_img|4067_img|294_img|2416_img
5494,FINENECKLACEBRACELETANKLET,Amazon Collection,metal,"Amazon CollectionPlata de ley Collar con Colgante""ir en la direcciA3n de tus SueAos"" con brAojula, 45,7A cm",B00R7NEDHE.jpg,"a photo of a Amazon CollectionPlata de ley Collar con Colgante""ir en la direcciA3n de tus SueAos"" con brAojula, 45,7A cm",0,-1,4728_img|4101_img|985_img|5562_img|4470_img|1999_img|463_img|2454_img|5354_img|1685_img|2634_img|4050_img|4268_img|4282_img|5434_img|2043_img|1944_img|133_img|502_img|5499_img
5495,HOME_FURNITURE_AND_DECOR,Stone & Beam,Hardwood/Laminate Wood With 100% Cotton,"Amazon Brand - Stone & Beam Carrigan Modern Loveseat Sofa Couch with Slipcover, 68""W, Grey Taupe",B073G9JY6Y.jpg,"a photo of a Amazon Brand - Stone & Beam Carrigan Modern Loveseat Sofa Couch with Slipcover, 68""W, Grey Taupe",1,0,5495_img|514_img|5483_img|4830_img|3968_img|618_img|4166_img|2530_img|2333_img|5252_img|494_img|4432_img|2296_img|5383_img|4765_img|2796_img|5555_img|4768_img|5505_img|4916_img
5498,FINERING,Amazon Collection,metal,"Platinum-plated Sterling Silver Princess-Cut Solitaire Ring made with Swarovski Zirconia (1 cttw), Size 9",B012SZZF9K.jpg,"a photo of a Platinum-plated Sterling Silver Princess-Cut Solitaire Ring made with Swarovski Zirconia (1 cttw), Size 9",1,4,5206_img|5450_img|3919_img|631_img|5498_img|5394_img|1253_img|1746_img|3095_img|5573_img|248_img|4945_img|5131_img|787_img|2711_img|2006_img|1292_img|5292_img|4243_img|2973_img
5499,FINENECKLACEBRACELETANKLET,Amazon Collection,Metal,"Sterling Silver Swarovski Elements Crystal Dolphin Pendant Necklace, 18""",B0079AZSL0.jpg,"a photo of a Sterling Silver Swarovski Elements Crystal Dolphin Pendant Necklace, 18""",1,0,5499_img|5078_img|1459_img|2454_img|2043_img|3994_img|985_img|4050_img|4268_img|4572_img|35_img|264_img|2572_img|5434_img|588_img|2741_img|4488_img|5303_img|4101_img|1946_img
5503,WALL_ART,Rivet,canvas,"Amazon Brand - Rivet Ripple Teal Succulent Canvas Print Wall Art Decor, 12"" x 12""",B073P1CK5F.jpg,"a photo of a Amazon Brand - Rivet Ripple Teal Succulent Canvas Print Wall Art Decor, 12"" x 12""",1,0,5503_img|5382_img|4983_img|188_img|1903_img|1263_img|5419_img|4069_img|58_img|2769_img|2472_img|4884_img|5413_img|5425_img|3232_img|3696_img|5330_img|578_img|2484_img|1781_img
5505,SOFA,Rivet,Linen,"Amazon Brand - Rivet Edgewest Low Back Modern Right Chaise Sofa Sectional, 115""W, Grey Linen",B07B4FZXK2.jpg,"a photo of a Amazon Brand - Rivet Edgewest Low Back Modern Right Chaise Sofa Sectional, 115""W, Grey Linen",1,1,3504_img|5505_img|1874_img|1397_img|2347_img|572_img|4955_img|147_img|789_img|2034_img|2551_img|2826_img|50_img|5096_img|163_img|1828_img|4275_img|1585_img|5470_img|2296_img
5510,RUG,Stone & Beam,stone,"Amazon Brand - Stone & Beam Casual Handwoven Area Rug 8' x 10', Ivory",B07QB8J5ML.jpg,"a photo of a Amazon Brand - Stone & Beam Casual Handwoven Area Rug 8' x 10', Ivory",0,-1,751_img|1004_img|4609_img|3830_img|1529_img|5322_img|761_img|4319_img|5256_img|2984_img|1761_img|514_img|2737_img|5357_img|2690_img|4166_img|4432_img|5226_img|5555_img|5570_img
5519,FINEEARRING,Amazon Collection,Not applicable,Sterling Silver Genuine Citrine 5mm and 3mm Three Stone November Birthstone Leverback Dangle Earrings,B073S7RQWP.jpg,a photo of a Sterling Silver Genuine Citrine 5mm and 3mm Three Stone November Birthstone Leverback Dangle Earrings,1,0,5519_img|2742_img|800_img|5041_img|302_img|1158_img|4573_img|616_img|4346_img|3059_img|2377_img|1543_img|2463_img|638_img|1934_img|4382_img|560_img|4373_img|4169_img|1453_img
5521,FINENECKLACEBRACELETANKLET,Amazon Essentials,Metal,"Amazon Essentials Platinum Plated Sterling Silver Round Cut Cubic Zirconia Tennis Bracelet (6mm), 7""",B009OYO5PY.jpg,"a photo of a Amazon Essentials Platinum Plated Sterling Silver Round Cut Cubic Zirconia Tennis Bracelet (6mm), 7""",1,2,1400_img|259_img|5521_img|1073_img|2142_img|4710_img|5059_img|4536_img|1848_img|4101_img|2711_img|2325_img|4364_img|1868_img|4642_img|2589_img|787_img|2934_img|463_img|853_img
5532,HOME,Amazon Brand - Solimo,Fabric,"Amazon Brand - Solimo Fabric Storage Box with Lid Set, 6 Piece, Medical Blue and Royal Blue",B081FHW8VM.jpg,"a photo of a Amazon Brand - Solimo Fabric Storage Box with Lid Set, 6 Piece, Medical Blue and Royal Blue",1,0,5532_img|5253_img|3723_img|5014_img|4040_img|1694_img|3660_img|4339_img|2021_img|2462_img|3979_img|3856_img|27_img|2183_img|4100_img|2605_img|3949_img|5071_img|898_img|5399_img
5538,CHAIR,Rivet,Brass,"Amazon Brand - Rivet Charlotte Mid-Century Modern Upholstered Gold Accent Chair, 29""W, Natural",B0746KJVP2.jpg,"a photo of a Amazon Brand - Rivet Charlotte Mid-Century Modern Upholstered Gold Accent Chair, 29""W, Natural",1,3,4253_img|5366_img|1486_img|5538_img|1792_img|5252_img|1732_img|593_img|404_img|3244_img|140_img|545_img|962_img|4302_img|5332_img|688_img|2296_img|1677_img|1204_img|246_img
5540,FINERING,Amazon Collection,Not applicableNot applicableNot applicableNot applicable,"Steeltime 18k Rose Gold Plated Hail Mary Prayer Ring, Size 10",B074MB47WW.jpg,"a photo of a Steeltime 18k Rose Gold Plated Hail Mary Prayer Ring, Size 10",1,1,2527_img|5540_img|728_img|576_img|4857_img|5007_img|1495_img|635_img|4842_img|3839_img|293_img|4191_img|680_img|3731_img|2136_img|4670_img|2681_img|5195_img|1667_img|3127_img
5545,TABLE,AmazonBasics,Medium-density Fibreboard,AmazonBasics Classic 2-Drawer Wood Nightstand End Table - Walnut,B07Q2MFD1V.jpg,a photo of a AmazonBasics Classic 2-Drawer Wood Nightstand End Table - Walnut,1,0,5545_img|1936_img|1074_img|5424_img|1277_img|3937_img|251_img|2812_img|3194_img|5451_img|3288_img|230_img|4100_img|4081_img|3175_img|2281_img|2790_img|1030_img|5480_img|739_img
5555,HOME_FURNITURE_AND_DECOR,Stone & Beam,stone,"Amazon Brand - Stone & Beam Marin Studded Chair, 33""W, Latte",B075X4PRXC.jpg,"a photo of a Amazon Brand - Stone & Beam Marin Studded Chair, 33""W, Latte",1,1,1677_img|5555_img|4206_img|3354_img|1964_img|5252_img|2737_img|2103_img|4916_img|5390_img|3437_img|256_img|190_img|5356_img|4980_img|5052_img|2333_img|1563_img|1511_img|2890_img
5560,KITCHEN,Amazon Brand - Solimo,Plastic,"Amazon Brand - Solimo Regal Insulated Casseroles Set with Roti Basket, 3-Piece, White",B01E5FI83G.jpg,"a photo of a Amazon Brand - Solimo Regal Insulated Casseroles Set with Roti Basket, 3-Piece, White",1,0,5560_img|5285_img|4436_img|312_img|4040_img|2167_img|5480_img|1694_img|5532_img|4780_img|5147_img|5014_img|247_img|3723_img|1430_img|300_img|1644_img|54_img|5437_img|1047_img
5561,CELLULAR_PHONE_CASE,Amazon Brand - Solimo,Plastic,Amazon Brand - Solimo Designer Girl Design 3D Printed Hard Back Case Mobile Cover for Vivo Y83 Pro,B07XZGQFVV.jpg,a photo of a Amazon Brand - Solimo Designer Girl Design 3D Printed Hard Back Case Mobile Cover for Vivo Y83 Pro,1,2,1590_img|2659_img|5561_img|390_img|94_img|5446_img|910_img|1844_img|4013_img|4668_img|1116_img|4634_img|1010_img|2564_img|734_img|2010_img|274_img|3964_img|1512_img|4584_img
5562,FINENECKLACEBRACELETANKLET,Amazon Collection,metal,"Amazon Collection14k White Gold Bezel Set Solitaire Adjustable Pendant Necklace (1/3cttw, K-L Color, I2-I3 Clarity), 16"" + 2"" Extender",B01GUYFELO.jpg,"a photo of a Amazon Collection14k White Gold Bezel Set Solitaire Adjustable Pendant Necklace (1/3cttw, K-L Color, I2-I3 Clarity), 16"" + 2"" Extender",1,0,5562_img|4470_img|2634_img|4282_img|5494_img|3249_img|2741_img|1603_img|1685_img|4101_img|1944_img|4728_img|133_img|1999_img|2529_img|5434_img|985_img|2043_img|1532_img|264_img
5570,HOME_BED_AND_BATH,Rivet,Faux Fur,"Amazon Brand - Rivet Modern Faux Fur Decorative Throw Pillow, Soft and Luxurious, 20"" x 20"", Ivory",B07BMT4DYN.jpg,"a photo of a Amazon Brand - Rivet Modern Faux Fur Decorative Throw Pillow, Soft and Luxurious, 20"" x 20"", Ivory",1,0,5570_img|1568_img|5538_img|5411_img|1047_img|1487_img|2152_img|5252_img|5366_img|2143_img|2797_img|2296_img|1386_img|3037_img|1765_img|1792_img|5390_img|688_img|2484_img|4420_img
5573,FINERING,Amazon Collection,Non applicabile,"Anello in argento Sterling placcato platino""Elizabeth"" con zirconi Swarovski,Trasparente,US 8 (EU M)",B06XQ6FBJK.jpg,"a photo of a Anello in argento Sterling placcato platino""Elizabeth"" con zirconi Swarovski,Trasparente,US 8 (EU M)",0,-1,4486_img|3180_img|5336_img|949_img|2054_img|4670_img|4819_img|3598_img|1781_img|242_img|2368_img|4395_img|1667_img|2136_img|772_img|997_img|590_img|1699_img|4866_img|1098_img
5584,SHOES,Amazon Brand - Symbol,Synthetic,Amazon Brand - Symbol Men's Tan Sandals-8 (AZ-KY-314B),B079PZMFBR.jpg,a photo of a Amazon Brand - Symbol Men's Tan Sandals-8 (AZ-KY-314B),1,3,5349_img|5281_img|5065_img|5584_img|595_img|1042_img|2040_img|4124_img|3734_img|2961_img|2713_img|5457_img|2565_img|2272_img|2816_img|4218_img|1625_img|2790_img|2591_img|4956_img
